     Time_Now Bytes Received 
      2.09319          1448
       2.1008          1448
      2.10842          1448
      2.11603          1448
      2.12364          1448
      2.13125          1448
      2.13887          1448
      2.14648          1448
      2.15409          1448
       2.1617          1448
      2.16932          1448
      2.17693          1448
      2.18454          1448
      2.19215          1448
      2.19977          1448
      2.38246         21720
      2.43575         10136
      2.46619         11584
       2.5526         15480
       2.5997          1448
      2.60351          1448
      2.61112          1448
      2.61873          1448
      2.62635          1448
      2.65679          1448
       2.6606          1448
      2.67202          1448
      2.67583          1448
      2.71008          1448
      2.71389          1448
       2.7215          1448
      2.72911          1448
      2.73672          1448
      2.76337          1448
      2.76717          1448
      2.77479          1448
       2.7824          1448
      2.79001          1448
      2.79762          1448
      2.82046          1448
      2.82427          1448
      2.83188          1448
      2.83949          1448
       2.8471          1448
      2.85471          1448
      2.86233          1448
      2.87755          1448
      2.88136          1448
      2.89278          1448
      2.89658          1448
        2.908          1448
      2.91181          1448
      2.93084          1448
      2.93464          1448
      2.94225          1448
      2.94606          1448
      2.95748          1448
      2.96129          1448
      2.96509          1448
      2.98412          1448
      2.98793          1448
      2.99554          1448
      2.99935          1448
      3.01077          1448
      3.01493          1448
      3.01911          1448
      3.03161          1448
      3.03995          1448
      3.04829          1448
      3.05663          1448
      3.06497          1448
      3.07331          1448
      3.08164          1448
      3.08921          1168
      3.13665          1448
      3.14082          1448
      3.14916          1448
       3.1575          1448
      3.16583          1448
      3.17417          1448
      3.18251          1448
      3.19085          1448
      3.19919          1448
      3.20753          1448
      3.21587          1448
      3.22416          1448
      3.22833          1448
       3.2325          1448
      3.23667          1448
      3.24084          1448
      3.24501          1448
      3.25496          1448
      3.25913          1448
       3.2758          1448
      3.28414          1448
      3.29248          1448
      3.30081          1448
      3.30915          1448
      3.31749          1448
      3.32583          1448
      3.33417          1448
      3.34251          1448
      3.35085          1448
      3.35919          1448
      3.36752          1448
      3.37586          1448
      3.46759         10136
      3.49837          8688
       3.5067          1448
      3.51921          1448
      3.52338          1448
      3.53747          1448
      3.54998          1448
      3.55415          1448
      3.56666          1448
      3.57083          1448
      3.58491          1448
      3.58908          1448
      3.60034          1000
      3.64902          1448
      3.65319          1448
       3.6657          1448
      3.66987          1448
      3.67404          1448
      3.67821          1448
      3.70063          1448
      3.70479          1448
       3.7173          1448
      3.72147          1448
      3.72564          1448
      3.72981          1448
      3.75223          1448
       3.7564          1448
      3.76474          1448
      3.77308          1448
      3.77725          1448
      3.78142          1448
      3.78559          1448
      3.80643          1448
       3.8106          1448
      3.82468          1448
      3.82885          1448
      3.83302          1448
      3.83719          1448
      3.85804          1448
      3.86221          1448
      3.87629          1448
      3.88046          1448
      3.88463          1448
       3.8888          1448
      3.90964          1448
      3.91381          1448
      3.92789          1448
      3.93206          1448
      3.93623          1448
       3.9404          1448
      3.96125          1448
      3.96542          1448
       3.9795          1448
      3.98367          1448
      3.98784          1448
        3.992          1448
      4.01235          1448
      4.01602          1448
       4.0296          1448
      4.03327          1448
      4.03694          1448
      4.04061          1448
      4.06296          1448
      4.06663          1448
      4.08021          1448
      4.08754          1448
      4.09121          1448
       4.0942          1168
      4.14114          1448
      4.14481          1448
      4.14848          1448
      4.15949          1448
      4.16682          1448
      4.17416          1448
       4.1815          1448
      4.18884          1448
      4.19251          1448
      4.19618          1448
      4.20718          1448
      4.21085          1448
      4.22186          1448
      4.22553          1448
      4.23653          1448
       4.2402          1448
      4.24387          1448
      4.24754          1448
      4.25855          1448
      4.26222          1448
      4.27323          1448
      4.27689          1448
       4.2879          1448
      4.29157          1448
      4.29524          1448
      4.29891          1448
      4.30992          1448
      4.31358          1448
      4.32459          1448
      4.32826          1448
      4.33927          1448
      4.34294          1448
      4.34661          1448
      4.35027          1448
      4.36128          1448
      4.36495          1448
      4.37596          1448
      4.37963          1448
      4.39063          1448
       4.3943          1448
      4.39797          1448
      4.40164          1448
      4.41265          1448
      4.41632          1448
      4.42732          1448
      4.43099          1448
        4.442          1448
      4.44567          1448
      4.44934          1448
      4.45301          1448
      4.46401          1448
      4.46768          1448
      4.47869          1448
      4.48236          1448
      4.49336          1448
      4.49594          1000
      4.54291          1448
      4.54657          1448
      4.55024          1448
      4.55391          1448
      4.56492          1448
      4.56859          1448
       4.5796          1448
      4.58326          1448
      4.59427          1448
      4.59794          1448
      4.60161          1448
      4.60528          1448
      4.61629          1448
      4.61995          1448
      4.63096          1448
      4.63463          1448
      4.64564          1448
      4.64931          1448
      4.65297          1448
      4.65664          1448
      4.66765          1448
      4.67132          1448
      4.68233          1448
        4.686          1448
        4.697          1448
      4.70067          1448
      4.70434          1448
      4.70801          1448
      4.71902          1448
      4.72269          1448
      4.73369          1448
      4.73736          1448
      4.74837          1448
      4.75204          1448
      4.75571          1448
      4.75938          1448
      4.77038          1448
      4.77405          1448
      4.78506          1448
      4.78873          1448
      4.79974          1448
       4.8034          1448
      4.80707          1448
      4.81074          1448
      4.82175          1448
      4.82542          1448
      4.83643          1448
      4.84009          1448
       4.8511          1448
      4.85477          1448
      4.85844          1448
      4.86211          1448
      4.87312          1448
      4.87678          1448
      4.88779          1448
      4.89146          1448
      4.90247          1448
      4.90614          1448
      4.90981          1448
      4.91348          1448
      4.92448          1448
      4.92815          1448
      4.93916          1448
      4.94283          1448
      4.95383          1448
       4.9575          1448
      4.96117          1448
      4.96484          1448
      4.97585          1448
      4.97952          1448
      4.99052          1448
      4.99419          1448
       5.0052          1448
      5.00887          1448
      5.01114          1448
      5.01342          1448
      5.02506          1448
      5.02734          1448
      5.03974          1448
      5.04201          1448
      5.05441          1448
      5.05669          1448
      5.05896          1448
      5.06124          1448
      5.07288          1448
      5.07515          1448
      5.08755          1448
      5.08983          1448
      5.10223          1448
      5.10451          1448
      5.10678          1448
      5.10906          1448
       5.1207          1448
      5.12297          1448
      5.13537          1448
      5.13765          1448
      5.15005          1448
      5.15233          1448
       5.1546          1448
      5.15688          1448
      5.16852          1448
      5.17079          1448
      5.18319          1448
      5.18547          1448
      5.19787          1448
      5.20014          1448
      5.20242          1448
       5.2047          1448
      5.21633          1448
      5.21861          1448
      5.23101          1448
      5.23329          1448
      5.24569          1448
      5.24686           718
      5.29243          1448
      5.29471          1448
      5.29698          1448
      5.29926          1448
      5.30609          1448
      5.30836          1448
      5.31064          1448
      5.31292          1448
      5.34025          1448
      5.34252          1448
       5.3448          1448
      5.34708          1448
      5.35391          1448
      5.35618          1448
      5.35846          1448
      5.36073          1448
      5.38807          1448
      5.39034          1448
      5.39262          1448
      5.39489          1448
      5.40172          1448
        5.404          1448
      5.40628          1448
      5.40855          1448
      5.43589          1448
      5.43816          1448
      5.44044          1448
      5.44271          1448
      5.44954          1448
      5.45182          1448
      5.45409          1448
      5.45637          1448
       5.4837          1448
      5.48598          1448
      5.48826          1448
      5.49053          1448
      5.49736          1448
      5.49964          1448
      5.50191          1448
      5.50419          1448
      5.53152          1448
       5.5338          1448
      5.53608          1448
      5.53835          1448
      5.54518          1448
      5.54746          1448
      5.54973          1448
      5.55201          1448
      5.57934          1448
      5.58162          1448
      5.58389          1448
      5.58617          1448
        5.593          1448
      5.59527          1448
      5.59755          1448
      5.59983          1448
      5.62716          1448
      5.62944          1448
      5.63171          1448
      5.63399          1448
      5.64082          1448
      5.64309          1448
      5.64537          1448
      5.64765          1448
      5.67498          1448
      5.67726          1448
      5.67953          1448
      5.68181          1448
      5.68864          1448
      5.69091          1448
      5.69319          1448
      5.69547          1448
       5.7228          1448
      5.72507          1448
      5.72735          1448
      5.72963          1448
      5.73646          1448
      5.73873          1448
      5.74101          1448
      5.74328          1448
      5.77062          1448
      5.77289          1448
      5.77517          1448
      5.77745          1448
      5.78427          1448
      5.78655          1448
      5.78883          1448
       5.7911          1448
      5.81844          1448
      5.82071          1448
      5.82299          1448
      5.82526          1448
      5.83209          1448
      5.83437          1448
      5.83664          1448
      5.83892          1448
      5.86625          1448
      5.86853          1448
      5.87081          1448
      5.87308          1448
      5.87991          1448
      5.88219          1448
      5.88446          1448
      5.88674          1448
      5.91407          1448
      5.91635          1448
      5.91863          1448
       5.9209          1448
      5.92773          1448
      5.93001          1448
      5.93228          1448
      5.93362           831
       5.9792          1448
      5.98147          1448
      5.98602          1448
      5.99058          1448
      5.99513          1448
      5.99968          1448
      6.00424          1448
      6.00879          1448
      6.02654          1448
      6.02834          1448
      6.03564          1448
      6.03744          1448
      6.04475          1448
      6.04655          1448
      6.05385          1448
      6.05565          1448
       6.0734          1448
       6.0752          1448
      6.08251          1448
      6.08431          1448
      6.09161          1448
      6.09341          1448
      6.10072          1448
      6.10252          1448
      6.12027          1448
      6.12207          1448
      6.12937          1448
      6.13117          1448
      6.13848          1448
      6.14028          1448
      6.14758          1448
      6.14938          1448
      6.16713          1448
      6.16893          1448
      6.17624          1448
      6.17804          1448
      6.18534          1448
      6.18714          1448
      6.19445          1448
      6.19625          1448
        6.214          1448
      6.21579          1448
       6.2231          1448
       6.2249          1448
      6.23221          1448
        6.234          1448
      6.24131          1448
      6.24311          1448
      6.26086          1448
      6.26266          1448
      6.26997          1448
      6.27177          1448
      6.27907          1448
      6.28087          1448
      6.28817          1448
      6.28997          1448
      6.30772          1448
      6.30952          1448
      6.31683          1448
      6.31863          1448
      6.32594          1448
      6.32773          1448
      6.33504          1448
      6.33684          1448
      6.35459          1448
      6.35639          1448
      6.36369          1448
      6.36549          1448
       6.3728          1448
       6.3746          1448
       6.3819          1448
       6.3837          1448
      6.40146          1448
      6.40325          1448
      6.41056          1448
      6.41236          1448
      6.41966          1448
      6.42146          1448
      6.42877          1448
      6.43057          1448
      6.44832          1448
      6.45012          1448
      6.45742          1448
      6.45922          1448
      6.46653          1448
      6.46833          1448
      6.47563          1448
      6.47743          1448
      6.49518          1448
      6.49698          1448
      6.50429          1448
      6.50609          1448
      6.51339          1448
      6.51519          1448
       6.5225          1448
       6.5243          1448
      6.54205          1448
      6.54385          1448
      6.55115          1448
      6.55295          1448
      6.56026          1448
      6.56206          1448
      6.56936          1448
      6.57116          1448
      6.58891          1448
      6.59071          1448
      6.59802          1448
      6.59982          1448
      6.60712          1448
      6.60892          1448
      6.61623          1448
      6.61803          1448
      6.63578          1448
      6.63758          1448
      6.64488          1448
      6.64668          1448
      6.65399          1448
      6.65579          1448
      6.66309          1448
      6.66489          1448
      6.68264          1448
      6.68444          1448
      6.69175          1448
      6.69355          1448
      6.70085          1448
      6.70265          1448
      6.70996          1448
      6.71176          1448
      6.72951          1448
       6.7313          1448
      6.73861          1448
      6.74041          1448
      6.74772          1448
      6.74951          1448
      6.75682          1448
      6.75862          1448
      6.77637          1448
      6.77817          1448
      6.78548          1448
      6.78728          1448
      6.79458          1448
      6.79638          1448
      6.80368          1448
      6.80548          1448
      6.82324          1448
      6.82503          1448
      6.82863          1448
        6.831           424
      11.3767          1448
      11.3792          1448
      11.3816          1448
      11.3841          1448
      11.3865          1448
       11.389          1448
      11.3915          1448
      11.3939          1448
      11.3964          1448
      11.4258          1448
      11.4283          1448
      11.4307          1448
      11.4332          1448
      11.4356          1448
      11.4381          1448
      11.4405          1448
       11.443          1448
      11.4455          1448
      11.4528          1448
      11.4577          1448
      11.4626          1448
      11.4749          1448
      11.4774          1448
      11.4823          1448
      11.4872          1448
      11.4921          1448
       11.497          1448
      11.5019          1448
      11.5068          1448
      11.5117          1448
      11.5166          1448
      11.5215          1448
      11.5264          1448
      11.5313          1448
      11.5363          1448
      11.5412          1448
      11.5461          1448
       11.551          1448
      11.5559          1448
      11.5608          1448
      11.5657          1448
      11.5706          1448
      11.5755          1448
      11.5804          1448
      11.6435         16928
      11.6893          1448
      11.6917          1448
      11.6942          1448
      11.6991          1448
      11.7015          1448
      11.7374          1448
      11.7399          1448
      11.7423          1448
      11.7448          1448
      11.7473          1448
      11.7832          1448
      11.7856          1448
      11.7881          1448
      11.7905          1448
       11.793          1448
      11.7954          1448
      11.7979          1448
      11.8313          1448
      11.8338          1448
      11.8362          1448
      11.8387          1448
      11.8412          1448
      11.8436          1448
      11.8461          1448
      11.8771          1448
      11.8795          1448
       11.882          1448
      11.8844          1448
      11.8869          1448
      11.8893          1448
      11.8918          1448
      11.8942          1448
      11.8967          1448
      11.9252          1448
      11.9277          1448
      11.9301          1448
      11.9326          1448
       11.935          1448
      11.9375          1448
        11.94          1448
      11.9424          1448
      11.9449          1448
       11.971          1448
      11.9734          1448
      11.9759          1448
      11.9783          1448
      11.9808          1448
      11.9832          1448
      11.9857          1448
      11.9881          1448
      11.9906          1448
       11.993          1448
      12.0004          1448
      12.0193          1448
      12.0219          1448
      12.0246          1448
      12.0272          1448
      12.0298          1448
      12.0325          1448
      12.0351          1448
      12.0377          1448
      12.0404          1448
       12.043          1448
      12.0509          1448
      12.0694          1448
       12.072          1448
      12.0773          1448
      12.0799          1448
      12.0825          1448
      12.0852          1448
      12.0878          1448
      12.0904          1448
      12.0931          1448
       12.101          1448
      12.1062          1448
      12.1115          1448
      12.1168          1448
       12.122          1448
      12.1273          1448
      12.1326          1448
      12.1378          1448
      12.1431          1448
      12.1457          1448
      12.1536          1448
      12.1563          1448
      12.1642          1448
      12.1668          1448
      12.1747          1448
      12.1773          1448
      12.1852          1448
      12.1879          1448
      12.1958          1448
      12.1984          1448
      12.2063          1448
      12.2089          1448
      12.2169          1448
      12.2195          1448
      12.2274          1448
        12.23          1448
      12.3222         24616
      12.3275          1448
      12.3327          1448
      12.3406          1448
      12.3433          1448
      12.3512          1448
      12.3538          1448
      12.3617          1448
       12.367          1448
      12.3723          1448
      12.3749          1448
      12.3828          1448
      12.3854          1448
      12.3933          1448
       12.396          1448
      12.4039          1448
      12.4065          1448
       12.417          1448
      12.4197          1448
      12.4249          1448
      12.4302          1448
      12.4355          1448
      12.4407          1448
       12.446          1448
      12.4513          1448
      12.4565          1448
      12.4618          1448
      12.4697          1448
      12.4723          1448
      12.4802          1448
      12.4829          1448
      12.4908          1448
      12.4916           424
      12.5375          1448
      12.5402          1448
      12.5454          1448
      12.5507          1448
       12.556          1448
      12.5613          1448
      12.5665          1448
      12.5718          1448
      12.5771          1448
      12.5823          1448
      12.5902          1448
      12.5929          1448
      12.5981          1448
      12.6034          1448
      12.6087          1448
      12.6139          1448
      12.6192          1448
      12.6245          1448
      12.6297          1448
       12.635          1448
      12.6403          1448
      12.6455          1448
      12.6508          1448
      12.6561          1448
      12.6613          1448
      12.6666          1448
      12.6719          1448
      12.6771          1448
      12.6824          1448
      12.6877          1448
      12.6929          1448
      12.6982          1448
      12.7035          1448
      12.7088          1448
       12.714          1448
      12.7193          1448
      12.7246          1448
      12.7298          1448
      12.7351          1448
      12.7404          1448
      12.7456          1448
      12.7509          1448
      12.7562          1448
      12.7614          1448
      12.7667          1448
       12.772          1448
      12.7772          1448
      12.7825          1448
      12.7878          1448
       12.793          1448
      12.7983          1448
      12.8036          1448
      12.8088          1448
      12.8141          1448
      12.8194          1448
      12.8246          1448
      12.8299          1448
      12.8352          1448
      12.8378          1448
      12.8431          1448
      12.8457          1448
      12.8495          1448
      12.8521          1448
        12.86          1448
      12.8627          1448
      12.8706          1448
      12.8732          1448
      12.8837          1448
      12.8864          1448
       12.889          1448
      12.8916          1448
      12.8954          1448
       12.898          1448
      12.9059          1448
      12.9086          1448
      12.9165          1448
      12.9191          1448
      12.9323          1448
      12.9349          1448
      12.9375          1448
      12.9402          1448
      12.9428          1448
      12.9454          1448
      12.9481          1448
       12.956          1448
      12.9586          1448
      12.9665          1448
      12.9691          1448
      12.9823          1448
      12.9849          1448
      12.9876          1448
      12.9902          1448
      12.9928          1448
      12.9955          1448
      12.9981          1448
      13.0007          1448
      13.0086          1448
       13.011          1448
      13.0181          1448
      13.0229          1448
      13.0348          1448
      13.0372          1448
      13.0395          1448
      13.0419          1448
      13.0443          1448
      13.0467          1448
       13.049          1448
      13.0514          1448
      13.0585          1448
      13.0609          1448
      13.0685          1448
      13.0709          1448
      13.0828          1448
      13.0852          1448
      13.0875          1448
      13.0899          1448
      13.0923          1448
      13.0947          1448
       13.097          1448
      13.0994          1448
      13.1066          1448
      13.1089          1448
      13.1166          1448
      13.1189          1448
      13.1308          1448
      13.1332          1448
      13.1356          1448
      13.1379          1448
      13.1403          1448
      13.1427          1448
      13.1451          1448
      13.1474          1448
      13.1546          1448
      13.1569          1448
      13.1646          1448
       13.167          1448
      13.1788          1448
      13.1812          1448
      13.1836          1448
       13.186          1448
      13.1883          1448
      13.1907          1448
      13.1931          1448
      13.1955          1448
      13.2026          1448
       13.205          1448
      13.2145          1448
      13.2168          1448
      13.2287          1448
      13.2303           968
      13.2767          1448
      13.2791          1448
      13.2815          1448
      13.2839          1448
      13.2862          1448
      13.2886          1448
       13.291          1448
      13.2934          1448
      13.3005          1448
      13.3029          1448
        13.31          1448
      13.3147          1448
       13.329          1448
      13.3314          1448
      13.3338          1448
      13.3361          1448
      13.3385          1448
      13.3409          1448
      13.3433          1448
      13.3456          1448
      13.3528          1448
      13.3551          1448
      13.3623          1448
      13.3646          1448
      13.3813          1448
      13.3836          1448
       13.386          1448
      13.3884          1448
      13.3908          1448
      13.3931          1448
      13.3955          1448
      13.3979          1448
       13.405          1448
      13.4074          1448
      13.4145          1448
      13.4169          1448
      13.4305          1448
      13.4329          1448
      13.4352          1448
      13.4376          1448
        13.44          1448
      13.4424          1448
      13.4447          1448
      13.4471          1448
       13.453          1448
      13.4554          1448
      13.4625          1448
      13.4649          1448
      13.4809          1448
      13.4833          1448
       13.488          1448
      13.4928          1448
      13.4975          1448
      13.5023          1448
       13.507          1448
      13.5118          1448
      13.5165          1448
      13.5213          1448
      13.5237          1448
      13.5308          1448
      13.5332          1448
      13.5403          1448
      13.5427          1448
      13.5498          1448
      13.5522          1448
      13.5593          1448
      13.5617          1448
      13.5688          1448
      13.5712          1448
      13.5735          1448
      13.5807          1448
      13.5831          1448
      13.5902          1448
      13.5926          1448
      13.5997          1448
      13.6021          1448
      13.6092          1448
      13.6116          1448
      13.6187          1448
      13.6211          1448
      13.6234          1448
      13.6306          1448
      13.6329          1448
      13.6401          1448
      13.6424          1448
      13.6496          1448
      13.6519          1448
      13.6591          1448
      13.6614          1448
      13.6686          1448
      13.6709          1448
      13.6733          1448
      13.6805          1448
      13.6828          1448
        13.69          1448
      13.6923          1448
      13.6995          1448
      13.7018          1448
       13.709          1448
      13.7113          1448
      13.7185          1448
      13.7208          1448
      13.7232          1448
      13.7303          1448
      13.7327          1448
      13.7398          1448
      13.7422          1448
      13.7493          1448
      13.7517          1448
      13.7588          1448
      13.7612          1448
      13.7683          1448
      13.7707          1448
      13.7731          1448
      13.7802          1448
      13.7826          1448
      13.7897          1448
      13.7921          1448
      13.7992          1448
      13.8016          1448
      13.8087          1448
      13.8135          1448
      13.8182          1448
       13.823          1448
      13.8277          1448
      13.8325          1448
      13.8372          1448
       13.842          1448
      13.8467          1448
      13.8515          1448
      13.8562          1448
       13.861          1448
      13.8658          1448
      13.8705          1448
      13.8753          1448
        13.88          1448
      13.8848          1448
      13.8895          1448
      13.8943          1448
       13.899          1448
      13.9038          1448
      13.9085          1448
      13.9133          1448
       13.918          1448
      13.9228          1448
      13.9275          1448
      13.9323          1448
       13.937          1448
      13.9418          1448
      13.9465          1448
      13.9513          1448
       13.956          1448
      13.9608          1448
      13.9655          1448
      13.9703          1448
       13.975          1448
      13.9798          1448
      13.9845          1448
      13.9893          1448
       13.994          1448
      13.9988          1448
      14.0035          1448
      14.0083          1448
      14.0131          1448
      14.0179          1448
      14.0227          1448
      14.0275          1448
      14.0324          1448
      14.0372          1448
       14.042          1448
      14.0468          1448
      14.0516          1448
      14.0564          1448
      14.0612          1448
       14.066          1448
      14.0709          1448
      14.0757          1448
      14.0805          1448
      14.0853          1448
      14.0901          1448
      14.0949          1448
      14.0997          1448
      14.1046          1448
      14.1094          1448
      14.1142          1448
       14.119          1448
      14.1238          1448
      14.1286          1448
      14.1334          1448
      14.1382          1448
      14.1431          1448
      14.1479          1448
      14.1527          1448
      14.1575          1448
      14.1623          1448
      14.1671          1448
      14.1719          1448
      14.1768          1448
      14.1816          1448
      14.1864          1448
      14.1912          1448
       14.196          1448
      14.2008          1448
      14.2056          1448
      14.2104          1448
      14.2153          1448
      14.2201          1448
      14.2249          1448
      14.2297          1448
      14.2345          1448
      14.2393          1448
      14.2441          1448
      14.2489          1448
      14.2538          1448
      14.2586          1448
      14.2634          1448
      14.2682          1448
       14.273          1448
      14.2778          1448
      14.2826          1448
      14.2875          1448
      14.2923          1448
      14.2971          1448
      14.3019          1448
      14.3067          1448
      14.3115          1448
      14.3163          1448
      14.3211          1448
       14.326          1448
      14.3308          1448
      14.3356          1448
      14.3404          1448
      14.3452          1448
        14.35          1448
      14.3548          1448
      14.3596          1448
      14.3645          1448
      14.3693          1448
      14.3741          1448
      14.3789          1448
      14.3837          1448
      14.3885          1448
      14.3933          1448
      14.3982          1448
       14.403          1448
      14.4078          1448
      14.4126          1448
      14.4174          1448
      14.4222          1448
       14.427          1448
      14.4318          1448
      14.4367          1448
      14.4415          1448
      14.4463          1448
      14.4511          1448
      14.4559          1448
      14.4607          1448
      14.4655          1448
      14.4704          1448
      14.4752          1448
        14.48          1448
      14.4848          1448
      14.4896          1448
      14.4944          1448
      14.4992          1448
       14.504          1448
      14.5089          1448
      14.5137          1448
      14.5185          1448
      14.5233          1448
      14.5281          1448
      14.5329          1448
      14.5377          1448
      14.5425          1448
      14.5474          1448
      14.5511           748
      17.6017          1448
      17.6101          1448
      17.6184          1448
      17.6267          1448
      17.6351          1448
      17.6434          1448
      17.6518          1448
      17.6601          1448
      17.6684          1448
      17.6768          1448
      17.6851          1448
      17.6935          1448
      17.7018          1448
      17.8561         18824
      17.8936         10136
      17.9478         10136
      18.0103          8688
       18.036         11584
      18.0433          1448
      18.0543          1448
       18.058          1448
      18.0617          1448
      18.0727          1448
        18.08          1448
      18.0874          1448
      18.0947          1448
      18.1057          1448
      18.1094          1448
      18.1167          1448
      18.1241          1448
      18.1314          1448
      18.1387          1448
      18.1461          1448
      18.1534          1448
      18.1608          1448
      18.1681          1448
      18.1754          1448
      18.1828          1448
      18.1901          1448
      18.1974          1448
      18.2048          1448
      18.2121          1448
      18.2928         15928
      18.3178          1448
      18.3288          1448
      18.3361          1448
      18.3434          1448
      18.3471          1448
      18.3757          1448
      18.3794          1448
      18.3941          1448
      18.3977          1448
      18.4263          1448
        18.43          1448
       18.441          1448
      18.4447          1448
      18.4733          1448
      18.4769          1448
      18.4879          1448
      18.4916          1448
      18.5202          1448
      18.5239          1448
      18.5349          1448
      18.5385          1448
      18.5671          1448
      18.5708          1448
      18.5745          1448
      18.5855          1448
      18.5891          1448
      18.6177          1448
      18.6214          1448
      18.6251          1448
      18.6361          1448
      18.6397          1448
      18.6434          1448
      18.6683          1448
       18.672          1448
      18.6867          1448
      18.6903          1448
       18.694          1448
      18.6977          1448
      18.7189          1448
      18.7226          1448
      18.7373          1448
       18.741          1448
      18.7446          1448
      18.7483          1448
      18.7695          1448
      18.7732          1448
      18.7879          1448
      18.7916          1448
      18.7952          1448
      18.7989          1448
      18.8201          1448
      18.8238          1448
      18.8385          1448
      18.8422          1448
      18.8458          1448
      18.8495          1448
      18.8708          1448
      18.8744          1448
      18.8891          1448
      18.8928          1448
      18.8964          1448
      18.9001          1448
      18.9038          1448
      18.9221          1448
      18.9258          1448
      18.9397          1448
      18.9434          1448
       18.947          1448
      18.9507          1448
      18.9727          1448
      18.9764          1448
      18.9911          1448
      18.9947          1448
      18.9984          1448
      19.0021          1448
      19.0176          1448
      19.0192          1448
      19.0359          1448
      19.0376          1448
      19.0433          1448
      19.0449          1448
      19.0625          1448
      19.0641          1448
      19.0808          1448
      19.0824          1448
      19.0882          1448
      19.0898          1448
      19.1073          1448
       19.109          1448
      19.1257          1448
      19.1273          1448
       19.133          1448
      19.1346          1448
      19.1522          1448
      19.1538          1448
      19.1706          1448
      19.1722          1448
      19.1779          1448
      19.1795          1448
      19.1971          1448
      19.1987          1448
      19.2154          1448
      19.2171          1448
      19.2228          1448
      19.2244          1448
       19.242          1448
      19.2436          1448
      19.2603          1448
      19.2619          1448
      19.2677          1448
      19.2693          1448
      19.2868          1448
      19.2885          1448
      19.3052          1448
      19.3068          1448
      19.3125          1448
      19.3141          1448
      19.3317          1448
      19.3333          1448
      19.3501          1448
      19.3517          1448
      19.3574          1448
       19.359          1448
      19.3766          1448
      19.3782          1448
      19.3949          1448
      19.3966          1448
      19.4023          1448
      19.4039          1448
      19.4215          1448
      19.4231          1448
      19.4398          1448
      19.4414          1448
      19.4472          1448
      19.4488          1448
      19.4663          1448
       19.468          1448
      19.4847          1448
      19.4863          1448
       19.492          1448
      19.4936          1448
      19.5112          1448
      19.5128          1448
      19.5296          1448
      19.5312          1448
      19.5369          1448
      19.5385          1448
      19.5561          1448
      19.5577          1448
      19.5744          1448
      19.5761          1448
      19.5818          1448
      19.5834          1448
       19.601          1448
      19.6026          1448
      19.6193          1448
      19.6209          1448
      19.6267          1448
      19.6283          1448
      19.6458          1448
      19.6475          1448
      19.6642          1448
      19.6658          1448
      19.6715          1448
      19.6731          1448
      19.6907          1448
      19.6923          1448
      19.7091          1448
      19.7107          1448
      19.7164          1448
       19.718          1448
      19.7356          1448
      19.7372          1448
      19.7539          1448
      19.7556          1448
      19.7613          1448
      19.7629          1448
      19.7805          1448
      19.7821          1448
      19.7988          1448
      19.8004          1448
      19.8062          1448
      19.8078          1448
      19.8253          1448
       19.827          1448
      19.8437          1448
      19.8453          1448
       19.851          1448
      19.8526          1448
      19.8702          1448
      19.8718          1448
      19.8886          1448
      19.8902          1448
      19.8959          1448
      19.8975          1448
      19.9151          1448
      19.9167          1448
      19.9334          1448
      19.9351          1448
      19.9408          1448
      19.9424          1448
        19.96          1448
      19.9616          1448
      19.9783          1448
      19.9799          1448
      19.9857          1448
      19.9873          1448
      20.0048          1448
      20.0065          1448
      20.0446          1448
      20.0548          1448
      20.0852          1448
      20.1054          1448
      20.1257          1448
       20.146          1448
      20.3081          8688
      20.3946          7240
      20.4149          1448
       20.448          1448
      20.4582          1448
      20.4784          1448
      20.5088          1448
      20.5189          1448
      20.5291          1448
      20.5595          1448
      20.5797          1448
         20.6          1448
      20.6203          1448
      20.6405          1448
      20.6608          1448
       20.681          1448
      20.7013          1448
      20.7216          1448
      20.7418          1448
      20.7621          1448
      20.7824          1448
      20.8026          1448
      20.8229          1448
      20.8432          1448
      20.8634          1448
      20.8837          1448
      20.9039          1448
      20.9242          1448
      20.9445          1448
      20.9647          1448
      21.0905         11584
      21.1269          1448
      21.1406          1448
      21.1474          1448
      21.1907          1448
      21.1975          1448
      21.2408          1448
      21.2476          1448
      21.2909          1448
      21.2977          1448
       21.341          1448
      21.3478          1448
       21.391          1448
      21.3979          1448
      21.4047          1448
      21.4411          1448
       21.448          1448
      21.4548          1448
      21.4616          1448
      21.4981          1448
      21.5049          1448
      21.5117          1448
      21.5185          1448
       21.555          1448
      21.5618          1448
      21.5686          1448
      21.5755          1448
      21.6119          1448
      21.6187          1448
      21.6256          1448
      21.6324          1448
      21.6688          1448
      21.6757          1448
      21.6825          1448
      21.6893          1448
      21.7257          1448
      21.7326          1448
      21.7394          1448
      21.7462          1448
      21.7531          1448
       21.794          1448
      21.8008          1448
      21.8077          1448
      21.8145          1448
      21.8486          1448
      21.8555          1448
      21.8623          1448
      21.8691          1448
      21.9033          1448
      21.9101          1448
      21.9169          1448
      21.9237          1448
      21.9579          1448
      21.9647          1448
      21.9715          1448
      21.9784          1448
      22.0125          1448
      22.0157          1448
      22.0189          1448
      22.0221          1448
      22.0589          1448
      22.0621          1448
      22.0653          1448
      22.0685          1448
      22.1054          1448
      22.1086          1448
      22.1118          1448
       22.115          1448
      22.1519          1448
      22.1551          1448
      22.1582          1448
      22.1614          1448
      22.1983          1448
      22.2015          1448
      22.2047          1448
      22.2079          1448
      22.2448          1448
       22.248          1448
      22.2512          1448
      22.2543          1448
      22.2912          1448
      22.2944          1448
      22.2976          1448
      22.3008          1448
      22.3377          1448
      22.3409          1448
      22.3441          1448
      22.3473          1448
      22.3841          1448
      22.3873          1448
      22.3905          1448
      22.3937          1448
      22.4306          1448
      22.4338          1448
       22.437          1448
      22.4402          1448
      22.4771          1448
      22.4802          1448
      22.4834          1448
      22.4866          1448
      22.5235          1448
      22.5267          1448
      22.5299          1448
      22.5331          1448
        22.57          1448
      22.5732          1448
      22.5763          1448
      22.5795          1448
      22.6164          1448
      22.6196          1448
      22.6228          1448
       22.626          1448
      22.6629          1448
      22.6661          1448
      22.6693          1448
      22.6724          1448
      22.7093          1448
      22.7125          1448
      22.7157          1448
      22.7189          1448
      22.7558          1448
       22.759          1448
      22.7622          1448
      22.7654          1448
      22.8022          1448
      22.8054          1448
      22.8086          1448
      22.8118          1448
      22.8487          1448
      22.8519          1448
      22.8551          1448
      22.8583          1448
      22.8952          1448
      22.8984          1448
      22.9015          1448
      22.9047          1448
      22.9416          1448
      22.9448          1448
       22.948          1448
      22.9512          1448
      22.9881          1448
      22.9913          1448
      22.9945          1448
      22.9976          1448
      23.0373          1448
      23.0432          1448
      23.0492          1448
      23.0551          1448
      23.0865          1448
      23.0925          1448
      23.0984          1448
      23.1044          1448
      23.1357          1448
      23.1417          1448
      23.1476          1448
      23.1536          1448
      23.1849          1448
      23.1909          1448
      23.1968          1448
      23.2028          1448
      23.2342          1448
      23.2401          1448
      23.2461          1448
       23.252          1448
      23.2834          1448
      23.2893          1448
      23.2953          1448
      23.3012          1448
      23.3326          1448
      23.3386          1448
      23.3445          1448
      23.3505          1448
      23.3818          1448
      23.3878          1448
      23.3937          1448
      23.3997          1448
       23.431          1448
       23.437          1448
      23.4429          1448
      23.4489          1448
      23.4803          1448
      23.4862          1448
      23.4922          1448
      23.4981          1448
      23.5295          1448
      23.5354          1448
      23.5414          1448
      23.5473          1448
      23.5787          1448
      23.5846          1448
      23.5906          1448
      23.5965          1448
      23.6279          1448
      23.6339          1448
      23.6398          1448
      23.6458          1448
      23.6771          1448
      23.6831          1448
       23.689          1448
       23.695          1448
      23.7263          1448
      23.7323          1448
      23.7382          1448
      23.7442          1448
      23.7756          1448
      23.7815          1448
      23.7875          1448
      23.7934          1448
      23.8248          1448
      23.8307          1448
      23.8367          1448
      23.8426          1448
       23.874          1448
      23.8799          1448
      23.8859          1448
      23.8918          1448
      23.9232          1448
      23.9292          1448
      23.9351          1448
      23.9411          1448
      23.9724          1448
      23.9784          1448
      23.9843          1448
      23.9903          1448
      24.0261          1448
      24.0345          1448
      24.0429          1448
      24.0513          1448
      24.0932          1448
      24.1016          1448
      24.1099          1448
      24.1183          1448
      24.1602          1448
      24.1686          1448
       24.177          1448
      24.1854          1448
      24.2273          1448
      24.2356          1448
       24.244          1448
      24.2524          1448
      24.2943          1448
      24.3027          1448
       24.311          1448
      24.3194          1448
      24.3613          1448
      24.3697          1448
      24.3781          1448
      24.3865          1448
      24.4284          1448
      24.4367          1448
      24.4451          1448
      24.4535          1448
      24.4786          1448
      24.4954          1448
      24.5121          1448
      24.5289          1448
      24.5457          1448
      24.5624          1448
      24.5792          1448
      24.7133         11584
      24.7482          1448
      24.7649          1448
      24.7733          1448
      24.8165          1448
      24.8249          1448
      24.8333          1448
      24.8682          1448
      24.8766          1448
       24.885          1448
      24.8933          1448
      24.9352          1448
      24.9436          1448
       24.952          1448
      24.9604          1448
      25.0023          1448
      25.0106          1448
      25.0206          1448
      25.0306          1448
      25.0804          1448
      25.0903          1448
      25.1003          1448
      25.1103          1448
      25.1601          1448
      25.1701          1448
        25.18          1448
        25.19          1448
      25.2398          1448
      25.2498          1448
      25.2659           881
      25.3192          1448
      25.3291          1448
      25.3491          1448
       25.369          1448
      25.3889          1448
      25.4088          1448
      25.4288          1448
      25.4487          1448
      25.4686          1448
      25.4886          1448
      25.5085          1448
      25.5284          1448
      25.5483          1448
      25.5683          1448
      25.5882          1448
      25.6081          1448
       25.628          1448
       25.648          1448
      25.6679          1448
      25.8273         11584
      25.8606          1448
      25.8805          1448
      25.8905          1448
      25.9338          1448
      25.9437          1448
       25.987          1448
       25.997          1448
      26.0397          1448
      26.0492          1448
      26.0587          1448
      26.0965          1448
       26.106          1448
      26.1154          1448
      26.1249          1448
      26.1722          1448
      26.1817          1448
      26.1911          1448
      26.2006          1448
      26.2479          1448
      26.2573          1448
      26.2668          1448
      26.2763          1448
      26.3236          1448
       26.333          1448
       26.352          1448
      26.3709          1448
      26.3898          1448
      26.4087          1448
      26.4277          1448
      26.4466          1448
      26.4655          1448
      26.4844          1448
      26.5033          1448
      26.5223          1448
      26.5412          1448
      26.5601          1448
       26.579          1448
       26.598          1448
      26.6169          1448
      26.6358          1448
      26.6547          1448
      26.6737          1448
      26.6926          1448
      26.7115          1448
      26.7304          1448
      26.7493          1448
      26.7683          1448
      26.9196         11584
      26.9535          1448
      26.9724          1448
      26.9818          1448
      27.0267          1448
      27.0378          1448
      27.0811          1448
      27.0922          1448
      27.1354          1448
      27.1465          1448
      27.1576          1448
      27.2019          1448
       27.213          1448
      27.2241          1448
      27.2574          1448
      27.2795          1448
      27.3017          1448
      27.3239          1448
       27.346          1448
      27.3682          1448
      27.3904          1448
      27.4126          1448
      27.4347          1448
      27.4569          1448
      27.4791          1448
      27.5012          1448
      27.5234          1448
      27.6786         10136
      27.7118          1448
      27.7329          1448
       27.744          1448
      27.7884          1448
      27.7994          1448
      27.8427          1448
      27.8538          1448
      27.8971          1448
      27.9082          1448
      27.9514          1448
      27.9625          1448
      28.0058          1448
      28.0169          1448
      28.0536          1448
      28.0582          1448
      28.0628          1448
      28.1015          1448
      28.1061          1448
      28.1107          1448
      28.1153          1448
      28.1539          1448
      28.1585          1448
      28.1631          1448
      28.1677          1448
      28.2064          1448
       28.211          1448
      28.2156          1448
      28.2201          1448
      28.2588          1448
      28.2611           691
       28.309          1448
      28.3136          1448
      28.3182          1448
      28.3228          1448
      28.3614          1448
       28.366          1448
      28.3706          1448
      28.3752          1448
      28.4139          1448
      28.4185          1448
      28.4231          1448
      28.4276          1448
      28.4663          1448
      28.4709          1448
      28.4755          1448
      28.4801          1448
      28.5188          1448
      28.5234          1448
      28.5279          1448
      28.5325          1448
      28.5712          1448
      28.5758          1448
      28.5804          1448
       28.585          1448
      28.6237          1448
      28.6282          1448
      28.6328          1448
      28.6374          1448
      28.6761          1448
      28.6807          1448
      28.6853          1448
      28.6899          1448
      28.7285          1448
      28.7331          1448
      28.7377          1448
      28.7423          1448
       28.781          1448
      28.7856          1448
      28.7902          1448
      28.7948          1448
      28.8334          1448
       28.838          1448
      28.8426          1448
      28.8472          1448
      28.8859          1448
      28.8905          1448
      28.8951          1448
      28.8997          1448
      28.9383          1448
      28.9429          1448
      28.9475          1448
      28.9521          1448
      28.9908          1448
      28.9954          1448
           29          1448
      29.0045          1448
      29.0613          1448
      29.0707          1448
      29.0801          1448
      29.0896          1448
      29.1367          1448
      29.1461          1448
      29.1555          1448
      29.1649          1448
      29.2121          1448
      29.2215          1448
      29.2309          1448
      29.2403          1448
      29.2875          1448
      29.2969          1448
      29.3063          1448
      29.3157          1448
      29.3629          1448
      29.3723          1448
      29.3817          1448
      29.3911          1448
      29.4383          1448
      29.4477          1448
      29.4571          1448
      29.4665          1448
      29.5136          1448
      29.5231          1448
      29.5325          1448
      29.5419          1448
       29.589          1448
      29.5985          1448
      29.6079          1448
      29.6173          1448
      29.6644          1448
      29.6739          1448
      29.6833          1448
      29.6927          1448
      29.7398          1448
      29.7493          1448
      29.7587          1448
      29.7681          1448
      29.8152          1448
      29.8246          1448
      29.8341          1448
      29.8435          1448
      29.8906          1448
         29.9          1448
      29.9095          1448
      29.9189          1448
       29.966          1448
      29.9754          1448
      29.9849          1448
      29.9943          1448
      30.0219          1448
      30.0252          1448
      30.0408          1448
       30.044          1448
      30.0754          1448
      30.0787          1448
      30.0905          1448
      30.0937          1448
      30.1252          1448
      30.1284          1448
      30.1402          1448
      30.1434          1448
      30.1749          1448
      30.1781          1448
      30.1899          1448
      30.1931          1448
      30.2246          1448
      30.2278          1448
      30.2396          1448
      30.2429          1448
      30.2743          1448
      30.2775          1448
      30.2893          1448
      30.2926          1448
       30.324          1448
      30.3272          1448
      30.3391          1448
      30.3423          1448
      30.3737          1448
       30.377          1448
      30.3888          1448
       30.392          1448
      30.4234          1448
      30.4267          1448
      30.4385          1448
      30.4404           856
       30.487          1448
      30.4902          1448
      30.4934          1448
      30.4966          1448
      30.5367          1448
      30.5399          1448
      30.5431          1448
      30.5464          1448
      30.5864          1448
      30.5896          1448
      30.5928          1448
      30.5961          1448
      30.6361          1448
      30.6393          1448
      30.6426          1448
      30.6458          1448
      30.6858          1448
       30.689          1448
      30.6923          1448
      30.6955          1448
      30.7355          1448
      30.7388          1448
       30.742          1448
      30.7452          1448
      30.7853          1448
      30.7885          1448
      30.7917          1448
      30.7949          1448
      30.7981          1448
       30.835          1448
      30.8382          1448
      30.8414          1448
      30.8446          1448
      30.8815          1448
      30.8847          1448
      30.8879          1448
      30.8911          1448
      30.9279          1448
      30.9312          1448
      30.9344          1448
      30.9376          1448
      30.9744          1448
      30.9777          1448
      30.9809          1448
      30.9841          1448
      31.0289          1448
      31.0401          1448
      31.0513          1448
      31.0625          1448
       31.096          1448
      31.1184          1448
      31.1408          1448
      31.1632          1448
      31.1855          1448
      31.2079          1448
      31.3645          8688
      31.5279          5792
      31.5824          1448
      31.5936          1448
      31.6048          1448
      31.6495          1448
      31.6607          1448
      31.6719          1448
      31.7166          1448
      31.7278          1448
       31.739          1448
      31.7726          1448
       31.795          1448
      31.8173          1448
      31.8397          1448
      31.8621          1448
      31.8845          1448
      31.9068          1448
      31.9292          1448
      31.9516          1448
       31.974          1448
      31.9963          1448
      32.0191          1448
      32.0424          1448
      32.0656          1448
      32.0888          1448
       32.112          1448
      32.1352          1448
      32.2978         10136
      32.3326          1448
      32.3526          1448
      32.3643          1448
      32.4107          1448
      32.4223          1448
      32.4656          1448
      32.4772          1448
      32.5204          1448
      32.5321          1448
      32.5753          1448
      32.5869          1448
      32.6302          1448
      32.6418          1448
      32.6851          1448
      32.6967          1448
      32.7083          1448
      32.7547          1448
      32.7663          1448
       32.778          1448
      32.8128          1448
       32.836          1448
      32.8592          1448
      32.8824          1448
      32.9057          1448
      32.9289          1448
      32.9521          1448
      32.9753          1448
      32.9985          1448
      33.0163          1448
      33.0286          1448
      33.0487          1448
      33.0549          1448
      33.0842          1448
      33.0904          1448
      33.1089          1448
      33.1151          1448
      33.1398          1448
       33.146          1448
      33.1645          1448
      33.1707          1448
      33.1954          1448
      33.2016          1448
      33.2201          1448
      33.2263          1448
       33.251          1448
      33.2572          1448
      33.2757          1448
      33.2819          1448
      33.3066          1448
      33.3128          1448
      33.3313          1448
      33.3317            43
      33.3869          1448
      33.3931          1448
      33.3992          1448
      33.4054          1448
      33.4425          1448
      33.4486          1448
      33.4548          1448
       33.461          1448
      33.4981          1448
      33.5042          1448
      33.5104          1448
      33.5166          1448
      33.5537          1448
      33.5598          1448
       33.566          1448
      33.5722          1448
      33.6093          1448
      33.6154          1448
      33.6216          1448
      33.6278          1448
      33.6649          1448
       33.671          1448
      33.6772          1448
      33.6834          1448
      33.7205          1448
      33.7266          1448
      33.7328          1448
       33.739          1448
      33.7761          1448
      33.7822          1448
      33.7884          1448
      33.7946          1448
      33.8317          1448
      33.8378          1448
       33.844          1448
      33.8502          1448
      33.8873          1448
      33.8934          1448
      33.8996          1448
      33.9058          1448
      33.9429          1448
       33.949          1448
      33.9552          1448
      33.9613          1448
      33.9985          1448
      34.0046          1448
      34.0108          1448
      34.0226          1448
       34.082          1448
      34.0938          1448
      34.1057          1448
      34.1413          1448
       34.165          1448
      34.1887          1448
      34.2124          1448
      34.2362          1448
      34.2599          1448
      34.2836          1448
      34.3073          1448
       34.331          1448
      34.3548          1448
      34.3785          1448
      34.4022          1448
      34.4259          1448
      34.4497          1448
      34.4734          1448
      34.4971          1448
      34.5208          1448
      34.5446          1448
      34.5683          1448
       34.592          1448
      34.6157          1448
      34.6395          1448
      34.6632          1448
      34.6869          1448
      34.7106          1448
      34.7344          1448
      34.7581          1448
      34.7818          1448
      34.8055          1448
      34.8292          1448
       34.853          1448
      34.8767          1448
      34.9004          1448
      34.9241          1448
      34.9479          1448
      34.9716          1448
      34.9953          1448
      35.0112          1448
      35.0193          1448
      35.0426          1448
      35.0467          1448
      35.0707          1448
      35.0748          1448
       35.094          1448
      35.0981          1448
      35.1221          1448
      35.1261          1448
      35.1454          1448
      35.1494          1448
      35.1735          1448
      35.1775          1448
      35.1968          1448
      35.2008          1448
      35.2248          1448
      35.2289          1448
      35.2481          1448
      35.2522          1448
      35.2762          1448
      35.2803          1448
      35.2995          1448
      35.3036          1448
      35.3276          1448
      35.3316          1448
      35.3509          1448
      35.3549          1448
       35.379          1448
       35.383          1448
      35.3871          1448
      35.4023          1448
      35.4063          1448
      35.4344          1448
      35.4384          1448
      35.4506          1448
      35.4547          1448
      35.4817          1448
      35.4858          1448
      35.4944           141
      35.5452          1448
      35.5493          1448
      35.5533          1448
      35.5574          1448
      35.5615          1448
      35.5966          1448
      35.6007          1448
      35.6047          1448
      35.6088          1448
      35.6439          1448
       35.648          1448
       35.652          1448
      35.6561          1448
      35.6913          1448
      35.6953          1448
      35.6994          1448
      35.7034          1448
      35.7386          1448
      35.7426          1448
      35.7467          1448
      35.7507          1448
      35.7548          1448
      35.7859          1448
      35.7899          1448
       35.794          1448
      35.7981          1448
      35.8021          1448
      35.8062          1448
      35.8373          1448
      35.8413          1448
      35.8454          1448
      35.8494          1448
      35.8535          1448
      35.8575          1448
      35.8886          1448
      35.8927          1448
      35.8968          1448
      35.9008          1448
      35.9049          1448
      35.9089          1448
        35.94          1448
      35.9441          1448
      35.9481          1448
      35.9522          1448
      35.9562          1448
      35.9603          1448
      35.9914          1448
      35.9954          1448
      35.9995          1448
      36.0036          1448
      36.0076          1448
       36.016          1448
      36.0245          1448
      36.0581          1448
      36.0666          1448
      36.0834          1448
      36.1002          1448
      36.1171          1448
      36.1339          1448
      36.1508          1448
      36.2855         10136
       36.372          8688
      36.3805          1448
      36.3889          1448
      36.4322          1448
      36.4406          1448
       36.449          1448
      36.4574          1448
      36.4659          1448
       36.508          1448
      36.5164          1448
      36.5248          1448
      36.5332          1448
      36.5753          1448
      36.5838          1448
      36.5922          1448
      36.6006          1448
      36.6427          1448
      36.6511          1448
       36.668          1448
      36.6764          1448
      36.7016          1448
      36.7185          1448
      36.7353          1448
      36.7437          1448
       36.769          1448
      36.7858          1448
      36.8027          1448
      36.8111          1448
      36.9711         13032
      37.0048          1448
      37.0241          1448
      37.0458          1448
      37.0567          1448
      37.0892          1448
      37.1001          1448
      37.1218          1448
      37.1436          1448
      37.1653          1448
       37.187          1448
      37.2088          1448
      37.2305          1448
      37.2522          1448
      37.2739          1448
      37.2895           596
      37.3436          1448
      37.3545          1448
      37.3654          1448
       37.398          1448
      37.4088          1448
      37.4197          1448
      37.4306          1448
      37.4632          1448
       37.474          1448
      37.4849          1448
      37.4957          1448
      37.5283          1448
      37.5501          1448
      37.5609          1448
      37.5935          1448
      37.6153          1448
       37.637          1448
      37.7891         10136
      37.8325          1448
      37.8543          1448
      37.8651          1448
      37.9195          1448
      37.9303          1448
      37.9521          1448
      37.9846          1448
      37.9955          1448
      38.0172          1448
      38.0191          1448
      38.0397          1448
      38.0407          1448
      38.0643          1448
      38.0653          1448
      38.0849          1448
      38.0859          1448
      38.1095          1448
      38.1104          1448
      38.1301          1448
       38.131          1448
      38.1547          1448
      38.1556          1448
      38.1752          1448
      38.1762          1448
      38.1998          1448
      38.2008          1448
      38.2204          1448
      38.2214          1448
      38.2459          1448
      38.2469          1448
      38.2656          1448
      38.2665          1448
      38.2911          1448
      38.2921          1448
      38.3108          1448
      38.3117          1448
      38.3363          1448
      38.3372          1448
      38.3559          1448
      38.3569          1448
      38.3815          1448
      38.3824          1448
      38.4011          1448
       38.402          1448
       38.403          1448
      38.4266          1448
      38.4276          1448
      38.4463          1448
      38.4472          1448
      38.4709          1448
      38.4718          1448
      38.4905          1448
      38.4914          1448
      38.5151          1448
       38.516          1448
      38.5347          1448
      38.5357          1448
      38.5593          1448
      38.5602          1448
      38.5789          1448
      38.5799          1448
      38.6035          1448
      38.6045          1448
      38.6231          1448
      38.6241          1448
      38.6477          1448
      38.6487          1448
      38.6674          1448
      38.6683          1448
      38.6919          1448
      38.6929          1448
      38.7116          1448
      38.7125          1448
      38.7362          1448
      38.7371          1448
      38.7558          1448
      38.7567          1448
      38.7804          1448
      38.7813          1448
         38.8          1448
       38.801          1448
      38.8246          1448
      38.8256          1448
      38.8442          1448
      38.8452          1448
      38.8688          1448
      38.8698          1448
      38.8885          1448
      38.8894          1448
       38.913          1448
       38.914          1448
      38.9327          1448
      38.9336          1448
      38.9573          1448
      38.9582          1448
      38.9769          1448
      38.9778          1448
      39.0015          1448
      39.0019           540
      45.9772          1448
      45.9785          1448
      45.9799          1448
      45.9812          1448
      45.9825          1448
      46.0226          1448
      46.0234          1448
      46.0241          1448
      46.0252          1448
       46.026          1448
      46.0268          1448
      46.0666          1448
      46.0674          1448
      46.0682          1448
       46.069          1448
      46.0697          1448
      46.0705          1448
      46.0713          1448
      46.0721          1448
      46.0729          1448
      46.1107          1448
      46.1114          1448
      46.1122          1448
       46.113          1448
      46.1138          1448
      46.1146          1448
      46.1153          1448
      46.1161          1448
      46.1169          1448
      46.1177          1448
        46.12          1448
      46.1216          1448
      46.1231          1448
      46.1247          1448
      46.1262          1448
      46.1555          1448
      46.1563          1448
      46.1571          1448
      46.1578          1448
      46.1586          1448
      46.1594          1448
      46.1602          1448
      46.1609          1448
      46.1617          1448
      46.1625          1448
      46.1648          1448
      46.1664          1448
       46.168          1448
      46.1695          1448
      46.1711          1448
      46.1726          1448
      46.1742          1448
      46.1757          1448
      46.1773          1448
      46.1787          1168
      46.2237          1448
      46.2245          1448
      46.2268          1448
      46.2276          1448
      46.2283          1448
      46.2291          1448
      46.2299          1448
      46.2307          1448
      46.2315          1448
      46.2322          1448
       46.233          1448
      46.2338          1448
      46.2346          1448
      46.2354          1448
      46.2361          1448
      46.2369          1448
      46.2377          1448
      46.2385          1448
      46.2392          1448
        46.24          1448
      46.2408          1448
      46.2416          1448
      46.2424          1448
      46.2431          1448
      46.2439          1448
      46.2447          1448
      46.2455          1448
      46.2463          1448
       46.247          1448
      46.2478          1448
      46.2486          1448
      46.2494          1448
      46.2501          1448
      46.2685          1448
      46.2693          1448
      46.2708          1448
      46.2724          1448
      46.2732          1448
      46.2739          1448
      46.2747          1448
      46.2755          1448
      46.2763          1448
      46.2771          1448
      46.2778          1448
      46.2786          1448
      46.2794          1448
      46.2802          1448
       46.281          1448
      46.2817          1448
      46.2825          1448
      46.2833          1448
      46.2841          1448
      46.2848          1448
      46.2856          1448
      46.2864          1448
      46.2872          1448
       46.288          1448
      46.2887          1448
      46.2895          1448
      46.2903          1448
      46.2911          1448
      46.2919          1448
      46.2926          1448
      46.2934          1448
      46.2942          1448
       46.295          1448
      46.2957          1448
      46.2981          1448
      46.2996          1448
      46.3012          1448
      46.3028          1448
      46.3043          1448
      46.3059          1448
      46.3074          1448
       46.309          1448
      46.3105          1448
      46.3121          1448
      46.3137          1448
      46.3144          1448
      46.3168          1448
      46.3175          1448
      46.3183          1448
      46.3191          1448
      46.3199          1448
      46.3207          1448
      46.3214          1448
      46.3222          1448
       46.323          1448
      46.3238          1448
      46.3246          1448
      46.3253          1448
      46.3261          1448
      46.3269          1448
      46.3277          1448
      46.3284          1448
      46.3292          1448
        46.33          1448
      46.3308          1448
      46.3316          1448
      46.3323          1448
      46.3331          1448
      46.3339          1448
      46.3347          1448
      46.3355          1448
      46.3362          1448
       46.337          1448
      46.3378          1448
      46.3386          1448
      46.3393          1448
      46.3401          1448
      46.3409          1448
      46.3432          1448
      46.3448          1448
      46.3464          1448
      46.3479          1448
      46.3495          1448
       46.351          1448
      46.3526          1448
      46.3541          1448
      46.3557          1448
      46.3573          1448
      46.3588          1448
      46.3596          1448
      46.3619          1448
      46.3627          1448
      46.3635          1448
      46.3643          1448
       46.365          1448
      46.3658          1448
      46.3666          1448
      46.3674          1448
      46.3681          1448
      46.3689          1448
      46.3697          1448
        46.37           524
      46.4141          1448
      46.4148          1448
      46.4156          1448
      46.4164          1448
      46.4172          1448
       46.418          1448
      46.4187          1448
      46.4195          1448
      46.4203          1448
      46.4211          1448
      46.4218          1448
      46.4226          1448
      46.4234          1448
      46.4242          1448
       46.425          1448
      46.4257          1448
      46.4265          1448
      46.4273          1448
      46.4281          1448
      46.4289          1448
      46.4296          1448
      46.4304          1448
      46.4327          1448
      46.4343          1448
      46.4359          1448
      46.4374          1448
       46.439          1448
      46.4405          1448
      46.4421          1448
      46.4436          1448
      46.4452          1448
      46.4468          1448
      46.4483          1448
      46.4491          1448
      46.4514          1448
      46.4522          1448
       46.453          1448
      46.4538          1448
      46.4545          1448
      46.4553          1448
      46.4561          1448
      46.4569          1448
      46.4577          1448
      46.4584          1448
      46.4592          1448
        46.46          1448
      46.4608          1448
      46.4616          1448
      46.4623          1448
      46.4631          1448
      46.4639          1448
      46.4647          1448
      46.4654          1448
      46.4662          1448
       46.467          1448
      46.4678          1448
      46.4686          1448
      46.4693          1448
      46.4701          1448
      46.4709          1448
      46.4717          1448
      46.4725          1448
      46.4732          1448
       46.474          1448
      46.4748          1448
      46.4756          1448
      46.4779          1448
      46.4795          1448
       46.481          1448
      46.4826          1448
      46.4841          1448
      46.4857          1448
      46.4872          1448
      46.4888          1448
      46.4904          1448
      46.4919          1448
      46.4935          1448
      46.4943          1448
      46.4966          1448
      46.4974          1448
      46.4981          1448
      46.4989          1448
      46.4997          1448
      46.5005          1448
      46.5013          1448
       46.502          1448
      46.5028          1448
      46.5036          1448
      46.5044          1448
      46.5051          1448
      46.5059          1448
      46.5067          1448
      46.5075          1448
      46.5083          1448
       46.509          1448
      46.5098          1448
      46.5106          1448
      46.5114          1448
      46.5122          1448
      46.5129          1448
      46.5137          1448
      46.5145          1448
      46.5153          1448
       46.516          1448
      46.5168          1448
      46.5176          1448
      46.5184          1448
      46.5192          1448
      46.5199          1448
      46.5207          1448
      46.5231          1448
      46.5246          1448
      46.5262          1448
      46.5277          1448
      46.5293          1448
      46.5308          1448
      46.5324          1448
       46.534          1448
      46.5827         42416
      46.6268          1448
      46.6275          1448
      46.6283          1448
      46.6291          1448
      46.6299          1448
      46.6306          1448
      46.6314          1448
      46.6322          1448
       46.633          1448
      46.6338          1448
      46.6345          1448
      46.6353          1448
      46.6361          1448
      46.6369          1448
      46.6377          1448
      46.6384          1448
      46.6392          1448
        46.64          1448
      46.6729          1448
      46.6737          1448
      46.6752          1448
      46.6768          1448
      46.6783          1448
      46.6799          1448
      46.6814          1448
       46.683          1448
      46.6846          1448
      46.6861          1448
      46.6877          1448
      46.6885          1448
      46.6892          1448
        46.69          1448
      46.6908          1448
      46.6916          1448
      46.6923          1448
      46.6931          1448
      46.6939          1448
      46.6947          1448
      46.6955          1448
      46.6962          1448
      46.7177          1448
      46.7185          1448
      46.7193          1448
      46.7216          1448
      46.7224          1448
      46.7247          1448
      46.7255          1448
      46.7278          1448
      46.7286          1448
      46.7294          1448
      46.7317          1448
      46.7325          1448
      46.7333          1448
      46.7341          1448
      46.7348          1448
      46.7356          1448
      46.7364          1448
      46.7372          1448
      46.7379          1448
      46.7387          1448
      46.7395          1448
      46.7403          1448
      46.7411          1448
      46.7418          1448
      46.7625          1448
      46.7633          1448
      46.7641          1448
      46.7664          1448
      46.7672          1448
      46.7695          1448
      46.7703          1448
      46.7726          1448
      46.7734          1448
      46.7742          1448
      46.7765          1448
      46.7773          1448
      46.7781          1448
      46.7789          1448
      46.7797          1448
      46.7804          1448
      46.7812          1448
       46.782          1448
      46.7828          1448
      46.7835          1448
      46.7843          1448
      46.7851          1448
      46.7859          1448
      46.7867          1448
      46.7874          1448
      46.7882          1448
      46.8074          1448
      46.8081          1448
      46.8089          1448
      46.8112          1448
       46.812          1448
      46.8144          1448
      46.8151          1448
      46.8175          1448
      46.8183          1448
       46.819          1448
      46.8214          1448
      46.8221          1448
      46.8229          1448
      46.8237          1448
      46.8245          1448
      46.8253          1448
       46.826          1448
      46.8268          1448
      46.8276          1448
      46.8284          1448
      46.8292          1448
      46.8299          1448
      46.8307          1448
      46.8315          1448
      46.8323          1448
       46.833          1448
      46.8338          1448
      46.8346          1448
      46.8354          1448
      46.8522          1448
       46.853          1448
      46.8553          1448
      46.8561          1448
      46.8584          1448
      46.8592          1448
      46.8615          1448
      46.8623          1448
      46.8631          1448
      46.8639          1448
      46.8662          1448
       46.867          1448
      46.8677          1448
      46.8685          1448
      46.8693          1448
      46.8701          1448
      46.8709          1448
      46.8716          1448
      46.8724          1448
      46.8732          1448
       46.874          1448
      46.8748          1448
      46.8755          1448
      46.8763          1448
      46.8771          1448
      46.8779          1448
      46.8786          1448
      46.8794          1448
      46.8802          1448
      46.8962          1448
       46.897          1448
      46.8978          1448
      46.9001          1448
      46.9009          1448
      46.9032          1448
       46.904          1448
      46.9063          1448
      46.9071          1448
      46.9079          1448
      46.9087          1448
       46.911          1448
      46.9118          1448
      46.9126          1448
      46.9133          1448
      46.9141          1448
      46.9149          1448
      46.9157          1448
      46.9165          1448
      46.9172          1448
       46.918          1448
      46.9188          1448
      46.9196          1448
      46.9204          1448
      46.9211          1448
      46.9219          1448
      46.9227          1448
      46.9235          1448
      46.9242          1448
       46.925          1448
      46.9258          1448
      46.9266          1448
       46.941          1448
      46.9418          1448
      46.9426          1448
      46.9449          1448
      46.9457          1448
      46.9481          1448
      46.9488          1448
      46.9512          1448
      46.9519          1448
      46.9527          1448
      46.9535          1448
      46.9558          1448
      46.9566          1448
      46.9574          1448
      46.9582          1448
       46.959          1448
      46.9597          1448
      46.9605          1448
      46.9613          1448
      46.9621          1448
      46.9628          1448
      46.9636          1448
      46.9644          1448
      46.9652          1448
       46.966          1448
      46.9667          1448
      46.9675          1448
      46.9683          1448
      46.9691          1448
      46.9699          1448
      46.9706          1448
      46.9714          1448
      46.9722          1448
       46.973          1448
      46.9859          1448
      46.9866          1448
       46.989          1448
      46.9898          1448
      46.9905          1448
      46.9929          1448
      46.9937          1448
       46.996          1448
      46.9968          1448
      46.9975          1448
      46.9983          1448
      47.0007          1448
      47.0014          1448
      47.0022          1448
       47.003          1448
      47.0038          1448
      47.0046          1448
      47.0053          1448
      47.0061          1448
      47.0069          1448
      47.0077          1448
      47.0093          1448
       47.011          1448
      47.0127          1448
      47.0143          1448
       47.016          1448
      47.0177          1448
      47.0193          1448
       47.021          1448
      47.0227          1448
      47.0277          1448
       47.031          1448
      47.0343          1448
      47.0377          1448
       47.041          1448
      47.0444          1448
      47.0477          1448
       47.051          1448
      47.0544          1448
      47.0577          1448
       47.061          1448
      47.0644          1448
      47.0677          1448
      47.0694          1448
      47.0744          1448
      47.0777          1448
       47.081          1448
      47.0844          1448
      47.0877          1448
       47.091          1448
      47.0944          1448
      47.0977          1448
       47.101          1448
      47.1044          1448
      47.1077          1448
      47.1111          1448
      47.1144          1448
      47.1161          1448
      47.2015         36473
      50.2464          1448
      50.2474          1448
      50.2502          1448
      50.2512          1448
      50.2521          1448
      50.2531          1448
       50.254          1448
       50.255          1448
      50.2579          1448
      50.2598          1448
      50.2617          1448
      50.2636          1448
      50.2655          1448
      50.2674          1448
      50.2693          1448
      50.2931          1448
       50.294          1448
      50.2959          1448
      50.2979          1448
      50.2998          1448
      50.3017          1448
      50.3036          1448
      50.3055          1448
      50.3074          1448
      50.3093          1448
      50.3112          1448
      50.3131          1448
       50.315          1448
      50.3169          1448
      50.3188          1448
      50.3207          1448
      50.3226          1448
      50.3245          1448
      50.3264          1448
      50.3283          1448
      50.3302          1448
      50.3388          1448
      50.3398          1448
      50.3417          1448
      50.3436          1448
      50.3455          1448
      50.3474          1448
      50.3493          1448
      50.3512          1448
      50.3531          1448
       50.355          1448
      50.3569          1448
      50.3588          1448
      50.3607          1448
      50.3626          1448
      50.3645          1448
      50.3664          1448
      50.3683          1448
      50.3702          1448
      50.3721          1448
       50.374          1448
      50.3759          1448
      50.3778          1448
      50.3798          1448
      50.3817          1448
      50.3836          1448
      50.3855          1448
      50.3874          1448
      50.3893          1448
      50.3912          1448
      50.3931          1448
       50.395          1448
      50.3969          1448
      50.3988          1448
      50.4007          1448
      50.4026          1448
      50.4045          1448
      50.4064          1448
      50.4083          1448
      50.4102          1448
      50.4121          1448
       50.414          1448
      50.4159          1448
      50.4178          1448
      50.4197          1448
      50.4217          1448
      50.4236          1448
      50.4255          1448
      50.4274          1448
      50.4293          1448
      50.4312          1448
      50.4331          1448
       50.435          1448
      50.4369          1448
      50.4388          1448
      50.4407          1448
      50.4426          1448
      50.4445          1448
      50.4464          1448
      50.4483          1448
      50.4502          1448
      50.5188         52128
      50.5207          1448
      50.5226          1448
      50.5245          1448
      50.5264          1448
      50.5283          1448
      50.5302          1448
      50.5321          1448
       50.534          1448
      50.5359          1448
      50.5378          1448
      50.5397          1448
      50.5416          1448
      50.5435          1448
      50.5478          1448
      50.5497          1448
      50.5516          1448
      50.5535          1448
      50.5554          1448
      50.5573          1448
      50.5592          1448
      50.5611          1448
       50.563          1448
       50.564          1448
      50.5668          1448
      50.5678          1448
      50.5706          1448
      50.5716          1448
      50.5744          1448
      50.5754          1448
      50.5782          1448
      50.5792          1448
      50.5821          1448
       50.583          1448
      50.5859          1448
      50.5868          1448
       50.592          1448
      50.5929          1448
      50.5958          1448
      50.5968          1448
      50.5996          1448
      50.6006          1448
      50.6034          1448
      50.6044          1448
      50.6072          1448
      50.6082          1448
       50.611          1448
       50.612          1448
      50.6129          1448
      50.6148          1448
      50.6158          1448
      50.6196          1448
      50.6215          1448
      50.6235          1448
      50.6254          1448
      50.6273          1448
      50.6282          1448
      50.6301          1448
       50.631          1448
      50.6362          1448
      50.6372          1448
        50.64          1448
       50.641          1448
      50.6438          1448
      50.6448          1448
      50.6476          1448
      50.6486          1448
      50.6514          1448
      50.6524          1448
      50.6553          1448
      50.6562          1448
      50.6572          1448
      50.6581          1448
        50.66          1448
       50.661          1448
      50.6658          1448
      50.6667          1448
      50.6705          1448
      50.6715          1448
      50.6734          1448
      50.6753          1448
      50.6772          1448
      50.6781          1448
      50.6814          1448
      50.6823          1448
      50.6852          1448
      50.6861          1448
       50.689          1448
        50.69          1448
      50.6928          1448
      50.6938          1448
      50.6966          1448
      50.6976          1448
      50.7004          1448
      50.7014          1448
      50.7023          1448
      50.7033          1448
      50.7042          1448
      50.7052          1448
      50.7061          1448
      50.7109          1448
      50.7119          1448
      50.7167          1448
      50.7176          1448
      50.7205          1448
      50.7214          1448
      50.7224          1448
      50.7233          1448
      50.7266          1448
      50.7275          1448
      50.7304          1448
      50.7313          1448
      50.7342          1448
      50.7351          1448
       50.738          1448
      50.7389          1448
      50.7418          1448
      50.7427          1448
      50.7456          1448
      50.7465          1448
      50.7475          1448
      50.7484          1448
      50.7494          1448
      50.7504          1448
      50.7552          1448
      50.7561          1448
      50.7609          1448
      50.7618          1448
      50.7647          1448
      50.7656          1448
      50.7666          1448
      50.7675          1448
      50.7708          1448
      50.7717          1448
      50.7746          1448
      50.7755          1448
      50.7784          1448
      50.7793          1448
      50.7822          1448
      50.7832          1448
       50.786          1448
       50.787          1448
      50.7898          1448
      50.7908          1448
      50.7917          1448
      50.7927          1448
      50.7936          1448
      50.7946          1448
      50.7994          1448
      50.8003          1448
      50.8051          1448
       50.806          1448
       50.807          1448
      50.8099          1448
      50.8108          1448
      50.8118          1448
      50.8127          1448
       50.815          1448
      50.8159          1448
      50.8188          1448
      50.8198          1448
      50.8226          1448
      50.8236          1448
      50.8264          1448
      50.8274          1448
      50.8302          1448
      50.8312          1448
       50.834          1448
       50.835          1448
      50.8359          1448
      50.8369          1448
      50.8378          1448
      50.8388          1448
      50.8436          1448
      50.8445          1448
      50.8493          1448
      50.8503          1448
      50.8512          1448
      50.8522          1448
       50.855          1448
       50.856          1448
      50.8569          1448
      50.8579          1448
      50.8602          1448
      50.8611          1448
       50.864          1448
      50.8649          1448
      50.8678          1448
      50.8687          1448
      50.8716          1448
      50.8725          1448
      50.8754          1448
      50.8763          1448
      50.8792          1448
      50.8802          1448
      50.8811          1448
      50.8821          1448
       50.883          1448
       50.884          1448
      50.8888          1448
      50.8897          1448
      50.8945          1448
      50.8954          1448
      50.8964          1448
      50.8973          1448
      50.9002          1448
      50.9011          1448
      50.9021          1448
      50.9031          1448
      50.9053          1448
      50.9063          1448
      50.9091          1448
      50.9101          1448
       50.913          1448
      50.9139          1448
      50.9149          1448
      50.9168          1448
      50.9177          1448
      50.9206          1448
      50.9215          1448
      50.9244          1448
      50.9253          1448
      50.9263          1448
      50.9272          1448
      50.9282          1448
      50.9291          1448
      50.9339          1448
      50.9349          1448
      50.9397          1448
      50.9406          1448
      50.9416          1448
      50.9425          1448
      50.9454          1448
      50.9463          1448
      50.9473          1448
      50.9482          1448
      50.9505          1448
      50.9515          1448
      50.9543          1448
      50.9553          1448
      50.9581          1448
      50.9591          1448
       50.961          1448
      50.9619          1448
      50.9648          1448
      50.9657          1448
      50.9686          1448
      50.9695          1448
      50.9705          1448
      50.9714          1448
      50.9724          1448
      50.9734          1448
        50.98          1448
       50.981          1448
      50.9857          1448
      50.9867          1448
      50.9876          1448
      50.9886          1448
      50.9914          1448
      50.9924          1448
      50.9934          1448
      50.9943          1448
      50.9953          1448
      50.9962          1448
      50.9985          1448
      50.9995          1448
      51.0023          1448
      51.0033          1448
      51.0052          1448
      51.0062          1448
      51.0088          1448
      51.0096          1448
      51.0126          1448
      51.0134          1448
      51.0145          1448
      51.0153          1448
      51.0165          1448
      51.0172          1448
      51.0241          1448
      51.0249          1448
      51.0298          1448
      51.0306          1448
      51.0317          1448
      51.0325          1448
      51.0333          1448
      51.0356          1448
      51.0364          1448
      51.0374          1448
      51.0382          1448
      51.0393          1448
      51.0401          1448
      51.0426          1448
      51.0434          1448
      51.0464          1448
      51.0472          1448
      51.0493          1448
        51.05          1448
      51.0529          1448
      51.0537          1448
      51.0567          1448
      51.0575          1448
      51.0586          1448
      51.0594          1448
      51.0605          1448
      51.0613          1448
      51.0682          1448
       51.069          1448
      51.0738          1448
      51.0746          1448
      51.0757          1448
      51.0765          1448
      51.0773          1448
      51.0781          1448
      51.0805          1448
      51.0812          1448
      51.0822          1448
       51.083          1448
      51.0841          1448
      51.0849          1448
      51.0874          1448
      51.0882          1448
      51.0912          1448
       51.092          1448
      51.0941          1448
      51.0949          1448
      51.0977          1448
      51.0985          1448
      51.1015          1448
      51.1023          1448
      51.1034          1448
      51.1042          1448
      51.1053          1448
      51.1061          1448
      51.1131          1448
      51.1139          1448
      51.1187          1448
      51.1195          1448
      51.1206          1448
      51.1214          1448
      51.1222          1448
      51.1229          1448
      51.1253          1448
      51.1261          1448
      51.1271          1448
      51.1279          1448
       51.129          1448
      51.1298          1448
      51.1323          1448
      51.1331          1448
      51.1361          1448
      51.1369          1448
      51.1389          1448
      51.1397          1448
      51.1426          1448
      51.1434          1448
      51.1464          1448
      51.1472          1448
      51.1483          1448
      51.1491          1448
      51.1502          1448
       51.151          1448
      51.1587          1448
      51.1595          1448
      51.1635          1448
      51.1643          1448
      51.1651          1448
      51.1659          1448
      51.1667          1448
      51.1675          1448
      51.1682          1448
      51.1706          1448
      51.1714          1448
      51.1722          1448
       51.173          1448
      51.1738          1448
      51.1746          1448
      51.1771          1448
      51.1779          1448
      51.1809          1448
      51.1817          1448
      51.1838          1448
      51.1846          1448
      51.1874          1448
      51.1882          1448
      51.1912          1448
       51.192          1448
      51.1931          1448
      51.1939          1448
       51.195          1448
      51.1958          1448
      51.2036          1448
      51.2043          1448
      51.2084          1448
      51.2091          1448
      51.2099          1448
      51.2107          1448
      51.2115          1448
      51.2123          1448
      51.2147          1448
      51.2154          1448
      51.2162          1448
       51.217          1448
      51.2179          1448
      51.2187          1448
      51.2212          1448
      51.2219          1448
       51.225          1448
      51.2258          1448
      51.2278          1448
      51.2286          1448
      51.2315          1448
      51.2322          1448
      51.2353          1448
      51.2361          1448
      51.2372          1448
       51.238          1448
      51.2391          1448
      51.2399          1448
      51.2476          1448
      51.2484          1448
      51.2524          1448
      51.2532          1448
       51.254          1448
      51.2548          1448
      51.2556          1448
      51.2563          1448
      51.2587          1448
      51.2595          1448
      51.2603          1448
      51.2611          1448
      51.2619          1448
      51.2627          1448
      51.2652          1448
       51.266          1448
       51.269          1448
      51.2698          1448
      51.2719          1448
      51.2727          1448
      51.2755          1448
      51.2763          1448
      51.2793          1448
      51.2801          1448
      51.2812          1448
      51.2818          1039
      51.3259          1448
      51.3266          1448
      51.3274          1448
      51.3282          1448
       51.329          1448
      51.3298          1448
      51.3306          1448
      51.3314          1448
      51.3337          1448
      51.3353          1448
      51.3369          1448
      51.3384          1448
        51.34          1448
      51.3416          1448
      51.3432          1448
      51.3447          1448
      51.3463          1448
      51.3479          1448
      51.3495          1448
       51.351          1448
      51.3526          1448
      51.3534          1448
      51.3542          1448
       51.355          1448
      51.3558          1448
      51.3565          1448
      51.3573          1448
      51.3581          1448
      51.3589          1448
      51.3597          1448
      51.3707          1448
      51.3715          1448
      51.3723          1448
      51.3731          1448
      51.3738          1448
      51.3746          1448
      51.3754          1448
      51.3762          1448
      51.3794          1448
      51.3801          1448
      51.3825          1448
      51.3833          1448
      51.3856          1448
      51.3864          1448
      51.3888          1448
      51.3896          1448
      51.3919          1448
      51.3927          1448
      51.3951          1448
      51.3959          1448
      51.3982          1448
       51.399          1448
      51.3998          1448
      51.4006          1448
      51.4014          1448
      51.4022          1448
       51.403          1448
      51.4037          1448
      51.4045          1448
      51.4053          1448
      51.4155          1448
      51.4163          1448
      51.4171          1448
      51.4179          1448
      51.4187          1448
      51.4195          1448
      51.4203          1448
       51.421          1448
      51.4242          1448
       51.425          1448
      51.4273          1448
      51.4281          1448
      51.4305          1448
      51.4313          1448
      51.4336          1448
      51.4344          1448
      51.4368          1448
      51.4376          1448
      51.4399          1448
      51.4407          1448
      51.4431          1448
      51.4439          1448
      51.4446          1448
      51.4454          1448
      51.4462          1448
       51.447          1448
      51.4478          1448
      51.4486          1448
      51.4494          1448
      51.4502          1448
      51.4604          1448
      51.4612          1448
       51.462          1448
      51.4627          1448
      51.4635          1448
      51.4643          1448
      51.4651          1448
      51.4659          1448
       51.469          1448
      51.4698          1448
       51.473          1448
      51.4738          1448
      51.4753          1448
      51.4769          1448
      51.4785          1448
        51.48          1448
      51.4816          1448
      51.4832          1448
      51.4848          1448
      51.4863          1448
      51.4879          1448
      51.4895          1448
      51.4903          1448
      51.4911          1448
      51.4918          1448
      51.4926          1448
      51.4934          1448
      51.4942          1448
       51.495          1448
      51.4958          1448
      51.4966          1448
      51.5052          1448
       51.506          1448
      51.5068          1448
      51.5076          1448
      51.5084          1448
      51.5092          1448
      51.5099          1448
      51.5107          1448
      51.5139          1448
      51.5147          1448
      51.5186          1448
      51.5194          1448
      51.5217          1448
      51.5225          1448
      51.5249          1448
      51.5257          1448
       51.528          1448
      51.5288          1448
      51.5312          1448
       51.532          1448
      51.5343          1448
      51.5351          1448
      51.5359          1448
      51.5367          1448
      51.5375          1448
      51.5383          1448
       51.539          1448
      51.5398          1448
      51.5406          1448
      51.5414          1448
      51.5493          1448
      51.5501          1448
      51.5508          1448
      51.5516          1448
      51.5524          1448
      51.5532          1448
       51.554          1448
      51.5548          1448
      51.5579          1448
      51.5587          1448
      51.5634          1448
      51.5642          1448
      51.5666          1448
      51.5674          1448
      51.5697          1448
      51.5705          1448
      51.5729          1448
      51.5737          1448
       51.576          1448
      51.5768          1448
      51.5792          1448
        51.58          1448
      51.5807          1448
      51.5815          1448
      51.5823          1448
      51.5831          1448
      51.5839          1448
      51.5847          1448
      51.5855          1448
      51.5862          1448
      51.5933          1448
      51.5941          1448
      51.5949          1448
      51.5957          1448
      51.5965          1448
      51.5973          1448
       51.598          1448
      51.5988          1448
      51.6028          1448
      51.6043          1448
      51.6083          1448
      51.6091          1448
      51.6114          1448
      51.6122          1448
      51.6146          1448
      51.6154          1448
      51.6177          1448
      51.6185          1448
      51.6209          1448
      51.6216          1448
       51.624          1448
      51.6248          1448
      51.6256          1448
      51.6264          1448
      51.6272          1448
      51.6279          1448
      51.6287          1448
      51.6295          1448
      51.6303          1448
      51.6311          1448
      51.6374          1448
      51.6382          1448
       51.639          1448
      51.6397          1448
      51.6405          1448
      51.6413          1448
      51.6421          1448
      51.6429          1448
      51.6476          1448
      51.6484          1448
      51.6523          1448
      51.6531          1448
      51.6555          1448
      51.6563          1448
      51.6586          1448
      51.6594          1448
      51.6618          1448
      51.6626          1448
      51.6649          1448
      51.6657          1448
      51.6681          1448
      51.6688          1448
      51.6696          1448
      51.6704          1448
      51.6712          1448
       51.672          1448
      51.6728          1448
      51.6736          1448
      51.6744          1448
      51.6751          1448
      51.6759          1448
      51.6814          1448
      51.6822          1448
       51.683          1448
      51.6838          1448
      51.6846          1448
      51.6854          1448
      51.6862          1448
      51.6869          1448
      51.6917          1448
      51.6924          1448
      51.6964          1448
      51.6972          1448
      51.6995          1448
      51.7003          1448
      51.7027          1448
      51.7035          1448
      51.7058          1448
      51.7066          1448
       51.709          1448
      51.7098          1448
      51.7121          1448
      51.7129          1448
      51.7137          1448
      51.7145          1448
      51.7153          1448
       51.716          1448
      51.7168          1448
      51.7176          1448
      51.7184          1448
      51.7192          1448
        51.72          1448
      51.7208          1448
      51.7263          1448
      51.7271          1448
      51.7278          1448
      51.7286          1448
      51.7294          1448
      51.7302          1448
       51.731          1448
      51.7318          1448
      51.7365          1448
      51.7373          1448
      51.7412          1448
       51.742          1448
      51.7452          1448
      51.7459          1448
      51.7483          1448
      51.7491          1448
      51.7514          1448
      51.7522          1448
      51.7546          1448
      51.7554          1448
      51.7577          1448
      51.7585          1448
      51.7593          1448
      51.7601          1448
      51.7609          1448
      51.7617          1448
      51.7625          1448
      51.7632          1448
       51.764          1448
      51.7648          1448
      51.7656          1448
      51.7664          1448
      51.7711          1448
      51.7719          1448
      51.7725          1001
      54.8301          1448
      54.8445          1448
      54.8589          1448
      54.8877          1448
      54.9021          1448
      54.9165          1448
      54.9308          1448
      54.9452          1448
       55.397         11584
      56.4904         13032
      56.5643         26064
      56.5791         10136
      56.6087          7240
      56.6382         50680
      56.6678          1448
      57.7057         17376
      57.7615         14480
       57.774         10136
      57.7989          5792
      57.8238         28960
      57.8488          1448
      57.8737          1448
      57.8986          1448
      58.2078          2896
      58.2641          2896
      58.3203          2896
      58.3766          2896
      59.2773         33304
      59.3355          1448
      59.5936          1448
      59.6086          1448
      59.6667          1448
      59.6816          1448
      59.7115          1448
      59.7413          1448
      59.7562          1448
      59.8009          1448
      59.8158          1448
      59.8307          1448
      59.8754          1448
      59.8904          1448
      60.0928          7240
       60.102          5792
      60.1483          8688
      60.1575          1448
      60.1667          1448
       60.176          1448
      60.1852          1448
       60.213          1448
      60.2222          1448
      60.2315          1448
      60.2407          1448
      60.2499          1448
      60.3793         14480
      60.4071          1448
      60.4163          1448
      60.4256          1448
      60.4348          1448
       60.444          1448
      60.4718          1448
       60.481          1448
      60.4903          1448
      60.4995          1448
      60.5272          1448
      60.5365          1448
      60.5457          1448
       60.555          1448
      60.5827          1448
      60.5919          1448
      60.6012          1448
      60.6104          1448
      60.6381          1448
      60.6474          1448
      60.6566          1448
      60.6659          1448
      60.6936          1448
      60.7028          1448
      60.7121          1448
      60.7213          1448
      60.7306          1448
      60.7583          1448
      60.7675          1448
      60.7768          1448
       60.786          1448
      60.7953          1448
       60.823          1448
      60.8323          1448
      60.8415          1448
      60.8507          1448
        60.86          1448
      60.8877          1448
       60.897          1448
      60.9062          1448
      60.9154          1448
      60.9247          1448
      60.9524          1448
      60.9617          1448
      60.9709          1448
      60.9801          1448
      60.9894          1448
      61.0155          1448
      61.0231          1448
      61.0308          1448
      61.0384          1448
       61.046          1448
      61.0536          1448
      61.0765          1448
      61.0842          1448
      61.0918          1448
      61.0994          1448
       61.107          1448
      61.1147          1448
      61.1376          1448
      61.1452          1448
      61.1528          1448
      61.1605          1448
      61.1681          1448
      61.1757          1448
      61.1986          1448
      61.2062          1448
      61.2139          1448
      61.2215          1448
      61.2291          1448
      61.2367          1448
      61.2596          1448
      61.2673          1448
      61.2749          1448
      61.2825          1448
      61.2901          1448
      61.2978          1448
      61.3207          1448
      61.3283          1448
      61.3359          1448
      61.3436          1448
      61.3512          1448
      61.3588          1448
      61.3817          1448
      61.3893          1448
       61.397          1448
      61.4046          1448
      61.4122          1448
      61.4198          1448
      61.4427          1448
      61.4504          1448
       61.458          1448
      61.4656          1448
      61.4733          1448
      61.4809          1448
      61.5038          1448
      61.5114          1448
       61.519          1448
      61.5267          1448
      61.5343          1448
      61.5419          1448
      61.5648          1448
      61.5724          1448
      61.5801          1448
      61.5877          1448
      61.5953          1448
      61.6029          1448
      61.6258          1448
      61.6335          1448
      61.6411          1448
      61.6487          1448
      61.6564          1448
       61.664          1448
      61.6869          1448
      61.6945          1448
      61.7021          1448
      61.7098          1448
      61.7174          1448
       61.725          1448
      61.7479          1448
      61.7555          1448
      61.7632          1448
      61.7708          1448
      61.7784          1448
       61.786          1448
      61.8089          1448
      61.8166          1448
      61.8242          1448
      61.8318          1448
      61.8395          1448
      61.8471          1448
        61.87          1448
      61.8776          1448
      61.8852          1448
      61.8929          1448
      61.9005          1448
      61.9081          1448
      61.9386          1448
      61.9463          1448
      61.9539          1448
      61.9615          1448
      61.9691          1448
       61.992          1448
      62.0073          1448
      62.0258          1448
       62.035          1448
      62.0443          1448
       62.072          1448
      62.0905          1448
       62.109          1448
      62.1182          1448
      62.1459          1448
      62.1552          1448
      62.2938         10136
      62.5161          5792
      62.5808          1448
        62.59          1448
      62.6085          1448
      62.6547          1448
       62.664          1448
      62.6825          1448
      62.7194          1448
      62.7287          1448
      62.7472          1448
      62.7656          1448
      62.7934          1448
      62.8026          1448
      62.8303          1448
      62.8396          1448
      62.8673          1448
      62.8766          1448
      62.9043          1448
      62.9135          1448
      62.9413          1448
      62.9505          1448
       62.966          1448
      62.9753          1448
      62.9845          1448
      63.0123          1448
      63.0244          1448
      63.0366          1448
      63.0488          1448
      63.0854          1448
      63.0976          1448
      63.1097          1448
      63.1219          1448
      63.1585          1448
      63.1829          1448
      63.2072          1448
      63.2316          1448
       63.256          1448
       63.451         11584
      63.4997          1448
      63.5241          1448
      63.5363          1448
      63.5917          1448
      63.6039          1448
      63.6472          1448
      63.6594          1448
      63.6716          1448
      63.7081          1448
      63.7203          1448
      63.7325          1448
      63.7447          1448
      63.7812          1448
      63.7934          1448
      63.8056          1448
      63.8178          1448
      63.8544          1448
      63.8665          1448
      63.8787          1448
      63.8909          1448
      63.9397          1448
      63.9519          1448
       63.964          1448
      64.0006          1448
      64.0286          1448
      64.2499         10136
      64.2974          1448
       64.329          1448
      64.3448          1448
       64.408          1448
      64.4239          1448
      64.4871          1448
      64.5029          1448
      64.5662          1448
       64.582          1448
      64.6452          1448
       64.661          1448
      64.6926          1448
      64.7243          1448
      64.7559          1448
      64.7875          1448
      64.8191          1448
      64.8507          1448
      64.8824          1448
       64.914          1448
      64.9456          1448
      64.9772          1448
      65.0088          1448
      65.0402          1448
      65.0715          1448
      65.1028          1448
      65.1342          1448
      65.1655          1448
      65.1968          1448
      65.2282          1448
      65.2595          1448
      65.2908          1448
      65.3222          1448
      65.3535          1448
      65.3848          1448
      65.4162          1448
      65.4475          1448
      65.4788          1448
      65.5102          1448
      65.5415          1448
      65.5728          1448
      65.6042          1448
      65.6355          1448
      65.6668          1448
      65.6982          1448
      65.7295          1448
      65.7608          1448
      65.7922          1448
      65.8235          1448
      65.8548          1448
      65.8862          1448
      65.9175          1448
      65.9488          1448
      65.9802          1448
      66.0115          1448
      66.0351          1448
      66.0587          1448
      66.0822          1448
      66.1058          1448
      66.1294          1448
       66.153          1448
      66.1766          1448
      66.2002          1448
      66.2237          1448
      66.2473          1448
      66.2709          1448
      66.2945          1448
      66.3181          1448
      66.3417          1448
      66.3652          1448
      66.3888          1448
      66.4124          1448
       66.436          1448
      66.4596          1448
      66.4832          1448
      66.5067          1448
      66.5303          1448
      66.5539          1448
      66.5775          1448
      66.6011          1448
      66.6247          1448
      66.6483          1448
      66.6718          1448
      66.6954          1448
       66.719          1448
      66.7426          1448
      66.7662          1448
      66.7898          1448
      66.8133          1448
      66.8369          1448
      66.8605          1448
      66.8841          1448
      66.8959          1448
      66.9195          1448
      66.9313          1448
      66.9666          1448
      66.9784          1448
      66.9902          1448
       67.002          1448
       67.037          1448
      67.0487          1448
      67.0603          1448
      67.0719          1448
      67.1068          1448
      67.1184          1448
        67.13          1448
      67.1416          1448
      67.1881          1448
      67.1997          1448
      67.2114          1448
      67.2462          1448
      67.2695          1448
      67.2927          1448
      67.3159          1448
      67.3392          1448
      67.3624          1448
      67.3857          1448
      67.4089          1448
      67.4322          1448
      67.4554          1448
      67.4786          1448
      67.6413         10136
      67.6878          1448
      67.7111          1448
      67.7227          1448
      67.7659          1448
      67.7776          1448
      67.7892          1448
      67.8357          1448
      67.8473          1448
      67.8589          1448
      67.8705          1448
       67.917          1448
      67.9286          1448
      67.9403          1448
      67.9751          1448
      67.9984          1448
      68.0199          1448
      68.0399          1448
      68.0598          1448
      68.0897          1448
      68.0997          1448
      68.1295          1448
      68.1395          1448
      68.1694          1448
      68.1794          1448
      68.2093          1448
      68.2192          1448
      68.2491          1448
      68.2591          1448
       68.289          1448
      68.2989          1448
      68.3189          1448
      68.3388          1448
      68.3587          1448
      68.3786          1448
      68.3986          1448
      68.4185          1448
      68.4384          1448
      68.4521          1448
      68.4621          1448
      68.4721          1448
       68.482          1448
      68.5154          1448
      68.5353          1448
      68.5552          1448
      68.5751          1448
      68.5951          1448
       68.615          1448
      68.6349          1448
      68.6548          1448
      68.6748          1448
      68.6947          1448
      68.7146          1448
      68.7346          1448
      68.7545          1448
      68.7744          1448
      68.7943          1448
      68.8143          1448
      68.8342          1448
      68.8541          1448
       68.874          1448
       68.894          1448
      68.9139          1448
      68.9338          1448
      68.9538          1448
      68.9737          1448
      68.9936          1448
      69.0135          1448
      69.0325          1448
      69.0514          1448
      69.0703          1448
      69.0892          1448
      69.1081          1448
      69.1271          1448
       69.146          1448
      69.1649          1448
      69.1838          1448
      69.2028          1448
      69.2217          1448
      69.2406          1448
      69.2595          1448
      69.2785          1448
      69.2974          1448
      69.3163          1448
      69.3352          1448
      69.3541          1448
      69.3731          1448
       69.392          1448
      69.4109          1448
      69.4298          1448
      69.4488          1448
      69.4677          1448
      69.4866          1448
      69.5055          1448
      69.5244          1448
      69.5434          1448
      69.5623          1448
      69.5812          1448
      69.6001          1448
      69.6191          1448
       69.638          1448
      69.6569          1448
      69.6758          1448
      69.6948          1448
      69.7137          1448
      69.7326          1448
      69.7515          1448
      69.7704          1448
      69.7894          1448
      69.8083          1448
      69.8272          1448
      69.8461          1448
      69.8651          1448
       69.884          1448
      69.9029          1448
      69.9218          1448
      69.9408          1448
      69.9597          1448
      69.9786          1448
      69.9975          1448
      70.0164          1448
      70.0338          1448
      70.0512          1448
      70.0685          1448
      70.0859          1448
      70.1033          1448
      70.1206          1448
       70.138          1448
      70.1554          1448
      70.1727          1448
      70.1901          1448
      70.2074          1448
      70.2248          1448
      70.2422          1448
      70.2595          1448
      70.2769          1448
      70.2943          1448
      70.3116          1448
       70.329          1448
      70.3464          1448
      70.3637          1448
      70.3811          1448
      70.3985          1448
      70.4158          1448
      70.4332          1448
      70.4505          1448
      70.4679          1448
      70.4853          1448
      70.5026          1448
        70.52          1448
      70.5365          1304
       70.598          1448
      70.6067          1448
      70.6327          1448
      70.6501          1448
      70.6675          1448
      70.6848          1448
      70.7022          1448
      70.7195          1448
      70.7369          1448
      70.7543          1448
      70.7716          1448
       70.789          1448
      70.8064          1448
      70.8237          1448
      70.8411          1448
      70.8585          1448
      70.8758          1448
      70.8932          1448
      70.9106          1448
      70.9279          1448
      70.9453          1448
      70.9626          1448
        70.98          1448
      70.9974          1448
      71.0147          1448
      71.0409          1448
      71.0671          1448
      71.0933          1448
      71.2765          7240
      71.3893          5792
      71.4456          1448
      71.4587          1448
      71.4718          1448
      71.5241          1448
      71.5372          1448
      71.5805          1448
      71.5936          1448
      71.6499          1448
       71.663          1448
      71.6761          1448
      71.7285          1448
      71.7416          1448
      71.7678          1448
      71.7939          1448
      71.8201          1448
      71.8463          1448
      71.8725          1448
      71.8986          1448
      71.9209          1000
      71.9995          1448
      72.0125          1448
      72.0349          1448
      72.0573          1448
      72.0796          1448
      72.2361         10136
      72.2696          1448
      72.2905          1448
      72.3017          1448
      72.3464          1448
      72.3576          1448
      72.4009          1448
      72.4121          1448
      72.4553          1448
      72.4665          1448
      72.5098          1448
      72.5209          1448
      72.5642          1448
      72.5754          1448
      72.6298          1448
       72.641          1448
      72.6522          1448
      72.6969          1448
      72.7081          1448
      72.7304          1448
      72.7528          1448
      72.7751          1448
      72.7869          1448
      72.8072          1448
      72.8184          1448
      72.8525          1448
      72.8749          1448
      72.8972          1448
      72.9196          1448
      72.9419          1448
      72.9643          1448
      72.9866          1448
       73.009          1448
      73.0324          1448
      73.0558          1448
      73.0792          1448
      73.1026          1448
       73.126          1448
      73.1494          1448
      73.1728          1448
      73.1962          1448
      73.2196          1448
       73.243          1448
      73.2664          1448
      73.2898          1448
      73.3132          1448
      73.3366          1448
        73.36          1448
      73.3834          1448
      73.4068          1448
      73.4302          1448
      73.4536          1448
       73.477          1448
      73.5004          1448
      73.5238          1448
      73.5472          1448
      73.5706          1448
       73.594          1448
      73.6174          1448
      73.6408          1448
      73.6642          1448
      73.6876          1448
       73.711          1448
      73.7344          1448
      73.7578          1448
      73.7812          1448
      73.8046          1448
       73.828          1448
      73.8514          1448
      73.8748          1448
      73.8982          1448
      73.9216          1448
       73.945          1448
      73.9684          1448
      73.9918          1448
      74.0152          1448
      74.0357          1448
      74.0561          1448
      74.0664          1448
      74.0971          1448
      74.1073          1448
       74.138          1448
      74.1483          1448
       74.179          1448
      74.1892          1448
      74.2199          1448
      74.2301          1448
      74.2608          1448
      74.2711          1448
      74.3018          1448
       74.312          1448
      74.3427          1448
       74.353          1448
      74.3837          1448
      74.3939          1448
      74.4246          1448
      74.4348          1448
      74.4655          1448
      74.4758          1448
      74.5065          1448
      74.5167          1448
      74.5474          1448
      74.5577          1448
      74.5884          1448
      74.5986          1448
      74.6293          1448
      74.6395          1448
      74.6702          1448
      74.6805          1448
      74.7112          1448
      74.7214          1448
      74.7521          1448
      74.7624          1448
      74.7931          1448
      74.8033          1448
       74.834          1448
      74.8442          1448
      74.8749          1448
      74.8852          1448
      74.9159          1448
      74.9261          1448
      74.9568          1448
      74.9671          1448
      74.9978          1448
       75.008          1448
       75.035          1448
       75.044          1448
       75.071          1448
        75.08          1448
       75.107          1448
       75.116          1448
       75.143          1448
       75.152          1448
       75.179          1448
       75.188          1448
       75.215          1448
       75.224          1448
      75.2475           852
      83.1472          1448
      83.1873          1448
      83.5524          4344
      83.7592          1448
      83.9194          2896
      84.1071          5792
      84.1665          1448
      84.1746          1448
      84.1989          1448
       84.234          1448
      84.2421          1448
      84.2583          1448
      84.2906          1448
      84.2987          1448
       84.323          1448
      84.3311          1448
      84.3553          1448
      84.3634          1448
      84.3877          1448
      84.3958          1448
        84.42          1448
      84.4281          1448
      84.4524          1448
      84.4604          1448
      84.4847          1448
      84.4928          1448
       84.517          1448
      84.5251          1448
      84.5494          1448
      84.5575          1448
      84.5817          1448
      84.5898          1448
      84.6141          1448
      84.6222          1448
      84.6464          1448
      84.6545          1448
      84.6788          1448
      84.6869          1448
      84.7111          1448
      84.7192          1448
      84.7435          1448
      84.7515          1448
      84.7758          1448
      84.7839          1448
      84.8081          1448
      84.8162          1448
      84.8405          1448
      84.8486          1448
      84.8728          1448
      84.8785          1000
      84.9299          1448
       84.938          1448
      84.9542          1448
      84.9703          1448
      84.9865          1448
      85.0027          1448
      85.0196          1448
      85.0373          1448
      85.0549          1448
      85.1963         11584
      85.2316          1448
      85.2581          1448
       85.267          1448
      85.3112          1448
        85.32          1448
      85.3642          1448
       85.373          1448
      85.4172          1448
       85.426          1448
      85.4348          1448
       85.479          1448
      85.4879          1448
      85.4967          1448
      85.5232          1448
      85.5497          1448
      85.5585          1448
       85.585          1448
      85.5939          1448
      85.6204          1448
      85.6292          1448
      85.6557          1448
      85.6646          1448
      85.6822          1448
      85.6999          1448
      85.7176          1448
      85.7352          1448
      85.7529          1448
      85.7706          1448
      85.7883          1448
      85.8059          1448
      85.8236          1448
      85.8413          1448
      85.8589          1448
      85.8766          1448
      85.8943          1448
       85.912          1448
      85.9296          1448
      85.9457          1168
      85.9978          1448
      86.0066          1448
      86.0267          1448
      86.0492          1448
      86.0718          1448
      86.0943          1448
      86.1168          1448
      86.2745          8688
      86.4381          5792
      86.4926          1448
      86.5039          1448
      86.5151          1448
      86.5584          1448
      86.5697          1448
      86.6147          1448
       86.626          1448
      86.6823          1448
      86.6935          1448
      86.7048          1448
      86.7498          1448
      86.7611          1448
      86.7836          1448
      86.8061          1448
      86.8287          1448
      86.8512          1448
      86.8737          1448
      86.8962          1448
      86.9188          1448
      86.9413          1448
      86.9638          1448
      86.9863          1448
      87.0089          1448
      87.0286          1448
      87.0483          1448
       87.068          1448
      87.0857          1448
      87.0955          1448
      87.1054          1448
      87.1211          1448
       87.131          1448
      87.1606          1448
      87.1704          1448
      87.1901          1448
      87.2098          1448
      87.2296          1448
      87.2493          1448
       87.269          1448
      87.2858          1000
      87.3517          1448
      87.3615          1448
      87.3911          1448
      87.4108          1448
      87.4305          1448
      87.4502          1448
       87.608         11584
      87.6474          1448
       87.677          1448
      87.6868          1448
      87.7361          1448
       87.746          1448
      87.7953          1448
      87.8051          1448
      87.8544          1448
      87.8643          1448
      87.8741          1448
      87.9234          1448
      87.9333          1448
      87.9431          1448
      87.9727          1448
      88.0023          1448
      88.0121          1448
      88.0373          1448
      88.0456          1448
      88.0708          1448
      88.0791          1448
      88.1043          1448
      88.1127          1448
      88.1378          1448
      88.1462          1448
      88.1713          1448
      88.1797          1448
      88.2048          1448
      88.2132          1448
      88.2384          1448
      88.2467          1448
      88.2719          1448
      88.2803          1448
      88.3054          1448
      88.3138          1448
      88.3389          1448
      88.3473          1448
      88.3724          1448
      88.3808          1448
      88.4059          1448
      88.4143          1448
      88.4379          1168
      88.4911          1448
      88.4995          1448
      88.5246          1448
       88.533          1448
      88.5581          1448
      88.5665          1448
      88.5917          1448
         88.6          1448
      88.7341         11584
      88.7774          1448
      88.7858          1448
      88.7941          1448
      88.8374          1448
      88.8458          1448
      88.8891          1448
      88.8974          1448
      88.9407          1448
      88.9491          1448
      88.9575          1448
      88.9994          1448
      89.0077          1448
       89.021          1448
      89.0343          1448
      89.0873          1448
      89.1006          1448
      89.1271          1448
      89.1536          1448
      89.1801          1448
      89.2067          1448
      89.2332          1448
      89.2597          1448
      89.2863          1448
      89.3128          1448
      89.4719         10136
      89.5117          1448
      89.5285          1448
      89.5417          1448
      89.5948          1448
       89.608          1448
      89.6743          1448
      89.6876          1448
      89.7539          1448
      89.7632          1000
      89.8295          1448
      89.8428          1448
      89.8561          1448
      89.9224          1448
      89.9356          1448
      89.9489          1448
       90.002          1448
      90.0152          1448
      90.0341          1448
      90.0531          1448
      90.0815          1448
      90.0909          1448
      90.1193          1448
      90.1288          1448
      90.1571          1448
      90.1666          1448
       90.195          1448
      90.2044          1448
      90.2328          1448
      90.2423          1448
      90.2707          1448
      90.2801          1448
      90.3085          1448
       90.318          1448
      90.3455          1448
      90.3549          1448
      90.3707          1448
      90.3802          1448
       90.418          1448
      90.4275          1448
      90.4464          1448
      90.4653          1448
      90.4937          1448
      90.5032          1448
      90.5316          1448
       90.541          1448
      90.5694          1448
      90.5789          1448
      90.6072          1448
      90.6167          1448
      90.6451          1448
      90.6546          1448
      90.6829          1448
      90.6924          1448
      90.7208          1448
      90.7302          1448
      90.7586          1448
      90.7681          1448
      90.7965          1448
      90.8059          1448
      90.8343          1448
      90.8438          1448
      90.8722          1448
      90.8816          1448
        90.91          1448
      90.9195          1448
      90.9479          1448
      90.9573          1448
      90.9857          1448
      90.9952          1448
      91.0252          1448
      91.0363          1448
      91.0695          1448
      91.0806          1448
      91.1028          1448
      91.1249          1448
      91.1471          1448
      91.1693          1448
      91.1914          1448
      91.2136          1448
      91.2358          1448
       91.258          1448
      91.2801          1448
      91.3023          1448
      91.3245          1448
      91.3466          1448
      91.3577          1448
      91.3688          1448
      91.4131          1448
      91.4242          1448
      91.4353          1448
      91.4464          1448
      91.4797          1448
      91.4907          1448
      91.5018          1448
      91.5129          1448
      91.5462          1448
      91.5572          1448
      91.5683          1448
      91.5794          1448
      91.6238          1448
      91.6348          1448
      91.6459          1448
      91.6792          1448
      91.7014          1448
      91.7235          1448
      91.7457          1448
      91.7679          1448
        91.79          1448
      91.8122          1448
      91.8344          1448
      91.8565          1448
      91.8787          1448
      91.9009          1448
      91.9231          1448
      91.9452          1448
      91.9674          1448
      91.9896          1448
      92.0117          1448
      92.0506          1448
      92.0895          1448
      92.1284          1448
      92.1673          1448
      92.2062          1448
       92.245          1448
      92.2839          1448
      92.3151           849
      92.3855          1448
       92.405          1448
      92.4633          1448
      92.4828          1448
      92.5022          1448
      92.5605          1448
        92.58          1448
      92.5994          1448
      92.6577          1448
        92.93         10136
      92.9883          1448
      93.0172          1448
      93.0266          1448
      93.0737          1448
      93.0831          1448
      93.0925          1448
      93.1397          1448
      93.1491          1448
      93.1585          1448
      93.1868          1448
      93.2151          1448
      93.2245          1448
      93.2528          1448
      93.2622          1448
      93.2905          1448
      93.2999          1448
      93.3282          1448
      93.3376          1448
      93.3659          1448
      93.3753          1448
      93.4036          1448
       93.413          1448
      93.4412          1448
      93.4507          1448
      93.4789          1448
      93.4884          1448
      93.5166          1448
      93.5261          1448
      93.5543          1448
      93.5638          1448
      93.5826          1448
      93.6015          1448
      93.6203          1448
      93.6392          1448
       93.658          1448
      93.6769          1448
      93.6957          1448
      93.7146          1448
      93.7334          1448
      93.7494          1000
      104.412          1448
      104.453          1448
      104.853          7240
       105.02          5792
      105.081          1448
      105.098          1448
      105.116          1448
      105.168          1448
      105.186          1448
      105.256          1448
      105.273          1448
      105.308          1448
      105.343          1448
      105.378          1448
      105.413          1448
      105.448          1448
      105.483          1448
      105.518          1448
      105.553          1448
      105.571          1448
      105.588          1448
      105.606          1448
      105.641          1448
      105.659          1448
      105.676          1448
      105.694          1448
      105.729          1448
      105.746          1448
      105.764          1448
      105.781          1448
      105.816          1448
      105.834          1448
      105.851          1448
      105.869          1448
      105.921          1448
      105.956          1448
      106.134          7240
      106.265          5792
      106.331          1448
      106.343          1448
      106.375          1168
      106.443          1448
      106.465          1448
      106.488          1448
      106.533          1448
      106.545          1448
      106.567          1448
      106.601          1448
      106.613          1448
      106.635          1448
      106.658          1448
      106.681          1448
      106.703          1448
      106.726          1448
      106.749          1448
      106.771          1448
      106.794          1448
      106.817          1448
      106.828          1448
      106.839          1448
      106.862          1448
      106.896          1448
      106.907          1448
      106.919          1448
       106.93          1448
      106.964          1448
      106.975          1448
      106.987          1448
      106.998          1448
      107.032          1448
      107.043          1448
      107.055          1448
      107.066          1448
        107.1          1448
      107.122          1448
      107.133          1448
      107.167          1448
       107.19          1448
      107.212          1448
       107.37          8688
      107.548          5792
      107.605          1448
      107.616          1448
       107.65          1448
      107.683          1448
      107.695          1448
      107.751          1448
      107.762          1448
      107.815          1000
      107.873          1448
      107.884          1448
      107.918          1448
      107.941          1448
       107.96          1448
      107.972          1448
      107.995          1448
      108.006          1448
      108.029          1448
      108.053          1448
      108.077          1448
        108.1          1448
      108.124          1448
      108.147          1448
      108.312         10136
      108.344          1448
      108.379          1448
      108.391          1448
      108.434          1448
      108.446          1448
      108.489          1448
      108.501          1448
      108.545          1448
      108.556          1448
      108.611          1448
      108.623          1448
      108.682          1448
      108.694          1448
      108.706          1448
      108.753          1448
      108.765          1448
      108.788          1448
      108.812          1448
      108.835          1448
      108.859          1448
      108.883          1448
      108.906          1448
       108.93          1448
      108.953          1448
      108.977          1448
          109          1448
      109.035          1448
       109.08          1448
      109.125          1448
       109.17          1448
      109.215          1448
      110.233          4064
      110.296          1448
      110.571          1448
      110.591          1448
       110.69          1448
       110.71          1448
      110.749          1448
      110.809          1448
      110.829          1448
      110.868          1448
      110.908          1448
      110.947          1448
      110.987          1448
      111.007          1448
       111.14         11584
      111.269          8688
      111.288          1448
      111.316          1448
      111.335          1448
      111.344          1448
      111.363          1448
      111.382          1448
      111.401          1448
       111.42          1448
      111.439          1448
      111.458          1448
      111.477          1448
      111.496          1448
      111.515          1448
      111.638         11584
      111.681          1448
      111.691          1448
        111.7          1448
      111.743          1448
      111.753          1448
      111.796          1448
      111.805          1448
      111.846          1000
      111.905          1448
      111.915          1448
      111.924          1448
      111.934          1448
      111.981          1448
      111.991          1448
          112          1448
       112.01          1448
      112.065          1448
      112.076          1448
      112.087          1448
       112.12          1448
      112.143          1448
      112.165          1448
      112.187          1448
      112.209          1448
      112.231          1448
      112.253          1448
      112.276          1448
      112.298          1448
       112.32          1448
      112.342          1448
      112.497         10136
      112.529          1448
      112.563          1448
      112.574          1448
      112.617          1448
      112.628          1448
      112.671          1448
      112.682          1448
      112.737          1448
      112.748          1448
      112.759          1448
      112.803          1448
      112.814          1448
      112.837          1448
      112.859          1448
      112.881          1448
      112.903          1448
      112.925          1448
      112.947          1448
       112.97          1448
      112.992          1448
      113.014          1448
      113.035          1448
      113.057          1448
      113.078          1448
      113.111          1448
      113.119          1168
      113.173          1448
      113.184          1448
      113.206          1448
      113.227          1448
      113.249          1448
       113.27          1448
      113.292          1448
      113.313          1448
      113.335          1448
      113.356          1448
      113.378          1448
      113.399          1448
      113.421          1448
      113.442          1448
      113.464          1448
      113.485          1448
      113.507          1448
      113.528          1448
       113.55          1448
      113.571          1448
      113.593          1448
      113.614          1448
      113.636          1448
      113.657          1448
      113.679          1448
        113.7          1448
      113.722          1448
      113.743          1448
      113.765          1448
      113.786          1448
      113.808          1448
      113.829          1448
      113.851          1448
      113.872          1448
      113.894          1448
      113.915          1448
      113.937          1448
      113.958          1448
       113.98          1448
      114.001          1448
      114.027          1448
      114.058          1448
      114.089          1448
       114.12          1448
      114.151          1448
      114.368         10136
      114.399          1448
       114.43          1448
      114.446          1448
      114.488          1000
       122.04          1448
      122.048          1448
      122.057          1448
        122.1          1448
      122.109          1448
      122.117          1448
      122.152          1448
       122.16          1448
      122.169          1448
      122.177          1448
      122.186          1448
      122.195          1448
      122.229          1448
      122.237          1448
      122.254          1448
      122.263          1448
      122.271          1448
      122.297          1448
      122.314          1448
      122.519         10136
      122.545          5792
      122.613         11584
      122.622          1448
      122.639          1448
      122.656          1448
      122.673          1448
      122.682          1448
      122.818          7240
       122.87          5792
      122.936          4064
      123.003          1448
      123.012          1448
      123.052          1448
      123.092          1448
      123.332          8688
      123.585          5792
      123.649          1448
      123.669          1448
      123.689          1448
      123.749          1448
      123.769          1448
      123.849          1448
      123.869          1448
      123.949          1448
      123.969          1448
      124.009          1448
      124.051          1448
      124.093          1448
      124.135          1448
      124.155          1448
      124.176          1448
      124.197          1448
      124.239          1448
       124.26          1448
      124.281          1448
      124.302          1448
      124.344          1448
      124.364          1448
      124.385          1448
      124.406          1448
      124.448          1448
      124.469          1448
       124.49          1448
      124.511          1448
      124.553          1448
      124.573          1448
      124.594          1448
      124.615          1448
      124.678          1448
       124.72          1448
      124.741          1448
      124.803          1448
      124.824          1448
      124.845          1448
      124.908          1448
      124.929          1448
       124.95          1448
      124.978          1000
      125.108          1448
      125.188          1448
      125.588          5792
      125.838          5792
      125.922          1448
      125.962          1448
      126.042          1448
      126.091          1448
      126.141          1448
       126.19          1448
       126.24          1448
      126.289          1448
      126.339          1448
      126.388          1448
      126.635          7240
      126.907          5792
          127          1448
       127.03          1448
      127.042          1448
       127.08          1448
      127.085          1448
      127.129          1448
      127.135          1448
      127.178          1448
      127.184          1448
      127.227          1448
      127.233          1448
      127.239          1448
      127.276          1448
      127.282          1448
      127.288          1448
      127.293          1448
      127.331          1448
      127.337          1448
      127.343          1448
      127.348          1448
      127.386          1448
      127.392          1448
      127.398          1448
      127.403          1448
      127.441          1448
      127.446          1168
      127.495          1448
        127.5          1448
      127.506          1448
      127.512          1448
       127.55          1448
      127.555          1448
      127.561          1448
      127.567          1448
      127.605          1448
       127.61          1448
      127.616          1448
      127.622          1448
      127.659          1448
      127.665          1448
      127.671          1448
      127.677          1448
      127.714          1448
       127.72          1448
      127.726          1448
      127.732          1448
      127.769          1448
      127.775          1448
      127.781          1448
      127.787          1448
      127.824          1448
       127.83          1448
      127.836          1448
      127.842          1448
      127.879          1448
      127.885          1448
      127.891          1448
      127.897          1448
      127.934          1448
       127.94          1448
      127.946          1448
      127.952          1448
      127.989          1448
      127.995          1448
      128.001          1448
      128.007          1448
      128.044          1448
       128.05          1448
      128.056          1448
      128.061          1448
      128.099          1448
      128.105          1448
      128.111          1448
      128.116          1448
      128.154          1448
       128.16          1448
      128.165          1448
      128.171          1448
      128.209          1448
      128.214          1448
       128.22          1448
      128.224          1000
      137.299          1448
       137.31          1448
      137.332          1448
      137.355          1448
      137.377          1448
      137.399          1448
      137.422          1448
      137.444          1448
      137.466          1448
      137.489          1448
      137.668          8688
        137.7          5792
      137.834          8688
      137.857          1448
      137.868          1448
      137.901          1448
      137.912          1448
      137.935          1448
      137.957          1448
       137.98          1448
      138.002          1448
      138.164         10136
       138.41          5792
      138.476          1448
      138.488          1448
        138.5          1448
      138.558          1448
      138.569          1448
      138.581          1448
      138.627          1448
      138.639          1448
      138.662          1448
      138.683          1168
      138.738          1448
       138.75          1448
      138.773          1448
      138.796          1448
      138.819          1448
      138.843          1448
      138.866          1448
      138.889          1448
      138.912          1448
      138.936          1448
      138.959          1448
      138.982          1448
      139.005          1448
      139.023          1448
      139.041          1448
      139.048          1448
      139.054          1448
      139.079          1448
      139.085          1448
      139.103          1448
      139.109          1448
      139.134          1448
       139.14          1448
      139.159          1448
      139.165          1448
       139.19          1448
      139.196          1448
      139.214          1448
      139.221          1448
      139.245          1448
      139.252          1448
       139.27          1448
      139.276          1448
      139.301          1448
      139.307          1448
      139.326          1448
      139.332          1448
      139.357          1448
      139.363          1448
      139.381          1448
      139.387          1448
      139.412          1448
      139.418          1448
      139.437          1448
      139.443          1448
      139.468          1448
      139.474          1448
      139.492          1448
      139.499          1448
      139.523          1448
       139.53          1448
      139.548          1448
      139.554          1448
      139.579          1448
      139.585          1448
      139.602          1000
      139.659          1448
      139.665          1448
      139.672          1448
      139.678          1448
      139.684          1448
      139.715          1448
      139.721          1448
      139.727          1448
      139.733          1448
       139.77          1448
      139.777          1448
      139.783          1448
      139.789          1448
      139.826          1448
      139.832          1448
      139.838          1448
      139.844          1448
      139.882          1448
      139.888          1448
      139.894          1448
        139.9          1448
      139.937          1448
      139.943          1448
       139.95          1448
      139.956          1448
      139.993          1448
      139.999          1448
      140.005          1448
      140.011          1448
      140.048          1448
       140.06          1448
      140.072          1448
      140.083          1448
      140.119          1448
      140.143          1448
      140.167          1448
       140.19          1448
      140.214          1448
      140.238          1448
      140.404         10136
      140.439          1448
      140.475          1448
      140.487          1448
      140.546          1448
      140.558          1448
      140.617          1448
      140.629          1448
      140.688          1448
      140.698          1168
      140.757          1448
      140.769          1448
      140.781          1448
      140.817          1448
       140.84          1448
      140.864          1448
      140.888          1448
      140.912          1448
      140.935          1448
      140.959          1448
      140.983          1448
      141.006          1448
      141.024          1448
      141.037          1448
      141.043          1448
      141.061          1448
      141.067          1448
      141.092          1448
      141.098          1448
      141.117          1448
      141.123          1448
      141.148          1448
      141.154          1448
      141.172          1448
      141.178          1448
      141.203          1448
      141.209          1448
      141.228          1448
      141.234          1448
      141.259          1448
      141.265          1448
      141.283          1448
      141.295          1448
      141.314          1448
       141.32          1448
      141.339          1448
      141.345          1448
      141.364          1448
       141.37          1448
      141.388          1448
      141.394          1448
      141.413          1448
      141.419          1448
      141.437          1448
      141.444          1448
      141.462          1448
      141.468          1448
      141.487          1448
      141.493          1448
      141.512          1448
      141.518          1448
      141.536          1448
      141.542          1448
      141.561          1448
      141.567          1448
      141.584          1000
      141.641          1448
      141.647          1448
      141.653          1448
      141.672          1448
      141.678          1448
      141.708          1448
      141.715          1448
      141.733          1448
      141.739          1448
       141.77          1448
      141.776          1448
      141.794          1448
        141.8          1448
      141.831          1448
      141.837          1448
      141.855          1448
      141.861          1448
      141.892          1448
      141.898          1448
      141.916          1448
      141.923          1448
      141.953          1448
      141.959          1448
      141.978          1448
      141.984          1448
      142.017          1448
      142.025          1448
      142.042          1448
      142.059          1448
      142.084          1448
      142.092          1448
      142.109          1448
      142.126          1448
      142.151          1448
       142.16          1448
      142.177          1448
      142.193          1448
      142.219          1448
      142.227          1448
      142.244          1448
      142.261          1448
      142.278          1448
      142.286          1448
      142.303          1448
      142.311          1448
      142.337          1448
      142.345          1448
      142.362          1448
       142.37          1448
      142.396          1448
      142.404          1448
      142.429          1448
      142.438          1448
      142.463          1448
      142.471          1448
      142.497          1448
      142.505          1448
       142.53          1448
      142.539          1448
      142.564          1448
      142.572          1448
      142.598          1448
      142.606          1448
      142.631          1448
       142.64          1448
      142.665          1448
      142.673          1448
      142.699          1448
      142.707          1448
      142.732          1448
      142.741          1448
      142.766          1448
      142.774          1448
        142.8          1448
      142.808          1448
      142.825          1448
      142.833          1448
      142.851          1448
       142.86          1448
      142.885          1448
      142.894          1448
      142.903          1448
      142.912          1448
      142.937          1448
      142.945          1448
      142.955          1448
      142.963          1448
      142.988          1448
      142.997          1448
      143.006          1448
      143.015          1448
      143.048          1448
      143.058          1448
      143.069          1448
       143.08          1448
      143.113          1448
      143.134          1448
      143.145          1448
      143.178          1448
        143.2          1448
      143.221          1448
      143.373         10136
      143.417          1448
      143.428          1448
      143.439          1448
      143.493          1448
      143.504          1448
      143.526          1448
      143.558          1448
      143.569          1448
      143.591          1448
      143.609           918
      145.207          1448
      145.228          1448
      145.269          1448
      145.311          1448
      145.353          1448
      145.395          1448
      145.437          1448
      145.666         10136
       145.71          1448
      145.731          1448
      145.752          1448
      145.795          1448
      145.816          1448
      145.859          1448
       145.88          1448
      145.923          1448
      145.944          1448
      145.965          1448
      146.028          1448
      146.068          1448
      146.148          1448
      146.228          1448
      146.709          5792
      146.875          5792
      146.958          1448
      146.999          1448
      147.039          1448
      147.055          1448
      147.063          1448
      147.114          1448
      147.131          1448
      147.174          1448
      147.182          1448
       147.19          1448
      147.225          1448
      147.233          1448
      147.242          1448
       147.25          1448
      147.285          1448
      147.293          1448
      147.301          1448
      147.309          1448
      147.344          1448
       147.35          1000
