     Time_Now Bytes Received 
      2.08939          1448
        2.097          1448
      2.10461          1448
      2.11222          1448
      2.11984          1448
      2.12745          1448
      2.13506          1448
      2.14267          1448
      2.15028          1448
       2.1579          1448
      2.16551          1448
      2.17312          1448
      2.18073          1448
      2.18835          1448
      2.19596          1448
      2.20357          1448
      2.40149         21720
      2.45478         10136
      2.47761         11584
      2.54118          8688
      2.57811          7240
      2.58953          8688
      2.62254         14480
      2.63015          1448
      2.63396          1448
      2.63776          1448
      2.64157          1448
      2.64538          1448
      2.64918          1448
      2.65299          1448
      2.66441          1448
      2.66821          1448
      2.67963          1448
      2.68344          1448
      2.68724          1448
      2.69105          1448
      2.69486          1448
      2.69866          1448
      2.70247          1448
      2.70627          1448
      2.71769          1448
      2.72531          1448
      2.73292          1448
      2.74053          1448
      2.74434          1448
      2.74814          1448
      2.75195          1448
      2.75575          1448
      2.75956          1448
      2.77098          1448
      2.77859          1448
       2.7862          1448
      2.79382          1448
      2.80143          1448
      2.80523          1448
      2.80904          1448
      2.81285          1448
      2.81665          1448
      2.82807          1448
      2.83568          1448
      2.92703         20272
      2.93845          1448
      2.94987          1448
      2.95367          1448
       2.9689          1448
       2.9727          1448
      2.97651          1448
      2.98032          1448
      2.99173          1448
      3.00315          1448
      3.00696          1448
      3.02327          1448
      3.02744          1448
      3.03578          1448
      3.04412          1448
      3.05246          1448
       3.0608          1448
      3.06914          1448
      3.07748          1448
      3.08581          1448
      3.09337          1448
      3.09755          1448
      3.10171          1448
      3.10823          1448
       3.1124          1448
      3.12491          1448
      3.12908          1448
      3.14499          1448
      3.15333          1448
      3.16167          1448
         3.17          1448
      3.17834          1448
      3.18668          1448
      3.19502          1448
      3.20336          1448
       3.2117          1448
      3.21999          1433
      3.26746          1448
      3.27163          1448
      3.27997          1448
      3.28831          1448
      3.29664          1448
      3.30498          1448
      3.31332          1448
      3.32166          1448
         3.33          1448
      3.33834          1448
      3.34668          1448
      3.35501          1448
      3.36335          1448
      3.37169          1448
      3.46342         15928
      3.48585          1448
      3.49419          1448
      3.50253          1448
      3.51087          1448
      3.51504          1448
      3.54164          1448
      3.54581          1448
      3.55832          1448
      3.56249          1448
      3.59325          1448
      3.59741          1448
      3.60575          1448
      3.60992          1448
      3.64068          1448
      3.64485          1448
      3.65736          1448
      3.66153          1448
      3.68812          1448
      3.69229          1448
      3.70896          1448
      3.71313          1448
      3.73555          1448
      3.73972          1448
      3.74389          1448
      3.76057          1448
      3.76891          1448
      3.78975          1448
      3.79392          1448
      3.79809          1448
      3.80226          1448
      3.81634          1448
      3.82051          1448
      3.84136          1448
      3.84553          1448
       3.8497          1448
      3.85387          1448
      3.86795          1448
      3.87212          1448
      3.89296          1448
      3.89713          1448
       3.9013          1448
      3.90547          1448
      3.91955          1448
      3.92372          1448
      3.94457          1448
      3.94874          1448
      3.95291          1448
      3.95708          1448
      3.97116          1448
      3.97533          1448
      3.99617          1448
      4.00034          1448
      4.00451          1448
      4.00868          1448
      4.02226          1448
      4.02593          1448
      4.04728          1448
      4.05095          1448
      4.05562          1448
      4.05929          1448
      4.07287          1448
      4.07654          1448
      4.08387          1448
      4.09788          1448
      4.10155          1448
      4.10622          1448
      4.10989          1448
      4.12347          1448
      4.12714          1448
      4.15215          1448
      4.15582          1448
      4.16315          1448
      4.17049          1448
      4.17783          1448
      4.18517          1448
      4.19984          1448
      4.20351          1448
      4.21452          1448
      4.21819          1448
       4.2292          1448
      4.23287          1448
      4.25121          1448
      4.25488          1448
      4.26589          1448
      4.26956          1448
      4.28056          1448
      4.28423          1448
      4.30258          1448
      4.30625          1448
      4.31725          1448
      4.32092          1448
      4.33193          1448
       4.3356          1448
      4.35394          1448
      4.35761          1448
      4.36862          1448
      4.37229          1448
       4.3833          1448
      4.38696          1448
      4.40531          1448
      4.40898          1448
      4.41998          1448
      4.42365          1448
      4.43466          1448
      4.43833          1448
      4.45667          1448
      4.46034          1448
      4.47135          1448
      4.47502          1448
      4.48603          1448
       4.4897          1448
      4.50361          1448
      4.50728          1448
      4.51829          1448
      4.52196          1448
      4.53296          1448
      4.53663          1448
      4.55758          1448
      4.56125          1448
      4.57226          1448
      4.57593          1448
      4.58693          1448
       4.5906          1448
      4.60895          1448
      4.61262          1448
      4.62362          1448
      4.62729          1448
       4.6383          1448
      4.64197          1448
      4.66031          1448
      4.66398          1448
      4.67499          1448
      4.67866          1448
      4.68966          1448
      4.69333          1448
      4.71168          1448
      4.71535          1448
      4.72635          1448
      4.73002          1448
      4.74103          1448
       4.7447          1448
      4.76305          1448
      4.76671          1448
      4.77772          1448
      4.78139          1448
       4.7924          1448
      4.79607          1448
      4.81441          1448
      4.81808          1448
      4.82909          1448
      4.83276          1448
      4.84376          1448
      4.84743          1448
      4.86578          1448
      4.86945          1448
      4.88045          1448
      4.88412          1448
      4.89513          1448
       4.8988          1448
      4.91714          1448
      4.92081          1448
      4.93182          1448
      4.93549          1448
       4.9465          1448
      4.95017          1448
      4.96851          1448
      4.97218          1448
      4.98319          1448
      4.98686          1448
      4.99786          1448
      5.00153          1448
       5.0157          1448
      5.01797          1448
      5.02961          1448
      5.03189          1448
      5.04429          1448
      5.04656          1448
      5.06352          1448
      5.06579          1448
      5.07743          1448
      5.07971          1448
      5.09211          1448
      5.09438          1448
      5.11134          1448
      5.11361          1448
      5.12525          1448
      5.12753          1448
      5.13992          1448
       5.1422          1448
      5.15915          1448
      5.16143          1448
      5.17307          1448
      5.17534          1448
      5.18774          1448
      5.19002          1448
      5.20697          1448
      5.20925          1448
      5.22089          1448
      5.22316          1448
      5.23556          1448
      5.23784          1448
      5.25251          1448
      5.25479          1448
      5.26643          1448
      5.26871          1448
      5.28111          1448
      5.28338          1448
      5.30153          1448
      5.30381          1448
      5.31519          1448
      5.31747          1448
      5.32665          1448
      5.32892          1448
      5.34935          1448
      5.35163          1448
      5.36301          1448
      5.36529          1448
      5.37219          1448
      5.37447          1448
      5.39717          1448
      5.39945          1448
      5.41083          1448
       5.4131          1448
      5.41539           434
      5.46096          1448
      5.46323          1448
      5.46551          1448
      5.46779          1448
      5.47006          1448
      5.47234          1448
      5.47462          1448
      5.50878          1448
      5.51105          1448
      5.51333          1448
       5.5156          1448
      5.51788          1448
      5.52016          1448
      5.55432          1448
       5.5566          1448
      5.55887          1448
      5.56115          1448
      5.56342          1448
       5.5657          1448
       5.6021          1448
      5.60438          1448
      5.60666          1448
      5.60893          1448
      5.61121          1448
      5.61348          1448
      5.64992          1448
       5.6522          1448
      5.65447          1448
      5.65675          1448
      5.65903          1448
       5.6613          1448
      5.69774          1448
      5.70002          1448
      5.70229          1448
      5.70457          1448
      5.70685          1448
      5.70912          1448
      5.74556          1448
      5.74784          1448
      5.75011          1448
      5.75239          1448
      5.75467          1448
      5.75694          1448
      5.79338          1448
      5.79566          1448
      5.79793          1448
      5.80021          1448
      5.80248          1448
      5.80476          1448
       5.8412          1448
      5.84347          1448
      5.84575          1448
      5.84803          1448
       5.8503          1448
      5.85258          1448
      5.88902          1448
      5.89129          1448
      5.89357          1448
      5.89584          1448
      5.89812          1448
       5.9004          1448
       5.9359          1448
      5.93818          1448
      5.94045          1448
      5.94273          1448
      5.94501          1448
      5.94728          1448
      5.98375          1448
       5.9883          1448
      5.99285          1448
      5.99741          1448
      6.00196          1448
      6.00651          1448
      6.03014          1448
      6.03193          1448
      6.03924          1448
      6.04104          1448
      6.04835          1448
      6.05014          1448
        6.077          1448
       6.0788          1448
      6.08611          1448
      6.08791          1448
      6.09521          1448
      6.09701          1448
      6.12387          1448
      6.12566          1448
      6.13297          1448
      6.13477          1448
      6.14208          1448
      6.14387          1448
      6.17073          1448
      6.17253          1448
      6.17983          1448
      6.18163          1448
      6.18894          1448
      6.19074          1448
       6.2176          1448
      6.21939          1448
       6.2267          1448
       6.2285          1448
       6.2358          1448
       6.2376          1448
      6.26446          1448
      6.26626          1448
      6.27356          1448
      6.27536          1448
      6.28267          1448
      6.28447          1448
      6.31132          1448
      6.31312          1448
      6.32043          1448
      6.32223          1448
      6.32953          1448
      6.33133          1448
      6.35819          1448
      6.35999          1448
      6.36729          1448
      6.36909          1448
       6.3764          1448
       6.3782          1448
      6.40505          1448
      6.40685          1448
      6.41416          1448
      6.41596          1448
      6.42326          1448
      6.42506          1448
      6.45192          1448
      6.45372          1448
      6.46102          1448
      6.46282          1448
      6.47013          1448
      6.47193          1448
      6.49878          1448
      6.50058          1448
      6.50789          1448
      6.50969          1448
      6.51699          1448
      6.51879          1448
      6.54565          1448
      6.54744          1448
      6.55475          1448
      6.55655          1448
      6.56386          1448
      6.56565          1448
      6.59251          1448
      6.59431          1448
      6.60162          1448
      6.60342          1448
      6.61072          1448
      6.61252          1448
      6.63938          1448
      6.64117          1448
      6.64848          1448
      6.65028          1448
      6.65759          1448
      6.65938          1448
      6.68624          1448
      6.68804          1448
      6.69534          1448
      6.69714          1448
      6.70445          1448
      6.70625          1448
       6.7331          1448
       6.7349          1448
      6.74221          1448
      6.74401          1448
      6.75131          1448
      6.75311          1448
      6.77997          1448
      6.78177          1448
      6.78907          1448
      6.79087          1448
      6.79267          1448
      6.79818          1448
      6.79998          1448
      6.82683          1448
      6.83043          1448
      6.83414          1448
      6.83594          1448
      6.83774          1448
      6.83954          1448
      6.84504          1448
      6.84684          1448
       6.8755          1448
       6.8773          1448
        6.881          1448
       6.8828          1448
       6.8846          1448
       6.8864          1448
      6.89191          1448
      6.89371          1448
      6.92236          1448
      6.92416          1448
      6.92787          1448
      6.92967          1448
      6.93147          1448
      6.93327          1448
      6.93877          1448
      6.94057          1448
      6.96923          1448
      6.97103          1448
      6.97473          1448
      6.97653          1448
      6.97833          1448
      6.98013          1448
      6.98564          1448
      6.98744          1448
       7.0159          1448
      7.01751          1448
      7.02141          1448
      7.02302          1448
      7.02501          1448
      7.02661          1448
      7.03231          1448
      7.03392          1448
      7.06238          1448
      7.06399          1448
      7.06789          1448
       7.0695          1448
      7.07149          1448
       7.0731          1448
      7.07879          1448
       7.0804          1448
      7.10887          1448
      7.11048          1448
      7.11437          1448
      7.11598          1448
      7.11797          1448
      7.11958          1448
      7.12528          1448
      7.12689          1448
      7.15535          1448
      7.15696          1448
      7.15857          1448
      7.16086          1448
      7.16247          1448
      7.16446          1448
      7.16606          1448
      7.17176          1448
       7.1732          1286
      7.21808          1448
      7.21969          1448
       7.2213          1448
       7.2229          1448
      7.22451          1448
      7.22612          1448
      7.22773          1448
      7.22934          1448
      7.23095          1448
      7.26456          1448
      7.26617          1448
      7.26778          1448
      7.26939          1448
        7.271          1448
      7.27261          1448
      7.27421          1448
      7.27582          1448
      7.30944          1448
      7.31105          1448
      7.31266          1448
      7.31426          1448
      7.31587          1448
      7.31748          1448
      7.31909          1448
       7.3207          1448
      7.35431          1448
      7.35592          1448
      7.35753          1448
      7.35914          1448
      7.36075          1448
      7.36236          1448
      7.36397          1448
      7.36557          1448
      7.39919          1448
       7.4008          1448
       7.4024          1448
      7.40401          1448
      7.40562          1448
      7.40723          1448
      7.40884          1448
      7.41045          1448
      7.41206          1448
      7.44406          1448
      7.44567          1448
      7.44728          1448
      7.44889          1448
       7.4505          1448
      7.45211          1448
      7.45371          1448
      7.45532          1448
      7.45693          1448
      7.45854          1448
      7.49055          1448
      7.49216          1448
      7.49376          1448
      7.49537          1448
      7.49698          1448
      7.49859          1448
       7.5002          1448
      7.50181          1448
      7.50342          1448
      7.50502          1448
      7.53703          1448
      7.53864          1448
      7.54025          1448
      7.54186          1448
      7.54346          1448
      7.54507          1448
      7.54668          1448
      7.54829          1448
       7.5499          1448
      7.55151          1448
      7.58351          1448
      7.58512          1448
      7.58673          1448
      7.58834          1448
      7.58995          1448
      7.59156          1448
      7.59316          1448
      7.59477          1448
      7.59638          1448
      7.59799          1448
       7.5996          1448
         7.63          1448
      7.63161          1448
      7.63321          1448
      7.63482          1448
      7.63643          1448
      7.63804          1448
      7.63965          1448
      7.64126          1448
      7.64287          1448
      7.64447          1448
      7.67487          1448
      7.67648          1448
      7.67809          1448
       7.6797          1448
      7.68131          1448
      7.68292          1448
      7.68452          1448
      7.68613          1448
      7.68774          1448
      7.68935          1448
      7.71975          1448
      7.72136          1448
      7.72296          1448
      7.72457          1448
      7.72618          1448
      7.72779          1448
       7.7294          1448
      7.73101          1448
      7.73262          1448
      7.73422          1448
      7.76462          1448
      7.76623          1448
      7.76784          1448
      7.76945          1448
      7.77106          1448
      7.77266          1448
      7.77427          1448
      7.77588          1448
      7.77749          1448
       7.7791          1448
      7.78071          1448
       7.8095          1448
      7.81111          1448
      7.81271          1448
      7.81432          1448
      7.81593          1448
      7.81754          1448
      7.81915          1448
      7.82076          1448
      7.82237          1448
      7.82397          1448
      7.82558          1448
      7.82719          1448
      7.85598          1448
      7.85759          1448
       7.8592          1448
      7.86081          1448
      7.86242          1448
      7.86402          1448
      7.86563          1448
      7.86724          1448
      7.86885          1448
      7.87046          1448
      7.87207          1448
      7.87368          1448
      7.90246          1448
      7.90407          1448
      7.90568          1448
      7.90729          1448
       7.9089          1448
      7.91051          1448
      7.91212          1448
      7.91372          1448
      7.91533          1448
      7.91694          1448
      7.91855          1448
      7.92016          1448
      7.92177          1448
      7.94895          1448
      7.95056          1448
      7.95216          1448
      7.95377          1448
      7.95538          1448
      7.95699          1448
       7.9586          1448
      7.96021          1448
      7.96182          1448
      7.96342          1448
      7.96503          1448
      7.96664          1448
      7.99382          1448
      7.99543          1448
      7.99704          1448
      7.99865          1448
      8.00026          1448
      8.00187          1448
      8.00347          1448
      8.00508          1448
      8.00669          1448
       8.0083          1448
      8.00961          1448
      8.01093          1448
       8.0384          1448
      8.03972          1448
      8.04103          1448
      8.04234          1448
      8.04366          1448
      8.04497          1448
      8.04629          1448
      8.04805          1448
      8.04937          1448
      8.05127          1448
      8.05259          1448
      8.05419          1448
      8.05551          1448
      8.08298          1448
       8.0843          1448
      8.08561          1448
      8.08693          1448
      8.08824          1448
      8.08955          1448
      8.09087          1448
      8.09218          1448
      8.09395          1448
      8.09526          1448
      8.09717          1448
      8.09848          1448
      8.10009          1448
       8.1014          1448
      8.12888          1448
      8.13019          1448
      8.13151          1448
      8.13282          1448
      8.13413          1448
      8.13545          1448
      8.13676          1448
      8.13761           917
      8.18222          1448
      8.18353          1448
      8.18485          1448
      8.18616          1448
      8.18747          1448
      8.18879          1448
       8.1901          1448
      8.19142          1448
      8.19273          1448
      8.19404          1448
      8.19536          1448
      8.19667          1448
      8.19798          1448
       8.1993          1448
      8.20061          1448
      8.22811          1448
      8.22943          1448
      8.23074          1448
      8.23206          1448
      8.23337          1448
      8.23468          1448
        8.236          1448
      8.23731          1448
      8.23862          1448
      8.23994          1448
      8.24125          1448
      8.24257          1448
      8.24388          1448
      8.24519          1448
      8.27269          1448
      8.27401          1448
      8.27532          1448
      8.27664          1448
      8.27795          1448
      8.27926          1448
      8.28058          1448
      8.28189          1448
       8.2832          1448
      8.28452          1448
      8.28583          1448
      8.28715          1448
      8.28846          1448
      8.28977          1448
      8.29109          1448
      8.31727          1448
      8.31859          1448
       8.3199          1448
      8.32122          1448
      8.32253          1448
      8.32384          1448
      8.32516          1448
      8.32647          1448
      8.32778          1448
       8.3291          1448
      8.33041          1448
      8.33173          1448
      8.33304          1448
      8.33435          1448
      8.33567          1448
      8.33698          1448
      8.36317          1448
      8.36448          1448
       8.3658          1448
      8.36711          1448
      8.36842          1448
      8.36974          1448
      8.37105          1448
      8.37236          1448
      8.37368          1448
      8.37499          1448
      8.37631          1448
      8.37762          1448
      8.37893          1448
      8.38025          1448
      8.38156          1448
      8.38288          1448
      8.38419          1448
      8.40906          1448
      8.41038          1448
      8.41169          1448
        8.413          1448
      8.41432          1448
      8.41563          1448
      8.41695          1448
      8.41826          1448
      8.41957          1448
      8.42089          1448
       8.4222          1448
      8.42351          1448
      8.42483          1448
      8.42614          1448
      8.42746          1448
      8.42877          1448
      8.45364          1448
      8.45496          1448
      8.45627          1448
      8.45758          1448
       8.4589          1448
      8.46021          1448
      8.46152          1448
      8.46284          1448
      8.46415          1448
      8.46547          1448
      8.46678          1448
      8.46809          1448
      8.46941          1448
      8.47072          1448
      8.47203          1448
      8.47335          1448
      8.47466          1448
      8.49822          1448
      8.49954          1448
      8.50085          1448
      8.50216          1448
      8.50348          1448
      8.50479          1448
       8.5061          1448
      8.50742          1448
      8.50873          1448
      8.51005          1448
      8.51136          1448
      8.51267          1448
      8.51399          1448
       8.5153          1448
      8.51661          1448
      8.51793          1448
      8.51924          1448
      8.52056          1448
      8.54412          1448
      8.54543          1448
      8.54674          1448
      8.54806          1448
      8.54937          1448
      8.55068          1448
        8.552          1448
      8.55331          1448
      8.55463          1448
      8.55594          1448
      8.55725          1448
      8.55857          1448
      8.55988          1448
       8.5612          1448
      8.56251          1448
      8.56382          1448
      8.56514          1448
      8.56645          1448
      8.56776          1448
      8.59001          1448
      8.59132          1448
      8.59264          1448
      8.59395          1448
      8.59526          1448
      8.59658          1448
      8.59789          1448
      8.59921          1448
      8.60052          1448
      8.60183          1448
      8.60315          1448
      8.60446          1448
      8.60578          1448
      8.60709          1448
       8.6084          1448
      8.60972          1448
      8.61103          1448
      8.61234          1448
      8.63459          1448
       8.6359          1448
      8.63722          1448
      8.63853          1448
       8.6387           138
      8.68331          1448
      8.68462          1448
      8.68594          1448
      8.68725          1448
      8.68857          1448
      8.68988          1448
      8.69119          1448
      8.69251          1448
      8.69382          1448
      8.69513          1448
      8.69645          1448
      8.69776          1448
      8.69908          1448
      8.70039          1448
       8.7017          1448
      8.70302          1448
      8.70433          1448
      8.70565          1448
      8.70696          1448
      8.70827          1448
       8.7292          1448
      8.73052          1448
      8.73183          1448
      8.73315          1448
      8.73446          1448
      8.73577          1448
      8.73709          1448
       8.7384          1448
      8.73971          1448
      8.74103          1448
      8.74234          1448
      8.74366          1448
      8.74497          1448
      8.74628          1448
       8.7476          1448
      8.74891          1448
      8.75023          1448
      8.75154          1448
      8.75285          1448
      8.75417          1448
      8.75548          1448
       8.7751          1448
      8.77641          1448
      8.77773          1448
      8.77904          1448
      8.78035          1448
      8.78167          1448
      8.78298          1448
       8.7843          1448
      8.78561          1448
      8.78692          1448
      8.78824          1448
      8.78955          1448
      8.79086          1448
      8.79218          1448
      8.79349          1448
      8.79481          1448
      8.79612          1448
      8.79743          1448
      8.79875          1448
      8.80006          1448
      8.80137          1448
      8.81968          1448
      8.82099          1448
      8.82231          1448
      8.82362          1448
      8.82493          1448
      8.82625          1448
      8.82756          1448
      8.82888          1448
      8.83019          1448
       8.8315          1448
      8.83282          1448
      8.83413          1448
      8.83544          1448
      8.83676          1448
      8.83807          1448
      8.83939          1448
       8.8407          1448
      8.84201          1448
      8.84333          1448
      8.84464          1448
      8.84595          1448
      8.84727          1448
      8.84858          1448
      8.86557          1448
      8.86689          1448
       8.8682          1448
      8.86951          1448
      8.87083          1448
      8.87214          1448
      8.87345          1448
      8.87477          1448
      8.87608          1448
       8.8774          1448
      8.87871          1448
      8.88002          1448
      8.88134          1448
      8.88265          1448
      8.88396          1448
      8.88528          1448
      8.88659          1448
      8.88791          1448
      8.88922          1448
      8.89053          1448
      8.89185          1448
      8.89316          1448
      8.91015          1448
      8.91147          1448
      8.91278          1448
      8.91409          1448
      8.91541          1448
      8.91672          1448
      8.91803          1448
      8.91935          1448
      8.92066          1448
      8.92198          1448
      8.92329          1448
       8.9246          1448
      8.92592          1448
      8.92723          1448
      8.92855          1448
      8.92986          1448
      8.93117          1448
      8.93249          1448
       8.9338          1448
      8.93511          1448
      8.93643          1448
      8.93774          1448
      8.93906          1448
      8.95473          1448
      8.95605          1448
      8.95736          1448
      8.95867          1448
      8.95999          1448
       8.9613          1448
      8.96261          1448
      8.96393          1448
      8.96524          1448
      8.96656          1448
      8.96787          1448
      8.96918          1448
       8.9705          1448
      8.97181          1448
      8.97313          1448
      8.97444          1448
      8.97575          1448
      8.97707          1448
      8.97838          1448
      8.97969          1448
      8.98101          1448
      8.98232          1448
      8.98364          1448
      8.98495          1448
      8.98626          1448
      9.00063          1448
      9.00194          1448
      9.00212           153
       9.0493          1448
      9.05318          1448
      9.05706          1448
      9.06095          1448
      9.06483          1448
      9.06871          1448
      9.07259          1448
      9.07648          1448
      9.08036          1448
      9.08424          1448
      9.08812          1448
      9.09201          1448
      9.09589          1448
      9.09977          1448
      9.10365          1448
      9.10754          1448
      9.11142          1448
       9.1153          1448
      9.11918          1448
      9.12307          1448
      9.12695          1448
      9.13083          1448
      9.13471          1448
       9.1386          1448
      9.14248          1448
      9.14636          1448
      9.15024          1448
      9.15413          1448
      9.15801          1448
       9.2706         39096
       9.3366         18824
       9.3793         21720
      9.43423         17376
      9.47363         18824
      9.48138          1448
      9.48527          1448
      9.48915          1448
      9.49303          1448
      9.49691          1448
       9.5008          1448
      9.50856          1448
      9.52078          1448
      9.53242          1448
       9.5363          1448
      9.54018          1448
      9.54406          1448
      9.54795          1448
      9.55183          1448
      9.55571          1448
      9.56793          1448
      9.57181          1448
      9.58345          1448
      9.58733          1448
      9.59121          1448
      9.59509          1448
      9.59898          1448
      9.60286          1448
      9.61508          1448
      9.61896          1448
       9.6306          1448
      9.63448          1448
      9.63836          1448
      9.64224          1448
      9.64613          1448
      9.65001          1448
      9.66222          1448
      9.66611          1448
      9.67774          1448
      9.68163          1448
      9.68551          1448
      9.68939          1448
      9.69327          1448
      9.69716          1448
      9.70937          1448
      9.71326          1448
      9.72489          1448
      9.72878          1448
      9.73266          1448
      9.73654          1448
      9.74042          1448
      9.74431          1448
      9.75652          1448
      9.76041          1448
      9.76429          1448
      9.77204          1448
      9.77593          1448
      9.77981          1448
      9.78369          1448
      9.78757          1448
      9.79145          1448
      9.80367          1448
      9.80755          1448
      9.81144          1448
      9.81532          1448
      9.82307          1448
      9.82696          1448
      9.83084          1448
      9.83472          1448
       9.8386          1448
      9.84249          1448
       9.8547          1448
      9.85858          1448
      9.86247          1448
      9.86635          1448
      9.87411          1448
      9.87799          1448
      9.88187          1448
      9.88575          1448
      9.88963          1448
      9.89352          1448
      9.90573          1448
      9.90962          1448
       9.9135          1448
      9.91738          1448
      9.92514          1448
      9.92902          1448
       9.9329          1448
      9.93678          1448
      9.94067          1448
      9.94455          1448
      9.95677          1448
      9.96065          1448
      9.96453          1448
      9.96841          1448
      9.97617          1448
      9.98005          1448
      9.98393          1448
      9.98781          1448
       9.9917          1448
      9.99558          1448
      10.0078          1448
      10.0112          1448
      10.0151          1448
      10.0185          1448
      10.0267          1448
      10.0301          1448
      10.0345          1448
      10.0379          1448
      10.0422          1448
      10.0456          1448
      10.0579          1448
      10.0613          1448
      10.0651          1448
      10.0685          1448
      10.0768          1448
      10.0802          1448
      10.0845          1448
      10.0879          1448
      10.0923          1448
      10.0957          1448
      10.1079          1448
      10.1113          1448
      10.1147          1448
      10.1181          1448
      10.1215          1448
      10.1268          1448
      10.1302          1448
      10.1346          1448
       10.138          1448
      10.1424          1448
      10.1458          1448
       10.158          1448
      10.1614          1448
      10.1648          1448
      10.1682          1448
      10.1735          1448
      10.1769          1448
      10.1813          1448
      10.1847          1448
       10.189          1448
      10.1924          1448
      10.2047          1448
      10.2081          1448
      10.2115          1448
      10.2149          1448
      10.2202          1448
      10.2236          1448
      10.2279          1448
      10.2313          1448
      10.2357          1448
      10.2391          1448
      10.2513          1448
      10.2547          1448
      10.2581          1448
      10.2615          1448
      10.2668          1448
      10.2702          1448
      10.2746          1448
       10.278          1448
      10.2824          1448
      10.2858          1448
       10.298          1448
      10.3014          1448
      10.3048          1448
      10.3082          1448
      10.3135          1448
      10.3169          1448
      10.3213          1448
      10.3247          1448
       10.329          1448
      10.3324          1448
      10.3447          1448
      10.3481          1448
      10.3515          1448
      10.3549          1448
      10.3602          1448
      10.3636          1448
      10.3679          1448
      10.3713          1448
      10.3757          1448
      10.3791          1448
      10.3913          1448
      10.3947          1448
      10.3981          1448
      10.4015          1448
      10.4068          1448
      10.4102          1448
      10.4146          1448
       10.418          1448
      10.4224          1448
      10.4258          1448
       10.438          1448
      10.4414          1448
      10.4448          1448
      10.4482          1448
      10.4535          1448
      10.4569          1448
      10.4613          1448
      10.4647          1448
       10.469          1448
      10.4724          1448
      10.4847          1448
      10.4881          1448
      10.4915          1448
      10.4949          1448
      10.5002          1448
      10.5036          1448
      10.5079          1448
      10.5113          1448
      10.5157          1448
      10.5191          1448
      10.5313          1448
      10.5347          1448
      10.5381          1448
      10.5415          1448
      10.5468          1448
      10.5502          1448
      10.5546          1448
       10.558          1448
      10.5624          1448
      10.5658          1448
       10.578          1448
      10.5814          1448
      10.5848          1448
      10.5882          1448
      10.5935          1448
      10.5969          1448
      10.6013          1448
      10.6047          1448
       10.609          1448
      10.6124          1448
      10.6247          1448
      10.6281          1448
      10.6315          1448
      10.6349          1448
      10.6402          1448
      10.6436          1448
      10.6479          1448
      10.6513          1448
      10.6557          1448
      10.6591          1448
      10.6713          1448
      10.6747          1448
      10.6781          1448
      10.6815          1448
      10.6868          1448
      10.6902          1448
      10.6946          1448
       10.698          1448
      10.7024          1448
      10.7058          1448
       10.718          1448
      10.7214          1448
      10.7248          1448
      10.7282          1448
      10.7335          1448
      10.7369          1448
      10.7413          1448
      10.7447          1448
       10.749          1448
      10.7524          1448
      10.7647          1448
      10.7681          1448
      10.7715          1448
      10.7749          1448
      10.7802          1448
      10.7836          1448
      10.7879          1448
      10.7913          1448
      10.7957          1448
      10.7991          1448
      10.8113          1448
      10.8147          1448
      10.8181          1448
      10.8215          1448
      10.8268          1448
      10.8302          1448
      10.8346          1448
       10.838          1448
      10.8424          1448
      10.8458          1448
       10.858          1448
      10.8614          1448
      10.8648          1448
      10.8682          1448
      10.8735          1448
      10.8769          1448
      10.8813          1448
      10.8847          1448
       10.889          1448
      10.8924          1448
      10.9047          1448
      10.9081          1448
      10.9115          1448
      10.9149          1448
      10.9202          1448
      10.9236          1448
      10.9279          1448
      10.9313          1448
      10.9357          1448
      10.9391          1448
      10.9513          1448
      10.9547          1448
      10.9581          1448
      10.9615          1448
      10.9668          1448
      10.9702          1448
      10.9746          1448
       10.978          1448
      10.9811          1017
      11.0268          1448
      11.0293          1448
      11.0317          1448
      11.0342          1448
      11.0366          1448
      11.0391          1448
      11.0415          1448
       11.044          1448
      11.0464          1448
      11.0489          1448
      11.0513          1448
       11.075          1448
      11.0774          1448
      11.0799          1448
      11.0823          1448
      11.0848          1448
      11.0873          1448
      11.0897          1448
      11.0922          1448
      11.0946          1448
      11.0971          1448
      11.1207          1448
      11.1232          1448
      11.1256          1448
      11.1281          1448
      11.1305          1448
       11.133          1448
      11.1354          1448
      11.1379          1448
      11.1403          1448
      11.1428          1448
      11.1664          1448
      11.1689          1448
      11.1713          1448
      11.1738          1448
      11.1762          1448
      11.1787          1448
      11.1811          1448
      11.1836          1448
      11.1861          1448
      11.1885          1448
      11.2121          1448
      11.2146          1448
      11.2171          1448
      11.2195          1448
       11.222          1448
      11.2244          1448
      11.2269          1448
      11.2293          1448
      11.2318          1448
      11.2342          1448
      11.2579          1448
      11.2603          1448
      11.2628          1448
      11.2652          1448
      11.2677          1448
      11.2701          1448
      11.2726          1448
       11.275          1448
      11.2775          1448
        11.28          1448
      11.3036          1448
       11.306          1448
      11.3085          1448
      11.3109          1448
      11.3134          1448
      11.3159          1448
      11.3183          1448
      11.3208          1448
      11.3232          1448
      11.3257          1448
      11.3493          1448
      11.3518          1448
      11.3542          1448
      11.3567          1448
      11.3591          1448
      11.3616          1448
       11.364          1448
      11.3665          1448
      11.3689          1448
      11.3714          1448
      11.3988          1448
      11.4013          1448
      11.4037          1448
      11.4062          1448
      11.4086          1448
      11.4111          1448
      11.4135          1448
       11.416          1448
      11.4185          1448
      11.4209          1448
      11.4234          1448
      11.4479          1448
      11.4504          1448
      11.4553          1448
      11.4602          1448
      11.4651          1448
      11.4675          1448
        11.47          1448
      11.4724          1448
      11.4798          1448
      11.4847          1448
      11.4896          1448
      11.4945          1448
      11.4994          1448
      11.5044          1448
      11.5093          1448
      11.5142          1448
      11.5191          1448
       11.524          1448
      11.5289          1448
      11.5338          1448
      11.5387          1448
      11.5436          1448
      11.5485          1448
      11.5534          1448
      11.5583          1448
      11.5633          1448
      11.5682          1448
      11.5731          1448
       11.578          1448
      11.5829          1448
      11.5878          1448
      11.5927          1448
      11.5976          1448
      11.6025          1448
      11.6074          1448
      11.6123          1448
      11.6172          1448
      11.6222          1448
      11.6819         20272
      11.6966          1448
      11.7062          1448
      11.7136          1448
      11.7161          1448
       11.721          1448
      11.7251          1448
      11.7276          1448
      11.7301          1448
       11.752          1448
      11.7544          1448
      11.7618          1448
      11.7642          1448
      11.7709          1448
      11.7733          1448
      11.7758          1448
      11.7782          1448
      11.8003          1448
      11.8028          1448
        11.81          1448
      11.8124          1448
       11.819          1448
      11.8215          1448
       11.824          1448
      11.8264          1448
      11.8485          1448
       11.851          1448
      11.8581          1448
      11.8606          1448
       11.863          1448
      11.8672          1448
      11.8697          1448
      11.8721          1448
      11.8746          1448
      11.8991          1448
      11.9016          1448
      11.9063          1448
      11.9088          1448
      11.9129          1448
      11.9154          1448
      11.9178          1448
      11.9203          1448
      11.9473          1448
      11.9498          1448
      11.9522          1448
      11.9547          1448
      11.9587          1448
      11.9611          1448
      11.9636          1448
       11.966          1448
      11.9955          1448
      11.9979          1448
      12.0029          1448
      12.0053          1448
      12.0078          1448
      12.0104          1448
       12.013          1448
      12.0157          1448
      12.0456          1448
      12.0483          1448
      12.0535          1448
      12.0562          1448
      12.0588          1448
      12.0614          1448
      12.0641          1448
      12.0667          1448
      12.0746          1448
      12.0957          1448
      12.0983          1448
      12.1036          1448
      12.1089          1448
      12.1141          1448
      12.1194          1448
      12.1247          1448
      12.1299          1448
      12.1352          1448
      12.1405          1448
      12.1484          1448
       12.151          1448
      12.1589          1448
      12.1615          1448
      12.1694          1448
      12.1721          1448
        12.18          1448
      12.1826          1448
      12.1905          1448
      12.1931          1448
       12.201          1448
      12.2037          1448
      12.2116          1448
      12.2142          1448
      12.2221          1448
      12.2248          1448
      12.2327          1448
      12.2353          1448
      12.2432          1448
      12.2458          1448
      12.2537          1448
      12.2564          1448
      12.2643          1448
      12.2669          1448
      12.2748          1448
      12.2774          1448
      12.2853          1448
       12.288          1448
      12.2959          1448
      12.2985          1448
      12.3064          1448
       12.309          1448
      12.3143          1448
      12.3196          1448
      12.3248          1448
      12.3301          1448
      12.3354          1448
       12.338          1448
      12.3459          1448
      12.3485          1448
      12.3564          1448
      12.3591          1448
      12.3643          1448
      12.3696          1448
      12.3775          1448
      12.3802          1448
      12.3881          1448
      12.3907          1448
      12.3986          1448
      12.4012          1448
      12.4091          1448
      12.4118          1448
      12.4144          1448
      12.4223          1448
      12.4276          1448
      12.4328          1448
      12.4381          1448
      12.4434          1448
      12.4486          1448
      12.4539          1448
      12.4592          1448
      12.4644          1448
      12.4671          1448
       12.475          1448
      12.4776          1448
      12.4855          1448
      12.4881          1448
      12.4943          1448
      12.4969          1448
      12.4998          1448
      12.5024          1448
      12.5103          1448
       12.513          1448
      12.5209          1448
      12.5235          1448
      12.5314          1448
       12.534          1448
      12.5428          1448
      12.5481          1448
      12.5534          1448
      12.5586          1448
      12.5639          1448
      12.5692          1448
      12.5744          1448
      12.5797          1448
       12.585          1448
      12.5876          1448
      12.5955          1448
      12.6008          1448
       12.606          1448
      12.6113          1448
      12.6166          1448
      12.6218          1448
      12.6271          1448
      12.6324          1448
      12.6376          1448
      12.6429          1448
      12.6482          1448
      12.6534          1448
      12.6587          1448
       12.664          1448
      12.6692          1448
      12.6745          1448
      12.6798          1448
       12.685          1448
      12.6903          1448
      12.6956          1448
      12.7009          1448
      12.7061          1448
      12.7114          1448
      12.7167          1448
      12.7219          1448
      12.7272          1448
      12.7325          1448
      12.7377          1448
       12.743          1448
      12.7483          1448
      12.7535          1448
      12.7588          1448
      12.8325         20272
      12.8405          1448
      12.8547          1448
      12.8574          1448
      12.8653          1448
      12.8679          1448
      12.8758          1448
      12.8785          1448
      12.8811          1448
      12.9006          1448
      12.9033          1448
      12.9112          1448
      12.9138          1448
      12.9217          1448
      12.9244          1448
       12.927          1448
      12.9296          1448
      12.9507          1448
      12.9533          1448
      12.9612          1448
      12.9639          1448
      12.9718          1448
      12.9744          1448
       12.977          1448
      12.9797          1448
      13.0034          1448
       13.006          1448
      13.0134          1448
      13.0158          1448
      13.0205          1448
      13.0253          1448
      13.0276          1448
        13.03          1448
      13.0324          1448
      13.0538          1448
      13.0562          1448
      13.0633          1448
      13.0657          1448
      13.0733          1448
      13.0757          1448
       13.078          1448
      13.0804          1448
      13.1018          1448
      13.1042          1448
      13.1113          1448
      13.1137          1448
      13.1213          1448
      13.1237          1448
      13.1261          1448
      13.1284          1448
      13.1498          1448
      13.1522          1448
      13.1593          1448
      13.1617          1448
      13.1693          1448
      13.1717          1448
      13.1741          1448
      13.1765          1448
      13.1978          1448
      13.2002          1448
      13.2073          1448
      13.2097          1448
      13.2121          1448
      13.2192          1448
      13.2216          1448
       13.224          1448
      13.2263          1448
      13.2435          1448
      13.2459          1448
       13.253          1448
      13.2554          1448
      13.2577          1448
      13.2601          1448
      13.2672          1448
      13.2696          1448
       13.272          1448
      13.2744          1448
      13.2957          1448
      13.2981          1448
      13.3052          1448
      13.3076          1448
      13.3124          1448
      13.3171          1448
      13.3195          1448
      13.3219          1448
      13.3242          1448
      13.3266          1448
       13.348          1448
      13.3504          1448
      13.3575          1448
      13.3599          1448
       13.367          1448
      13.3694          1448
      13.3718          1448
      13.3741          1448
      13.3765          1448
      13.3789          1448
      13.4003          1448
      13.4026          1448
      13.4098          1448
      13.4121          1448
      13.4193          1448
      13.4216          1448
       13.424          1448
      13.4264          1448
      13.4281          1033
      13.4738          1448
      13.4761          1448
      13.4785          1448
      13.4856          1448
      13.4904          1448
      13.4952          1448
      13.4999          1448
      13.5047          1448
      13.5094          1448
      13.5142          1448
      13.5189          1448
       13.526          1448
      13.5284          1448
      13.5355          1448
      13.5379          1448
       13.545          1448
      13.5474          1448
      13.5545          1448
      13.5569          1448
       13.564          1448
      13.5664          1448
      13.5759          1448
      13.5783          1448
      13.5854          1448
      13.5878          1448
      13.5949          1448
      13.5973          1448
      13.6044          1448
      13.6068          1448
      13.6139          1448
      13.6163          1448
      13.6258          1448
      13.6282          1448
      13.6353          1448
      13.6377          1448
      13.6448          1448
      13.6472          1448
      13.6543          1448
      13.6567          1448
      13.6638          1448
      13.6662          1448
      13.6757          1448
      13.6781          1448
      13.6852          1448
      13.6876          1448
      13.6947          1448
      13.6971          1448
      13.7042          1448
      13.7066          1448
      13.7137          1448
      13.7161          1448
      13.7256          1448
       13.728          1448
      13.7351          1448
      13.7375          1448
      13.7446          1448
       13.747          1448
      13.7541          1448
      13.7565          1448
      13.7636          1448
       13.766          1448
      13.7755          1448
      13.7779          1448
       13.785          1448
      13.7874          1448
      13.7945          1448
      13.7969          1448
       13.804          1448
      13.8064          1448
      13.8111          1448
      13.8159          1448
      13.8206          1448
      13.8254          1448
      13.8301          1448
      13.8349          1448
      13.8396          1448
      13.8444          1448
      13.8491          1448
      13.8539          1448
      13.8586          1448
      13.8634          1448
      13.8681          1448
      13.8729          1448
      13.8776          1448
      13.8824          1448
      13.8871          1448
      13.8919          1448
      13.8966          1448
      13.9014          1448
      13.9061          1448
      13.9109          1448
      13.9156          1448
      13.9204          1448
      13.9251          1448
      13.9299          1448
      13.9346          1448
      13.9394          1448
      13.9441          1448
      13.9489          1448
      13.9536          1448
      13.9584          1448
      13.9632          1448
      13.9679          1448
      13.9727          1448
      13.9774          1448
      13.9822          1448
      13.9869          1448
      13.9917          1448
      13.9964          1448
      14.0012          1448
      14.0059          1448
      14.0107          1448
      14.0155          1448
      14.0203          1448
      14.0251          1448
      14.0299          1448
      14.0348          1448
      14.0396          1448
      14.0444          1448
      14.0492          1448
       14.054          1448
      14.0588          1448
      14.0636          1448
      14.0685          1448
      14.0733          1448
      14.0781          1448
      14.0829          1448
      14.0877          1448
      14.0925          1448
      14.0973          1448
      14.1021          1448
       14.107          1448
      14.1118          1448
      14.1166          1448
      14.1214          1448
      14.1262          1448
       14.131          1448
      14.1358          1448
      14.1407          1448
      14.1455          1448
      14.1503          1448
      14.1551          1448
      14.1599          1448
      14.1647          1448
      14.1695          1448
      14.1743          1448
      14.1792          1448
       14.184          1448
      14.1888          1448
      14.1936          1448
      14.1984          1448
      14.2032          1448
       14.208          1448
      14.2128          1448
      14.2177          1448
      14.2225          1448
      14.2273          1448
      14.2321          1448
      14.2369          1448
      14.2417          1448
      14.2465          1448
      14.2514          1448
      14.2562          1448
       14.261          1448
      14.2658          1448
      14.2706          1448
      14.2754          1448
      14.2802          1448
       14.285          1448
      14.2899          1448
      14.2947          1448
      14.2995          1448
      14.3043          1448
      14.3091          1448
      14.3139          1448
      14.3187          1448
      14.3235          1448
      14.3284          1448
      14.3332          1448
       14.338          1448
      14.3428          1448
      14.3476          1448
      14.3524          1448
      14.3572          1448
      14.3621          1448
      14.3669          1448
      14.3717          1448
      14.3765          1448
      14.3813          1448
      14.3861          1448
      14.3909          1448
      14.3957          1448
      14.4006          1448
      14.4054          1448
      14.4102          1448
       14.415          1448
      14.4198          1448
      14.4246          1448
      14.4294          1448
      14.4343          1448
      14.4391          1448
      14.4439          1448
      14.4487          1448
      14.4535          1448
      14.4583          1448
      14.4631          1448
      14.4679          1448
      14.4728          1448
      14.4776          1448
      14.4824          1448
      14.4872          1448
       14.492          1448
      14.4968          1448
      14.5016          1448
      14.5064          1448
      14.5113          1448
      14.5161          1448
      14.5209          1448
      14.5257          1448
      14.5305          1448
      14.5353          1448
      14.5401          1448
       14.545          1448
      14.5498          1448
      14.5535          1448
      14.5559          1448
      14.5583          1448
      14.5607          1448
      14.5666          1448
       14.569          1448
      14.5762          1448
      14.5786          1448
      14.5858          1448
      14.5882          1448
      14.5954          1448
      14.5978          1448
      14.6015          1448
      14.6039          1448
      14.6064          1448
      14.6088          1448
      14.6146          1448
       14.617          1448
      14.6243          1448
      14.6267          1448
      14.6339          1448
      14.6363          1448
      14.6435          1448
      14.6459          1448
      14.6488          1102
      14.6945          1448
      14.6969          1448
      14.6993          1448
      14.7017          1448
      14.7041          1448
      14.7065          1448
      14.7089          1448
      14.7113          1448
      14.7137          1448
      14.7161          1448
      14.7185          1448
      14.7209          1448
      14.7425          1448
       14.745          1448
      14.7474          1448
      14.7498          1448
      14.7522          1448
      14.7546          1448
       14.757          1448
      14.7594          1448
      14.7618          1448
      14.7642          1448
      14.7666          1448
       14.769          1448
      14.7906          1448
       14.793          1448
      14.7954          1448
      14.7978          1448
      14.8003          1448
      14.8027          1448
      14.8051          1448
      14.8075          1448
      14.8099          1448
      14.8123          1448
      14.8147          1448
      14.8171          1448
      14.8387          1448
      14.8411          1448
      14.8435          1448
      14.8459          1448
      14.8483          1448
      14.8507          1448
      14.8531          1448
      14.8556          1448
       14.858          1448
      14.8604          1448
      14.8628          1448
      14.8652          1448
      14.8868          1448
      14.8892          1448
      14.8916          1448
       14.894          1448
      14.8964          1448
      14.8988          1448
      14.9012          1448
      14.9036          1448
       14.906          1448
      14.9084          1448
      14.9109          1448
      14.9133          1448
      14.9349          1448
      14.9373          1448
      14.9397          1448
      14.9421          1448
      14.9445          1448
      14.9469          1448
      14.9493          1448
      14.9517          1448
      14.9541          1448
      14.9565          1448
      14.9589          1448
      14.9613          1448
      14.9829          1448
      14.9854          1448
      14.9878          1448
      14.9902          1448
      14.9926          1448
       14.995          1448
      14.9974          1448
      14.9998          1448
      15.0022          1448
      15.0046          1448
       15.007          1448
      15.0105          1448
      15.0321          1448
      15.0356          1448
      15.0392          1448
      15.0427          1448
      15.0462          1448
      15.0497          1448
      15.0532          1448
      15.0567          1448
      15.0602          1448
      15.0638          1448
      15.0673          1448
      15.0708          1448
      15.0824          1448
      15.0859          1448
      15.0895          1448
       15.093          1448
      15.0965          1448
         15.1          1448
      15.1035          1448
       15.107          1448
      15.1105          1448
      15.1141          1448
      15.1176          1448
      15.1211          1448
      15.1327          1448
      15.1362          1448
      15.1398          1448
      15.1433          1448
      15.1468          1448
      15.1503          1448
      15.1538          1448
      15.1573          1448
      15.1608          1448
      15.1644          1448
      15.1679          1448
      15.1714          1448
       15.183          1448
      15.1865          1448
        15.19          1448
      15.1936          1448
      15.1971          1448
      15.2006          1448
      15.2041          1448
      15.2076          1448
      15.2111          1448
      15.2147          1448
      15.2182          1448
      15.2217          1448
      15.2333          1448
      15.2368          1448
      15.2403          1448
      15.2439          1448
      15.2474          1448
      15.2509          1448
      15.2544          1448
      15.2579          1448
      15.2614          1448
      15.2649          1448
      15.2685          1448
       15.272          1448
      15.2836          1448
      15.2871          1448
      15.2906          1448
      15.2942          1448
      15.2977          1448
      15.3012          1448
      15.3047          1448
      15.3082          1448
      15.3117          1448
      15.3152          1448
      15.3188          1448
      15.3223          1448
      15.3339          1448
      15.3374          1448
      15.3409          1448
      15.3444          1448
       15.348          1448
      15.3515          1448
       15.355          1448
      15.3585          1448
       15.362          1448
      15.3655          1448
       15.369          1448
      15.3726          1448
      15.3842          1448
      15.3877          1448
      15.3912          1448
      15.3947          1448
      15.3983          1448
      15.4018          1448
      15.4053          1448
      15.4088          1448
      15.4123          1448
      15.4158          1448
      15.4193          1448
      15.4229          1448
      15.4345          1448
       15.438          1448
      15.4415          1448
       15.445          1448
      15.4486          1448
      15.4521          1448
      15.4556          1448
      15.4591          1448
      15.4626          1448
      15.4661          1448
      15.4696          1448
      15.4732          1448
      15.4848          1448
      15.4883          1448
      15.4918          1448
      15.4953          1448
      15.4988          1448
      15.5024          1448
      15.5059          1448
      15.5094          1448
      15.5129          1448
      15.5164          1448
      15.5199          1448
      15.5235          1448
      15.5351          1448
      15.5386          1448
      15.5421          1448
      15.5456          1448
      15.5491          1448
      15.5527          1448
      15.5562          1448
      15.5597          1448
      15.5632          1448
      15.5667          1448
      15.5702          1448
      15.5737          1448
      15.5854          1448
      15.5889          1448
      15.5924          1448
      15.5959          1448
      15.5994          1448
       15.603          1448
      15.6065          1448
        15.61          1448
      15.6135          1448
       15.617          1448
      15.6205          1448
       15.624          1448
      15.6357          1448
      15.6392          1448
      15.6427          1448
      15.6462          1448
      15.6497          1448
      15.6532          1448
      15.6568          1448
      15.6603          1448
      15.6638          1448
      15.6673          1448
      15.6708          1448
      15.6743          1448
       15.686          1448
      15.6895          1448
       15.693          1448
      15.6965          1448
         15.7          1448
      15.7035          1448
      15.7071          1448
      15.7106          1448
      15.7141          1448
      15.7176          1448
      15.7211          1448
      15.7246          1448
      15.7363          1448
      15.7398          1448
      15.7433          1448
      15.7468          1448
      15.7503          1448
      15.7538          1448
      15.7574          1448
      15.7609          1448
      15.7644          1448
      15.7679          1448
      15.7714          1448
      15.7749          1448
      15.7866          1448
      15.7901          1448
      15.7936          1448
      15.7971          1448
      15.8006          1448
      15.8041          1448
      15.8077          1448
      15.8112          1448
      15.8147          1448
      15.8182          1448
      15.8217          1448
      15.8252          1448
      15.8369          1448
      15.8404          1448
      15.8439          1448
      15.8474          1448
      15.8509          1448
      15.8544          1448
      15.8579          1448
      15.8615          1448
       15.865          1448
      15.8685          1448
       15.872          1448
      15.8755          1448
      15.8872          1448
      15.8907          1448
      15.8942          1448
      15.8977          1448
      15.9012          1448
      15.9047          1448
      15.9082          1448
      15.9118          1448
      15.9153          1448
      15.9188          1448
      15.9223          1448
      15.9258          1448
      15.9375          1448
       15.941          1448
      15.9445          1448
       15.948          1448
      15.9515          1448
       15.955          1448
      15.9585          1448
      15.9621          1448
      15.9656          1448
      15.9691          1448
        15.97           346
      16.0171          1448
      16.0209          1448
      16.0247          1448
      16.0285          1448
      16.0323          1448
      16.0361          1448
      16.0399          1448
      16.0437          1448
      16.0475          1448
      16.0514          1448
      16.0552          1448
       16.059          1448
       16.068          1448
      16.0718          1448
      16.0756          1448
      16.0794          1448
      16.0832          1448
       16.087          1448
      16.0908          1448
      16.0946          1448
      16.0984          1448
      16.1022          1448
       16.106          1448
      16.1098          1448
      16.1189          1448
      16.1227          1448
      16.1265          1448
      16.1303          1448
      16.1341          1448
      16.1379          1448
      16.1417          1448
      16.1455          1448
      16.1493          1448
      16.1531          1448
      16.1569          1448
      16.1607          1448
      16.1697          1448
      16.1735          1448
      16.1773          1448
      16.1812          1448
       16.185          1448
      16.1888          1448
      16.1926          1448
      16.1964          1448
      16.2002          1448
       16.204          1448
      16.2078          1448
      16.2116          1448
      16.2206          1448
      16.2244          1448
      16.2282          1448
       16.232          1448
      16.2358          1448
      16.2396          1448
      16.2434          1448
      16.2473          1448
      16.2511          1448
      16.2549          1448
      16.2587          1448
      16.2625          1448
      16.2715          1448
      16.2753          1448
      16.2791          1448
      16.2829          1448
      16.2867          1448
      16.2905          1448
      16.2943          1448
      16.2981          1448
      16.3019          1448
      16.3057          1448
      16.3096          1448
      16.3134          1448
      16.3224          1448
      16.3262          1448
        16.33          1448
      16.3338          1448
      16.3376          1448
      16.3414          1448
      16.3452          1448
       16.349          1448
      16.3528          1448
      16.3566          1448
      16.3604          1448
      16.3642          1448
      16.3732          1448
      16.3771          1448
      16.3809          1448
      16.3847          1448
      16.3885          1448
      16.3923          1448
      16.3961          1448
      16.3999          1448
      16.4037          1448
      16.4075          1448
      16.4113          1448
      16.4151          1448
      16.4241          1448
      16.4279          1448
      16.4317          1448
      16.4355          1448
      16.4394          1448
      16.4432          1448
       16.447          1448
      16.4508          1448
      16.4546          1448
      16.4584          1448
      16.4622          1448
       16.466          1448
       16.475          1448
      16.4788          1448
      16.4826          1448
      16.4864          1448
      16.4902          1448
       16.494          1448
      16.4978          1448
      16.5016          1448
      16.5055          1448
      16.5093          1448
      16.5131          1448
      16.5169          1448
      16.5259          1448
      16.5297          1448
      16.5335          1448
      16.5373          1448
      16.5411          1448
      16.5449          1448
      16.5487          1448
      16.5525          1448
      16.5563          1448
      16.5601          1448
      16.5639          1448
      16.5678          1448
      16.5716          1448
      16.5768          1448
      16.5806          1448
      16.5844          1448
      16.5882          1448
       16.592          1448
      16.5958          1448
      16.5996          1448
      16.6034          1448
      16.6072          1448
       16.611          1448
      16.6148          1448
      16.6186          1448
      16.6238          1448
      16.6276          1448
      16.6314          1448
      16.6353          1448
      16.6391          1448
      16.6429          1448
      16.6467          1448
      16.6505          1448
      16.6543          1448
      16.6581          1448
      16.6619          1448
      16.6657          1448
      16.6709          1448
      16.6747          1448
      16.6785          1448
      16.6823          1448
      16.6861          1448
      16.6899          1448
      16.6937          1448
      16.6975          1448
      16.7014          1448
      16.7052          1448
       16.709          1448
      16.7128          1448
       16.718          1448
      16.7218          1448
      16.7256          1448
      16.7294          1448
      16.7332          1448
       16.737          1448
      16.7408          1448
      16.7446          1448
      16.7484          1448
      16.7522          1448
       16.756          1448
      16.7598          1448
      16.7651          1448
      16.7689          1448
      16.7727          1448
      16.7765          1448
      16.7803          1448
      16.7841          1448
      16.7879          1448
      16.7917          1448
      16.7955          1448
      16.7993          1448
      16.8031          1448
      16.8069          1448
      16.8121          1448
      16.8159          1448
      16.8197          1448
      16.8235          1448
      16.8273          1448
      16.8312          1448
       16.835          1448
      16.8388          1448
      16.8426          1448
      16.8464          1448
      16.8502          1448
       16.854          1448
      16.8592          1448
       16.863          1448
      16.8668          1448
      16.8706          1448
      16.8744          1448
      16.8782          1448
       16.882          1448
      16.8858          1448
      16.8896          1448
      16.8935          1448
      16.8973          1448
      16.9011          1448
      16.9049          1448
      16.9087          1448
      16.9125          1448
      16.9163          1448
      16.9201          1448
      16.9239          1448
      16.9277          1448
      16.9315          1448
      16.9353          1448
      16.9391          1448
      16.9429          1448
      16.9467          1448
      16.9505          1448
      16.9544          1448
      16.9582          1448
       16.962          1448
      16.9658          1448
      16.9696          1448
      16.9734          1448
      16.9772          1448
       16.981          1448
      16.9848          1448
      16.9886          1448
      16.9924          1448
      16.9962          1448
           17          1448
      17.0038          1448
      17.0076          1448
      17.0118          1448
       17.016          1448
      17.0201          1448
      17.0243          1448
      17.0285          1448
      17.0327          1448
      17.0368          1448
       17.041          1448
      17.0452          1448
      17.0493          1448
      17.0535          1448
      17.0577          1448
      17.0618          1448
       17.066          1448
      17.0702          1448
      17.0743          1448
      17.0785          1448
      17.0827          1448
      17.0869          1448
       17.091          1448
      17.0952          1448
      17.0994          1448
      17.1035          1448
      17.1077          1448
      17.1119          1448
       17.116          1448
      17.1202          1448
      17.1244          1448
      17.1285          1448
      17.1327          1448
      17.1369          1448
      17.1411          1448
      17.1452          1448
      17.1494          1448
      17.1536          1448
      17.1577          1448
      17.1619          1448
      17.1661          1448
      17.1702          1448
      17.1744          1448
      17.1786          1448
      17.1827          1448
      17.1869          1448
      17.1911          1448
      17.1953          1448
      17.1994          1448
      17.2036          1448
      17.2078          1448
      17.2119          1448
      17.2161          1448
      17.2203          1448
      17.2244          1448
      17.2953         24616
      17.2995          1448
      17.3052          1448
      17.3178          1448
      17.3219          1448
      17.3261          1448
      17.3303          1448
      17.3344          1448
      17.3386          1448
      17.3428          1448
      17.3469          1448
      17.3527          1448
      17.3568          1448
       17.361          1448
      17.3694          1448
      17.3735          1448
      17.3777          1448
      17.3819          1448
      17.3828           272
      17.4302          1448
      17.4344          1448
      17.4386          1448
      17.4427          1448
      17.4469          1448
      17.4511          1448
      17.4552          1448
      17.4594          1448
      17.4636          1448
      17.4678          1448
      17.4719          1448
      17.4818          1448
       17.486          1448
      17.4902          1448
      17.4943          1448
      17.4985          1448
      17.5027          1448
      17.5069          1448
       17.511          1448
      17.5152          1448
      17.5194          1448
      17.5293          1448
      17.5334          1448
      17.5376          1448
      17.5418          1448
       17.546          1448
      17.5501          1448
      17.5543          1448
      17.5585          1448
      17.5626          1448
      17.5668          1448
      17.5767          1448
      17.5809          1448
       17.585          1448
      17.5892          1448
      17.5934          1448
      17.5976          1448
      17.6059          1448
      17.6142          1448
      17.6226          1448
      17.6309          1448
      17.6393          1448
      17.6476          1448
      17.6559          1448
      17.6643          1448
      17.6726          1448
      17.6809          1448
      17.6893          1448
      17.6976          1448
       17.706          1448
      17.8144         18824
      17.8977         13032
      17.9061          1448
      17.9144          1448
      17.9228          1448
      17.9311          1448
      17.9436          1448
       17.952          1448
      17.9561          1448
      17.9645          1448
      17.9728          1448
      17.9811          1448
      17.9895          1448
      17.9978          1448
      18.0062          1448
       18.014          1448
      18.0177          1448
       18.025          1448
      18.0323          1448
      18.0397          1448
       18.047          1448
      18.0507          1448
      18.0654          1448
       18.069          1448
      18.0764          1448
      18.0837          1448
       18.091          1448
      18.0984          1448
       18.102          1448
      18.1131          1448
      18.1204          1448
      18.1277          1448
      18.1351          1448
      18.1424          1448
      18.1497          1448
      18.1571          1448
      18.1644          1448
      18.1718          1448
      18.1791          1448
      18.1864          1448
      18.1938          1448
      18.2011          1448
      18.2084          1448
      18.2158          1448
      18.2231          1448
      18.2305          1448
      18.2378          1448
      18.2451          1448
      18.2525          1448
      18.2598          1448
      18.2672          1448
      18.3398         15928
      18.3684          1448
       18.372          1448
      18.3831          1448
      18.3867          1448
      18.3904          1448
       18.419          1448
      18.4227          1448
      18.4337          1448
      18.4373          1448
      18.4659          1448
      18.4696          1448
      18.4806          1448
      18.4843          1448
      18.5129          1448
      18.5165          1448
      18.5275          1448
      18.5312          1448
      18.5598          1448
      18.5635          1448
      18.5781          1448
      18.5818          1448
      18.6067          1448
      18.6104          1448
      18.6141          1448
      18.6287          1448
      18.6324          1448
      18.6537          1448
      18.6573          1448
       18.661          1448
      18.6647          1448
      18.6793          1448
       18.683          1448
      18.7043          1448
      18.7079          1448
      18.7116          1448
      18.7153          1448
      18.7299          1448
      18.7336          1448
      18.7549          1448
      18.7585          1448
      18.7622          1448
      18.7659          1448
      18.7806          1448
      18.7842          1448
      18.8055          1448
      18.8091          1448
      18.8128          1448
      18.8165          1448
      18.8312          1448
      18.8348          1448
      18.8561          1448
      18.8597          1448
      18.8634          1448
      18.8671          1448
      18.8818          1448
      18.8854          1448
      18.9074          1448
      18.9111          1448
      18.9148          1448
      18.9185          1448
      18.9324          1448
       18.936          1448
       18.958          1448
      18.9617          1448
      18.9654          1448
      18.9691          1448
      18.9801          1448
      18.9837          1448
      18.9874          1448
      19.0087          1448
      19.0103          1448
      19.0139          1448
      19.0155          1448
      19.0286          1448
      19.0302          1448
      19.0535          1448
      19.0551          1448
      19.0588          1448
      19.0604          1448
      19.0735          1448
      19.0751          1448
      19.0984          1448
         19.1          1448
      19.1037          1448
      19.1053          1448
      19.1184          1448
        19.12          1448
      19.1433          1448
      19.1449          1448
      19.1486          1448
      19.1502          1448
      19.1632          1448
      19.1648          1448
      19.1882          1448
      19.1898          1448
      19.1934          1448
       19.195          1448
      19.2081          1448
      19.2097          1448
       19.233          1448
      19.2346          1448
      19.2383          1448
      19.2399          1448
       19.253          1448
      19.2546          1448
      19.2779          1448
      19.2795          1448
      19.2832          1448
      19.2848          1448
      19.2979          1448
      19.2995          1448
      19.3228          1448
      19.3244          1448
      19.3281          1448
      19.3297          1448
      19.3427          1448
      19.3443          1448
      19.3677          1448
      19.3693          1448
      19.3729          1448
      19.3745          1448
      19.3876          1448
      19.3892          1448
      19.4125          1448
      19.4141          1448
      19.4178          1448
      19.4194          1448
      19.4325          1448
      19.4341          1448
      19.4574          1448
       19.459          1448
      19.4627          1448
      19.4643          1448
      19.4774          1448
       19.479          1448
      19.5023          1448
      19.5039          1448
      19.5076          1448
      19.5092          1448
      19.5222          1448
      19.5238          1448
      19.5472          1448
      19.5488          1448
      19.5524          1448
       19.554          1448
      19.5671          1448
      19.5687          1448
       19.592          1448
      19.5936          1448
      19.5973          1448
      19.5989          1448
       19.612          1448
      19.6136          1448
      19.6369          1448
      19.6385          1448
      19.6422          1448
      19.6438          1448
      19.6569          1448
      19.6585          1448
      19.6818          1448
      19.6834          1448
      19.6871          1448
      19.6887          1448
      19.7017          1448
      19.7033          1448
      19.7267          1448
      19.7283          1448
      19.7319          1448
      19.7335          1448
      19.7466          1448
      19.7482          1448
      19.7715          1448
      19.7731          1448
      19.7768          1448
      19.7784          1448
      19.7915          1448
      19.7931          1448
      19.8164          1448
       19.818          1448
      19.8217          1448
      19.8233          1448
      19.8364          1448
       19.838          1448
      19.8613          1448
      19.8629          1448
      19.8666          1448
      19.8682          1448
      19.8812          1448
      19.8828          1448
      19.9062          1448
      19.9078          1448
      19.9114          1448
       19.913          1448
      19.9261          1448
      19.9277          1448
       19.951          1448
      19.9526          1448
      19.9563          1448
      19.9579          1448
       19.971          1448
      19.9726          1448
      19.9959          1448
      19.9975          1448
      20.0012          1448
      20.0028          1448
      20.0244          1448
      20.0345          1448
      20.0649          1448
       20.075          1448
      20.0953          1448
      20.1156          1448
      20.1358          1448
      20.1561          1448
      20.3182          8688
      20.4048          7240
       20.425          1448
      20.4683          1448
      20.4885          1448
      20.4987          1448
      20.5392          1448
      20.5493          1448
      20.5696          1448
      20.5899          1448
      20.6101          1448
      20.6304          1448
      20.6507          1448
      20.6709          1448
      20.6912          1448
      20.7114          1448
      20.7317          1448
       20.752          1448
      20.7722          1448
      20.7925          1448
      20.8128          1448
       20.833          1448
      20.8533          1448
      20.8735          1448
      20.8938          1448
      20.9141          1448
      20.9343          1448
      20.9546          1448
      20.9749          1448
      20.9951          1448
      21.1041         11584
      21.1542          1448
      21.1611          1448
      21.1679          1448
      21.2112          1448
       21.218          1448
      21.2613          1448
      21.2681          1448
      21.3113          1448
      21.3182          1448
      21.3614          1448
      21.3683          1448
      21.3751          1448
      21.4115          1448
      21.4184          1448
      21.4252          1448
       21.432          1448
      21.4685          1448
      21.4753          1448
      21.4821          1448
      21.4889          1448
      21.5254          1448
      21.5322          1448
       21.539          1448
      21.5459          1448
      21.5823          1448
      21.5891          1448
      21.5959          1448
      21.6028          1448
      21.6392          1448
       21.646          1448
      21.6529          1448
      21.6597          1448
      21.6961          1448
       21.703          1448
      21.7098          1448
      21.7166          1448
      21.7599          1448
      21.7667          1448
      21.7735          1448
      21.7804          1448
      21.7872          1448
      21.8213          1448
      21.8282          1448
       21.835          1448
      21.8418          1448
      21.8759          1448
      21.8828          1448
      21.8896          1448
      21.8964          1448
      21.9306          1448
      21.9374          1448
      21.9442          1448
       21.951          1448
      21.9852          1448
       21.992          1448
      21.9988          1448
      22.0057          1448
      22.0316          1448
      22.0348          1448
      22.0453          1448
      22.0485          1448
      22.0781          1448
      22.0813          1448
      22.0918          1448
      22.0949          1448
      22.1246          1448
      22.1277          1448
      22.1382          1448
      22.1414          1448
       22.171          1448
      22.1742          1448
      22.1847          1448
      22.1879          1448
      22.2175          1448
      22.2207          1448
      22.2311          1448
      22.2343          1448
      22.2639          1448
      22.2671          1448
      22.2776          1448
      22.2808          1448
      22.3104          1448
      22.3136          1448
       22.324          1448
      22.3272          1448
      22.3568          1448
        22.36          1448
      22.3705          1448
      22.3737          1448
      22.4033          1448
      22.4065          1448
      22.4169          1448
      22.4201          1448
      22.4497          1448
      22.4529          1448
      22.4634          1448
      22.4666          1448
      22.4962          1448
      22.4994          1448
      22.5099          1448
       22.513          1448
      22.5427          1448
      22.5458          1448
      22.5563          1448
      22.5595          1448
       22.589          1423
      22.6355          1448
      22.6387          1448
      22.6419          1448
      22.6451          1448
      22.6483          1448
      22.6852          1448
      22.6884          1448
      22.6916          1448
      22.6947          1448
      22.7316          1448
      22.7348          1448
       22.738          1448
      22.7412          1448
      22.7781          1448
      22.7813          1448
      22.7845          1448
      22.7877          1448
      22.8245          1448
      22.8277          1448
      22.8309          1448
      22.8341          1448
       22.871          1448
      22.8742          1448
      22.8774          1448
      22.8806          1448
      22.9175          1448
      22.9206          1448
      22.9238          1448
       22.927          1448
      22.9639          1448
      22.9671          1448
      22.9703          1448
      22.9735          1448
      23.0131          1448
      23.0191          1448
       23.025          1448
       23.031          1448
      23.0623          1448
      23.0683          1448
      23.0742          1448
      23.0802          1448
      23.1116          1448
      23.1175          1448
      23.1235          1448
      23.1294          1448
      23.1608          1448
      23.1667          1448
      23.1727          1448
      23.1786          1448
        23.21          1448
       23.216          1448
      23.2219          1448
      23.2279          1448
      23.2592          1448
      23.2652          1448
      23.2711          1448
      23.2771          1448
      23.3084          1448
      23.3144          1448
      23.3203          1448
      23.3263          1448
      23.3577          1448
      23.3636          1448
      23.3696          1448
      23.3755          1448
      23.4069          1448
      23.4128          1448
      23.4188          1448
      23.4247          1448
      23.4561          1448
       23.462          1448
       23.468          1448
      23.4739          1448
      23.5053          1448
      23.5113          1448
      23.5172          1448
      23.5232          1448
      23.5545          1448
      23.5605          1448
      23.5664          1448
      23.5724          1448
      23.6037          1448
      23.6097          1448
      23.6156          1448
      23.6216          1448
       23.653          1448
      23.6589          1448
      23.6649          1448
      23.6708          1448
      23.7022          1448
      23.7081          1448
      23.7141          1448
        23.72          1448
      23.7514          1448
      23.7573          1448
      23.7633          1448
      23.7693          1448
      23.8006          1448
      23.8066          1448
      23.8125          1448
      23.8185          1448
      23.8498          1448
      23.8558          1448
      23.8617          1448
      23.8677          1448
       23.899          1448
       23.905          1448
       23.911          1448
      23.9169          1448
      23.9483          1448
      23.9542          1448
      23.9602          1448
      23.9661          1448
      23.9975          1448
      24.0034          1448
      24.0094          1448
      24.0178          1448
      24.0597          1448
       24.068          1448
      24.0764          1448
      24.0848          1448
      24.1267          1448
      24.1351          1448
      24.1435          1448
      24.1518          1448
      24.1937          1448
      24.2021          1448
      24.2105          1448
      24.2189          1448
      24.2608          1448
      24.2691          1448
      24.2775          1448
      24.2859          1448
      24.3278          1448
      24.3362          1448
      24.3446          1448
      24.3529          1448
      24.3948          1448
      24.4032          1448
      24.4116          1448
        24.42          1448
      24.4619          1448
      24.4703          1448
       24.487          1448
      24.5038          1448
      24.5205          1448
      24.5373          1448
       24.554          1448
      24.5708          1448
      24.5876          1448
      24.6043          1448
      24.6211          1448
      24.7384         11584
      24.7817          1448
        24.79          1448
      24.7984          1448
      24.8417          1448
      24.8501          1448
      24.8585          1448
      24.9017          1448
      24.9101          1448
      24.9185          1448
      24.9268          1448
      24.9687          1448
      24.9771          1448
      24.9855          1448
      24.9939          1448
      25.0405          1448
      25.0505          1448
      25.0605          1448
      25.0704          1448
      25.1202          1448
      25.1302          1448
      25.1402          1448
      25.1501          1448
      25.1999          1448
      25.2099          1448
      25.2199          1448
      25.2298          1448
      25.2597          1448
      25.2759          1448
      25.2859          1448
      25.2958          1448
      25.3058          1448
      25.3391          1448
       25.359          1448
       25.379          1448
      25.3989          1448
      25.4188          1448
      25.4387          1448
      25.4587          1448
      25.4786          1448
      25.4985          1448
      25.5184          1448
      25.5384          1448
      25.5583          1448
      25.5782          1448
      25.5981          1448
      25.6181          1448
       25.638          1448
      25.6579          1448
      25.6779          1448
      25.8373         11584
      25.8706          1448
      25.9005          1448
      25.9104          1448
      25.9537          1448
      25.9637          1448
      26.0069          1448
      26.0169          1448
      26.0681          1448
      26.0776          1448
       26.087          1448
      26.1344          1448
      26.1438          1448
      26.1533          1448
      26.1627          1448
        26.21          1448
      26.2195          1448
       26.229          1448
      26.2384          1448
      26.2857          1448
      26.2952          1448
      26.3047          1448
      26.3141          1448
      26.3425          1448
      26.3614          1448
      26.3803          1448
      26.3993          1448
      26.4182          1448
      26.4371          1448
       26.456          1448
       26.475          1448
      26.4939          1448
      26.5128          1448
      26.5317          1448
      26.5507          1448
      26.5696          1448
      26.5885          1448
      26.6074          1448
      26.6263          1448
      26.6453          1448
      26.6642          1448
      26.6831          1448
       26.702          1448
       26.721          1448
      26.7399          1448
      26.7588          1448
      26.7777          1448
      26.7966          1448
      26.9386         11584
      26.9913          1448
      27.0008          1448
      27.0102          1448
      27.0551          1448
      27.0662          1448
      27.1095          1448
      27.1205          1448
      27.1687          1448
      27.1798          1448
      27.1909          1448
      27.2352          1448
      27.2463          1448
      27.2684          1448
      27.2906          1448
      27.3128          1448
       27.335          1448
      27.3571          1448
      27.3793          1448
      27.4015          1448
      27.4236          1448
      27.4458          1448
       27.468          1448
      27.4901          1448
      27.5123          1448
      27.5345          1448
      27.5567          1448
      27.7008         10136
      27.7551          1448
      27.7662          1448
      27.7773          1448
      27.8205          1448
      27.8316          1448
      27.8749          1448
       27.886          1448
      27.9292          1448
      27.9403          1448
      27.9836          1448
      27.9947          1448
      28.0315          1448
       28.036          1448
      28.0793          1448
      28.0839          1448
      28.0885          1448
      28.1272          1448
      28.1318          1448
      28.1363          1448
      28.1409          1448
      28.1796          1448
      28.1842          1448
      28.1888          1448
      28.1934          1448
      28.2321          1448
      28.2366          1448
      28.2412          1448
      28.2458          1448
      28.2845          1448
      28.2891          1448
      28.2937          1448
      28.2983          1448
       28.337          1448
      28.3415          1448
      28.3461          1448
      28.3507          1448
      28.3894          1448
       28.394          1448
      28.3986          1448
      28.4032          1448
      28.4418          1448
      28.4464          1448
       28.451          1448
      28.4556          1448
      28.4943          1448
      28.4989          1448
      28.5035          1448
      28.5081          1448
      28.5467          1448
      28.5513          1448
      28.5559          1448
      28.5605          1448
      28.5992          1448
      28.6038          1448
      28.6084          1448
       28.613          1448
      28.6516          1448
      28.6562          1448
      28.6608          1448
      28.6654          1448
      28.7041          1448
      28.7087          1448
      28.7133          1448
      28.7178          1448
      28.7565          1448
      28.7611          1448
      28.7657          1448
      28.7703          1448
       28.809          1448
      28.8136          1448
      28.8181          1448
      28.8227          1448
      28.8614          1448
       28.866          1448
      28.8706          1448
      28.8752          1448
      28.9139          1448
      28.9184          1448
       28.923          1448
      28.9276          1448
      28.9663          1448
      28.9709          1448
      28.9755          1448
      28.9801          1448
      29.0236          1448
       29.033          1448
      29.0424          1448
      29.0519          1448
       29.099          1448
      29.1084          1448
      29.1178          1448
      29.1273          1448
      29.1744          1448
      29.1838          1448
      29.1932          1448
      29.2026          1448
      29.2498          1448
      29.2592          1448
      29.2686          1448
       29.278          1448
      29.3252          1448
      29.3346          1448
       29.344          1448
      29.3534          1448
      29.4006          1448
        29.41          1448
      29.4194          1448
      29.4288          1448
       29.476          1448
      29.4854          1448
      29.4948          1448
      29.5042          1448
      29.5513          1448
      29.5608          1448
      29.5702          1448
      29.5796          1448
      29.6267          1448
      29.6362          1448
      29.6456          1448
       29.655          1448
      29.7021          1448
      29.7116          1448
       29.721          1448
      29.7304          1448
      29.7775          1448
       29.787          1448
      29.7964          1448
      29.8058          1448
      29.8529          1448
      29.8623          1448
      29.8718          1448
      29.8812          1448
      29.9283          1448
      29.9377          1448
      29.9472          1448
      29.9566          1448
      30.0037          1448
      30.0131          1448
       30.016          1303
      30.0625          1448
      30.0658          1448
       30.069          1448
      30.0722          1448
      30.1123          1448
      30.1155          1448
      30.1187          1448
      30.1219          1448
       30.162          1448
      30.1652          1448
      30.1684          1448
      30.1716          1448
      30.2117          1448
      30.2149          1448
      30.2181          1448
      30.2214          1448
      30.2614          1448
      30.2646          1448
      30.2679          1448
      30.2711          1448
      30.3111          1448
      30.3143          1448
      30.3176          1448
      30.3208          1448
      30.3608          1448
      30.3641          1448
      30.3673          1448
      30.3705          1448
      30.4105          1448
      30.4138          1448
       30.417          1448
      30.4202          1448
      30.4603          1448
      30.4635          1448
      30.4667          1448
      30.4699          1448
        30.51          1448
      30.5132          1448
      30.5164          1448
      30.5196          1448
      30.5597          1448
      30.5629          1448
      30.5661          1448
      30.5694          1448
      30.6094          1448
      30.6126          1448
      30.6159          1448
      30.6191          1448
      30.6591          1448
      30.6623          1448
      30.6656          1448
      30.6688          1448
      30.7088          1448
      30.7121          1448
      30.7153          1448
      30.7185          1448
      30.7585          1448
      30.7618          1448
       30.765          1448
      30.7682          1448
      30.8083          1448
      30.8115          1448
      30.8147          1448
      30.8179          1448
      30.8212          1448
       30.858          1448
      30.8612          1448
      30.8644          1448
      30.8677          1448
      30.9045          1448
      30.9077          1448
      30.9109          1448
      30.9141          1448
       30.951          1448
      30.9542          1448
      30.9574          1448
      30.9606          1448
      30.9975          1448
      31.0007          1448
      31.0039          1448
      31.0071          1448
      31.0736          1448
      31.0848          1448
      31.1072          1448
      31.1296          1448
       31.152          1448
      31.1743          1448
      31.1967          1448
      31.2191          1448
      31.2415          1448
      31.3869          8688
      31.5503          5792
      31.6159          1448
      31.6271          1448
      31.6383          1448
      31.6831          1448
      31.6943          1448
      31.7055          1448
      31.7502          1448
      31.7614          1448
      31.7838          1448
      31.8061          1448
      31.8285          1448
      31.8509          1448
      31.8733          1448
      31.8956          1448
       31.918          1448
      31.9404          1448
      31.9628          1448
      31.9852          1448
      32.0075          1448
      32.0307          1448
       32.054          1448
      32.0772          1448
      32.1004          1448
      32.1236          1448
      32.1468          1448
      32.1701          1448
       32.321         10136
      32.3759          1448
      32.3875          1448
      32.3991          1448
      32.4424          1448
       32.454          1448
      32.4972          1448
      32.5088          1448
      32.5521          1448
      32.5637          1448
       32.607          1448
      32.6186          1448
      32.6619          1448
      32.6735          1448
      32.7199          1448
      32.7315          1448
      32.7431          1448
      32.7896          1448
      32.8012          1448
      32.8244          1448
      32.8476          1448
      32.8708          1448
      32.8941          1448
      32.9173          1448
      32.9405          1448
      32.9637          1448
      32.9869          1448
      33.0101          1448
      33.0225          1448
      33.0364          1448
      33.0425          1448
      33.0719          1448
      33.0781          1448
      33.0966          1448
      33.1027          1448
      33.1275          1448
      33.1337          1448
      33.1522          1448
      33.1583          1448
      33.1831          1448
      33.1893          1448
      33.2078          1448
      33.2139          1448
      33.2387          1448
      33.2449          1448
      33.2634          1448
      33.2695          1448
      33.2943          1448
      33.3005          1448
       33.319          1448
      33.3251          1448
      33.3499          1448
      33.3561          1448
      33.3746          1448
      33.3807          1448
      33.4115          1448
      33.4177          1448
      33.4302          1448
      33.4363          1448
      33.4671          1448
      33.4733          1448
      33.4857          1448
      33.4919          1448
      33.5227          1448
      33.5289          1448
      33.5413          1448
      33.5475          1448
      33.5783          1448
      33.5845          1448
      33.5969          1448
      33.6031          1448
      33.6339          1448
      33.6401          1448
      33.6525          1448
      33.6587          1448
      33.6895          1448
      33.6957          1448
      33.7081          1448
      33.7143          1448
      33.7451          1448
      33.7513          1448
      33.7637          1448
      33.7699          1448
      33.8007          1448
      33.8069          1448
      33.8193          1448
      33.8255          1448
      33.8563          1448
      33.8625          1448
      33.8749          1448
      33.8811          1448
      33.9119          1448
      33.9181          1448
      33.9305          1448
      33.9367          1448
      33.9675          1448
      33.9737          1448
      33.9861          1448
      33.9923          1448
      34.0345          1448
      34.0464          1448
      34.0582          1448
      34.0701          1448
      34.1175          1448
      34.1294          1448
      34.1531          1448
      34.1768          1448
      34.2006          1448
      34.2243          1448
       34.248          1448
      34.2717          1448
      34.2955          1448
      34.3192          1448
      34.3429          1448
      34.3666          1448
      34.3904          1448
      34.4141          1448
      34.4378          1448
      34.4615          1448
      34.4853          1448
       34.509          1448
      34.5327          1448
      34.5564          1448
      34.5801          1448
      34.6039          1448
      34.6276          1448
      34.6513          1448
       34.675          1448
      34.6988          1448
      34.7225          1448
      34.7462          1448
      34.7699          1448
      34.7937          1448
      34.8174          1448
      34.8411          1448
      34.8648          1448
      34.8886          1448
      34.9123          1448
       34.936          1448
      34.9597          1448
      34.9834          1448
      35.0072          1448
      35.0153          1448
      35.0308          1448
      35.0348          1448
      35.0626          1448
      35.0667          1448
      35.0821          1448
      35.0862          1448
       35.114          1448
       35.118          1448
      35.1335          1448
      35.1376          1448
      35.1653          1448
      35.1694          1448
      35.1849          1448
      35.1889          1448
      35.2167          1448
      35.2208          1448
      35.2363          1448
      35.2403          1448
      35.2681          1448
      35.2722          1448
      35.2876          1448
      35.2917          1448
      35.3195          1448
      35.3235          1448
       35.339          1448
      35.3431          1448
      35.3708          1448
      35.3749          1448
      35.3911          1448
      35.3952          1448
      35.4222          1448
      35.4263          1448
      35.4303          1448
      35.4425          1448
      35.4465          1448
      35.4736          1448
      35.4776          1448
      35.4898          1448
      35.4939          1448
      35.5209          1448
       35.525          1448
      35.5371          1448
      35.5412          1448
      35.5682          1448
      35.5723          1448
      35.5845          1448
      35.5885          1448
      35.6156          1448
      35.6196          1448
      35.6318          1448
      35.6358          1448
      35.6629          1448
      35.6669          1448
      35.6791          1448
      35.6831          1448
      35.7102          1448
      35.7143          1448
      35.7264          1448
      35.7305          1448
      35.7588          1448
      35.7629          1448
       35.767          1448
      35.7737          1448
      35.7778          1448
      35.8102          1448
      35.8143          1448
      35.8183          1448
      35.8224          1448
      35.8264          1448
      35.8305          1448
      35.8616          1448
      35.8656          1448
      35.8697          1448
      35.8738          1448
      35.8778          1448
      35.8819          1448
       35.913          1448
       35.917          1448
      35.9211          1448
      35.9251          1448
      35.9292          1448
      35.9332          1448
      35.9643          1448
      35.9684          1448
      35.9725          1448
      35.9765          1448
      35.9806          1448
      35.9846          1448
      36.0329          1448
      36.0413          1448
      36.0497          1448
       36.075          1448
      36.0918          1448
      36.1087          1448
      36.1255          1448
      36.2602         10136
      36.3468          5781
      36.3985          1448
      36.4069          1448
      36.4153          1448
      36.4238          1448
      36.4743          1448
      36.4827          1448
      36.4911          1448
      36.4995          1448
      36.5416          1448
      36.5501          1448
      36.5585          1448
      36.5669          1448
       36.609          1448
      36.6174          1448
      36.6259          1448
      36.6343          1448
      36.6595          1448
      36.6848          1448
      36.6932          1448
      36.7101          1448
      36.7269          1448
      36.7522          1448
      36.7606          1448
      36.7774          1448
      36.7943          1448
      36.8195          1448
      36.8279          1448
      36.8448          1448
      36.8616          1448
      36.8785          1448
      36.8953          1448
      36.9121          1448
       36.929          1448
      36.9458          1448
      36.9627          1448
      36.9795          1448
      36.9879          1448
      36.9964          1448
      37.0132          1448
      37.0349          1448
      37.0675          1448
      37.0784          1448
       37.111          1448
      37.1327          1448
      37.1544          1448
      37.3112          8688
      37.4414          7240
      37.4523          1448
      37.5066          1448
      37.5175          1448
      37.5392          1448
      37.5718          1448
      37.5827          1448
      37.6044          1448
      37.6261          1448
      37.6478          1448
      37.6696          1448
      37.6913          1448
       37.713          1448
      37.7348          1448
      37.7565          1448
      37.7782          1448
         37.8          1448
      37.8108          1448
      37.8217          1448
      37.8434          1448
       37.876          1448
      37.8869          1448
      37.8977          1448
      37.9086          1448
      37.9412          1448
      37.9629          1448
      37.9738          1448
      38.0064          1448
      38.0182          1448
      38.0201          1448
       38.021          1448
       38.022          1448
       38.023          1448
      38.0624          1448
      38.0634          1448
      38.0662          1448
      38.0672          1448
      38.0681          1448
      38.0691          1448
      38.1076          1448
      38.1085          1448
      38.1114          1448
      38.1123          1448
      38.1133          1448
      38.1142          1448
      38.1527          1448
      38.1537          1448
      38.1566          1448
      38.1575          1448
      38.1585          1448
      38.1594          1448
      38.1979          1448
      38.1989          1448
      38.2017          1448
      38.2027          1448
      38.2036          1448
      38.2046          1448
      38.2431          1448
       38.244          1448
       38.245          1448
      38.2479          1448
      38.2488          1448
      38.2498          1448
      38.2507          1448
      38.2883          1448
      38.2892          1448
       38.293          1448
       38.294          1448
      38.2949          1448
      38.2959          1448
      38.3325          1448
      38.3334          1448
      38.3382          1448
      38.3391          1448
      38.3401          1448
      38.3411          1448
      38.3767          1448
      38.3777          1448
      38.3834          1448
      38.3843          1448
      38.3853          1448
      38.3862          1448
      38.4209          1448
      38.4219          1448
      38.4285          1448
      38.4295          1448
      38.4304          1448
      38.4314          1448
      38.4651          1448
      38.4661          1448
      38.4728          1448
      38.4737          1448
      38.4747          1448
      38.4756          1448
      38.5094          1448
      38.5103          1448
       38.517          1448
      38.5179          1448
      38.5189          1448
      38.5198          1448
      38.5536          1448
      38.5545          1448
      38.5612          1448
      38.5621          1448
      38.5631          1448
      38.5641          1448
      38.5978          1448
      38.5987          1448
      38.6054          1448
      38.6064          1448
      38.6073          1448
      38.6083          1448
       38.642          1448
       38.643          1448
      38.6496          1448
      38.6506          1448
      38.6515          1448
      38.6525          1448
      38.6862          1448
      38.6872          1448
      38.6938          1448
      38.6948          1448
      38.6958          1448
      38.6967          1448
      38.7304          1448
      38.7314          1448
      38.7381          1448
       38.739          1448
        38.74          1448
      38.7409          1448
      38.7747          1448
      38.7756          1448
      38.7823          1448
      38.7832          1448
      38.7842          1448
      38.7851          1448
      38.8189          1448
      38.8198          1448
      38.8265          1448
      38.8275          1448
      38.8284          1448
      38.8294          1448
      38.8631          1448
      38.8641          1448
      38.8707          1448
      38.8717          1448
      38.8726          1448
      38.8736          1448
      38.9073          1448
      38.9083          1448
      38.9149          1448
      38.9159          1448
      38.9168          1448
      38.9178          1448
      38.9515          1448
      38.9525          1448
      38.9592          1448
      38.9601          1448
      38.9611          1448
       38.962          1448
      38.9958          1448
      38.9967          1448
      39.0034          1448
      39.0043          1448
      39.0053          1448
      39.0062          1448
      39.0398          1448
      39.0406          1448
      39.0474          1448
      39.0482          1448
      39.0493          1448
      39.0501          1448
      39.0839          1448
      39.0847          1448
      39.0915          1448
      39.0923          1448
      39.0934          1448
      39.0942          1448
      39.1279          1448
      39.1287          1448
      39.1355          1448
      39.1363          1448
      39.1374          1448
      39.1382          1448
       39.172          1448
      39.1728          1448
      39.1796          1448
      39.1804          1448
      39.1815          1448
      39.1823          1448
       39.216          1448
      39.2168          1448
      39.2236          1448
      39.2244          1448
      39.2255          1448
      39.2263          1448
      39.2601          1448
      39.2609          1448
      39.2677          1448
      39.2685          1448
      39.2696          1448
      39.2704          1448
      39.3041          1448
      39.3049          1448
      39.3118          1448
      39.3125          1448
      39.3137          1448
       39.314           686
      39.3581          1448
      39.3589          1448
      39.3597          1448
      39.3605          1448
      39.3613          1448
       39.362          1448
      39.3628          1448
      39.4029          1448
      39.4037          1448
      39.4045          1448
      39.4053          1448
      39.4061          1448
      39.4069          1448
       39.447          1448
      39.4478          1448
      39.4486          1448
      39.4494          1448
      39.4501          1448
      39.4509          1448
      39.4911          1448
      39.4918          1448
      39.4926          1448
      39.4934          1448
      39.4942          1448
       39.495          1448
      39.5351          1448
      39.5359          1448
      39.5367          1448
      39.5375          1448
      39.5383          1448
       39.539          1448
      39.5792          1448
      39.5799          1448
      39.5807          1448
      39.5815          1448
      39.5823          1448
      39.5831          1448
      39.6232          1448
       39.624          1448
      39.6248          1448
      39.6256          1448
      39.6264          1448
      39.6271          1448
      39.6673          1448
      39.6681          1448
      39.6688          1448
      39.6696          1448
      39.6704          1448
      39.6712          1448
      39.7113          1448
      39.7121          1448
      39.7129          1448
      39.7137          1448
      39.7145          1448
      39.7152          1448
      39.7554          1448
      39.7562          1448
      39.7569          1448
      39.7577          1448
      39.7585          1448
      39.7593          1448
      39.7994          1448
      39.8002          1448
       39.801          1448
      39.8018          1448
      39.8026          1448
      39.8034          1448
      39.8435          1448
      39.8443          1448
       39.845          1448
      39.8458          1448
      39.8466          1448
      39.8474          1448
      39.8875          1448
      39.8883          1448
      39.8891          1448
      39.8899          1448
      39.8907          1448
      39.8915          1448
      39.9316          1448
      39.9324          1448
      39.9332          1448
      39.9339          1448
      39.9347          1448
      39.9355          1448
      39.9756          1448
      39.9764          1448
      39.9772          1448
       39.978          1448
      39.9788          1448
      39.9796          1448
      40.0199          1448
      40.0209          1448
       40.022          1448
       40.023          1448
       40.024          1448
       40.025          1448
      40.0642          1448
      40.0652          1448
      40.0663          1448
      40.0673          1448
      40.0683          1448
      40.0693          1448
      40.1085          1448
      40.1095          1448
      40.1106          1448
      40.1116          1448
      40.1126          1448
      40.1136          1448
      40.1528          1448
      40.1538          1448
      40.1548          1448
      40.1559          1448
      40.1569          1448
      40.1579          1448
      40.1971          1448
      40.1981          1448
      40.1991          1448
      40.2002          1448
      40.2012          1448
      40.2022          1448
      40.2414          1448
      40.2424          1448
      40.2434          1448
      40.2445          1448
      40.2455          1448
      40.2465          1448
      40.2857          1448
      40.2867          1448
      40.2877          1448
      40.2887          1448
      40.2898          1448
      40.2908          1448
        40.33          1448
       40.331          1448
       40.332          1448
       40.333          1448
      40.3341          1448
      40.3351          1448
      40.3743          1448
      40.3753          1448
      40.3763          1448
      40.3773          1448
      40.3784          1448
      40.3794          1448
      40.4185          1448
      40.4196          1448
      40.4206          1448
      40.4216          1448
      40.4226          1448
      40.4237          1448
      40.4628          1448
      40.4639          1448
      40.4649          1448
      40.4659          1448
      40.4669          1448
       40.468          1448
      40.5071          1448
      40.5082          1448
      40.5092          1448
      40.5102          1448
      40.5112          1448
      40.5123          1448
      40.5514          1448
      40.5524          1448
      40.5535          1448
      40.5545          1448
      40.5555          1448
      40.5565          1448
      40.5957          1448
      40.5967          1448
      40.5978          1448
      40.5988          1448
      40.5998          1448
      40.6008          1448
        40.64          1448
       40.641          1448
       40.642          1448
      40.6431          1448
      40.6441          1448
      40.6451          1448
      40.6843          1448
      40.6853          1448
      40.6863          1448
      40.6874          1448
      40.6884          1448
      40.6894          1448
      40.7286          1448
      40.7296          1448
      40.7306          1448
      40.7317          1448
      40.7327          1448
      40.7337          1448
      40.7729          1448
      40.7739          1448
      40.7749          1448
      40.7759          1448
       40.777          1448
       40.778          1448
      40.8158           520
      40.8601          1448
      40.8611          1448
      40.8622          1448
      40.8632          1448
      40.8642          1448
      40.8652          1448
      40.8663          1448
      40.8673          1448
      40.9054          1448
      40.9064          1448
      40.9075          1448
      40.9085          1448
      40.9095          1448
      40.9105          1448
      40.9116          1448
      40.9126          1448
      40.9507          1448
      40.9518          1448
      40.9528          1448
      40.9538          1448
      40.9548          1448
      40.9559          1448
      40.9569          1448
      40.9579          1448
      40.9961          1448
      40.9971          1448
      40.9981          1448
      40.9991          1448
      41.0002          1448
      41.0012          1448
      41.0022          1448
      41.0032          1448
      41.0413          1448
      41.0423          1448
      41.0434          1448
      41.0444          1448
      41.0454          1448
      41.0464          1448
      41.0475          1448
      41.0485          1448
      41.0866          1448
      41.0876          1448
      41.0886          1448
      41.0896          1448
      41.0907          1448
      41.0917          1448
      41.0927          1448
      41.0937          1448
      41.1319          1448
      41.1329          1448
      41.1339          1448
      41.1349          1448
       41.136          1448
       41.137          1448
       41.138          1448
       41.139          1448
      41.1771          1448
      41.1781          1448
      41.1792          1448
      41.1802          1448
      41.1812          1448
      41.1822          1448
      41.1833          1448
      41.1843          1448
      41.2224          1448
      41.2234          1448
      41.2244          1448
      41.2254          1448
      41.2265          1448
      41.2275          1448
      41.2285          1448
      41.2295          1448
      41.2676          1448
      41.2686          1448
      41.2697          1448
      41.2707          1448
      41.2717          1448
      41.2727          1448
      41.2738          1448
      41.2748          1448
      41.3129          1448
      41.3139          1448
      41.3149          1448
      41.3159          1448
      41.3169          1448
      41.3179          1448
      41.3189          1448
      41.3199          1448
      41.3208          1448
      41.3581          1448
      41.3591          1448
      41.3601          1448
      41.3611          1448
      41.3621          1448
      41.3631          1448
      41.3641          1448
      41.3651          1448
      41.4024          1448
      41.4034          1448
      41.4044          1448
      41.4054          1448
      41.4064          1448
      41.4074          1448
      41.4084          1448
      41.4094          1448
      41.4467          1448
      41.4477          1448
      41.4487          1448
      41.4496          1448
      41.4506          1448
      41.4516          1448
      41.4526          1448
      41.4536          1448
      41.4909          1448
      41.4919          1448
      41.4929          1448
      41.4939          1448
      41.4949          1448
      41.4959          1448
      41.4969          1448
      41.4979          1448
      41.5352          1448
      41.5362          1448
      41.5372          1448
      41.5382          1448
      41.5392          1448
      41.5402          1448
      41.5412          1448
      41.5422          1448
      41.5794          1448
      41.5804          1448
      41.5814          1448
      41.5824          1448
      41.5834          1448
      41.5844          1448
      41.5854          1448
      41.5864          1448
      41.5874          1448
      41.6237          1448
      41.6247          1448
      41.6257          1448
      41.6267          1448
      41.6277          1448
      41.6287          1448
      41.6297          1448
      41.6307          1448
      41.6317          1448
      41.6327          1448
       41.669          1448
        41.67          1448
       41.671          1448
       41.672          1448
      41.6729          1448
      41.6739          1448
      41.6749          1448
      41.6759          1448
      41.6769          1448
      41.6779          1448
      41.7142          1448
      41.7152          1448
      41.7162          1448
      41.7172          1448
      41.7182          1448
      41.7192          1448
      41.7202          1448
      41.7212          1448
      41.7222          1448
      41.7232          1448
      41.7595          1448
      41.7605          1448
      41.7615          1448
      41.7625          1448
      41.7635          1448
      41.7645          1448
      41.7655          1448
      41.7664          1448
      41.7674          1448
      41.7684          1448
      41.7694          1448
      41.8047          1448
      41.8057          1448
      41.8067          1448
      41.8077          1448
      41.8087          1448
      41.8097          1448
      41.8107          1448
      41.8117          1448
      41.8127          1448
      41.8137          1448
       41.849          1448
        41.85          1448
       41.851          1448
       41.852          1448
       41.853          1448
       41.854          1448
       41.855          1448
       41.856          1448
       41.857          1448
       41.858          1448
      41.8933          1448
      41.8943          1448
      41.8953          1448
      41.8962          1448
      41.8972          1448
      41.8982          1448
      41.8992          1448
      41.9002          1448
      41.9012          1448
      41.9022          1448
      41.9375          1448
      41.9385          1448
      41.9395          1448
      41.9405          1448
      41.9415          1448
      41.9425          1448
      41.9435          1448
      41.9445          1448
      41.9455          1448
      41.9465          1448
      41.9475          1448
      41.9818          1448
      41.9828          1448
      41.9838          1448
      41.9848          1448
      41.9858          1448
      41.9868          1448
      41.9878          1448
      41.9888          1448
      41.9897          1448
      41.9907          1448
      41.9917          1448
      41.9927          1448
      42.0329          1448
      42.0397          1448
      42.0465          1448
      42.0534          1448
      42.0602          1448
       42.067          1448
      42.0738          1448
      42.0807          1448
      42.0875          1448
      42.0943          1448
      42.1011          1448
       42.108          1448
      42.1148          1448
      42.1216          1448
      42.1285          1448
      42.1353          1448
      42.1421          1448
      42.1489          1448
       43.199         32654
      43.2491          1448
      43.4992          1448
       43.506          1448
       43.556          1448
      43.5628          1448
      43.5696          1448
      43.5764          1448
      43.6129          1448
      43.6197          1448
      43.6265          1448
      43.6333          1448
      43.6401          1448
      43.6469          1448
      43.6698          1448
      43.6766          1448
      43.6834          1448
      43.6902          1448
       43.697          1448
      43.7038          1448
      43.7106          1448
      43.7174          1448
      43.7242          1448
       43.731          1448
      43.7378          1448
      43.7446          1448
      43.7514          1448
      43.7582          1448
       43.765          1448
      43.7718          1448
      43.7786          1448
      43.7854          1448
      43.7922          1448
       43.799          1448
      43.8058          1448
      43.8126          1448
      43.8194          1448
      43.8262          1448
       43.833          1448
      43.8398          1448
      43.8466          1448
      43.8534          1448
      43.9622         23168
      44.0269         15928
      44.0337          1448
      44.0405          1448
      44.0473          1448
      44.0541          1448
      44.0551          1448
      44.0575          1448
      44.0643          1448
      44.0711          1448
      44.0721          1448
      44.0731          1448
      44.0847          1448
      44.0857          1448
      44.0983          1448
      44.0993          1448
      44.1018          1448
      44.1028          1448
      44.1154          1448
      44.1164          1448
      44.1174          1448
      44.1184          1448
        44.13          1448
       44.131          1448
      44.1436          1448
      44.1446          1448
      44.1471          1448
      44.1481          1448
      44.1607          1448
      44.1617          1448
      44.1627          1448
      44.1636          1448
      44.1647          1448
      44.1753          1448
      44.1763          1448
      44.1889          1448
      44.1899          1448
      44.1923          1448
      44.1933          1448
      44.2059          1448
      44.2069          1448
      44.2079          1448
      44.2089          1448
      44.2195          1448
      44.2205          1448
      44.2331          1448
      44.2341          1448
      44.2366          1448
      44.2376          1448
      44.2502          1448
      44.2512          1448
      44.2522          1448
      44.2532          1448
      44.2638          1448
      44.2648          1448
      44.2774          1448
      44.2784          1448
      44.2809          1448
      44.2819          1448
      44.2944          1448
      44.2954          1448
      44.2964          1448
      44.2974          1448
      44.3081          1448
       44.309          1448
      44.3216          1448
      44.3227          1448
      44.3251          1448
      44.3261          1448
      44.3387          1448
      44.3397          1448
      44.3407          1448
      44.3417          1448
      44.3427          1448
      44.3523          1448
      44.3533          1448
      44.3659          1448
      44.3669          1448
      44.3694          1448
      44.3704          1448
       44.383          1448
       44.384          1448
       44.385          1448
       44.386          1448
       44.387          1448
       44.388          1448
      44.3976          1448
      44.3986          1448
      44.4112          1448
      44.4122          1448
      44.4147          1448
      44.4157          1448
      44.4282          1448
      44.4292          1448
      44.4302          1448
      44.4312          1448
      44.4322          1448
      44.4332          1448
      44.4428          1448
      44.4438          1448
      44.4564          1448
      44.4574          1448
      44.4599          1448
      44.4601           184
      44.5044          1448
      44.5054          1448
      44.5064          1448
      44.5074          1448
      44.5084          1448
      44.5094          1448
      44.5104          1448
      44.5114          1448
      44.5124          1448
      44.5134          1448
      44.5144          1448
      44.5154          1448
      44.5496          1448
      44.5506          1448
      44.5516          1448
      44.5526          1448
      44.5536          1448
      44.5546          1448
      44.5556          1448
      44.5566          1448
      44.5576          1448
      44.5586          1448
      44.5596          1448
      44.5606          1448
      44.5616          1448
      44.5949          1448
      44.5959          1448
      44.5969          1448
      44.5979          1448
      44.5989          1448
      44.5999          1448
      44.6009          1448
      44.6019          1448
      44.6029          1448
      44.6039          1448
      44.6049          1448
      44.6059          1448
      44.6392          1448
      44.6402          1448
      44.6412          1448
      44.6422          1448
      44.6432          1448
      44.6442          1448
      44.6452          1448
      44.6462          1448
      44.6472          1448
      44.6482          1448
      44.6492          1448
      44.6502          1448
      44.6834          1448
      44.6844          1448
      44.6854          1448
      44.6864          1448
      44.6874          1448
      44.6884          1448
      44.6894          1448
      44.6904          1448
      44.6914          1448
      44.6924          1448
      44.6934          1448
      44.6944          1448
      44.7277          1448
      44.7287          1448
      44.7297          1448
      44.7307          1448
      44.7317          1448
      44.7327          1448
      44.7337          1448
      44.7347          1448
      44.7357          1448
      44.7367          1448
      44.7377          1448
      44.7387          1448
       44.772          1448
       44.773          1448
       44.774          1448
       44.775          1448
       44.776          1448
       44.777          1448
       44.778          1448
       44.779          1448
        44.78          1448
       44.781          1448
       44.782          1448
       44.783          1448
       44.784          1448
      44.8162          1448
      44.8172          1448
      44.8182          1448
      44.8192          1448
      44.8202          1448
      44.8212          1448
      44.8222          1448
      44.8232          1448
      44.8242          1448
      44.8252          1448
      44.8262          1448
      44.8272          1448
      44.8282          1448
      44.8292          1448
      44.8615          1448
      44.8625          1448
      44.8635          1448
      44.8645          1448
      44.8655          1448
      44.8665          1448
      44.8675          1448
      44.8685          1448
      44.8695          1448
      44.8705          1448
      44.8715          1448
      44.8725          1448
      44.8735          1448
      44.8745          1448
      44.9068          1448
      44.9078          1448
      44.9088          1448
      44.9098          1448
      44.9108          1448
      44.9118          1448
      44.9128          1448
      44.9138          1448
      44.9148          1448
      44.9158          1448
      44.9168          1448
      44.9178          1448
      44.9188          1448
      44.9198          1448
       44.952          1448
       44.953          1448
       44.954          1448
       44.955          1448
       44.956          1448
       44.957          1448
       44.958          1448
       44.959          1448
        44.96          1448
       44.961          1448
       44.962          1448
       44.963          1448
       44.964          1448
       44.965          1448
      44.9973          1448
      44.9983          1448
      44.9993          1448
      45.0003          1448
      45.0013          1448
      45.0023          1448
      45.0033          1448
      45.0043          1448
      45.0053          1448
      45.0063          1448
      45.0073          1448
      45.0086          1448
        45.01          1448
      45.0113          1448
      45.0429          1448
      45.0442          1448
      45.0456          1448
      45.0469          1448
      45.0482          1448
      45.0496          1448
      45.0509          1448
      45.0522          1448
      45.0536          1448
      45.0549          1448
      45.0562          1448
      45.0576          1448
      45.0589          1448
      45.0602          1448
      45.0888          1448
      45.0902          1448
      45.0915          1448
      45.0928          1448
      45.0942          1448
      45.0955          1448
      45.0968          1448
      45.0982          1448
      45.0995          1448
      45.1008          1448
      45.1022          1448
      45.1035          1448
      45.1048          1448
      45.1062          1448
      45.1348          1448
      45.1361          1448
      45.1374          1448
      45.1388          1448
      45.1401          1448
      45.1414          1448
      45.1428          1448
      45.1441          1448
      45.1454          1448
      45.1468          1448
      45.1481          1448
      45.1494          1448
      45.1508          1448
      45.1521          1448
      45.1534          1448
      45.1807          1448
       45.182          1448
      45.1834          1448
      45.1847          1448
       45.186          1448
      45.1874          1448
      45.1887          1448
        45.19          1448
      45.1914          1448
      45.1927          1448
       45.194          1448
      45.1953          1448
      45.1967          1448
       45.198          1448
      45.2253          1448
      45.2266          1448
       45.228          1448
      45.2293          1448
      45.2306          1448
       45.232          1448
      45.2333          1448
      45.2346          1448
       45.236          1448
      45.2373          1448
      45.2386          1448
      45.2399          1448
      45.2413          1448
      45.2426          1448
      45.2699          1448
      45.2712          1448
      45.2726          1448
      45.2739          1448
      45.2752          1448
      45.2766          1448
      45.2779          1448
      45.2792          1448
      45.2806          1448
      45.2819          1448
      45.2832          1448
      45.2845          1448
      45.2859          1448
      45.2872          1448
      45.3145          1448
      45.3158          1448
      45.3172          1448
      45.3185          1448
      45.3198          1448
      45.3212          1448
      45.3225          1448
      45.3238          1448
      45.3251          1448
      45.3265          1448
      45.3278          1448
      45.3291          1448
      45.3305          1448
      45.3318          1448
      45.3591          1448
      45.3604          1448
      45.3618          1448
      45.3631          1448
      45.3644          1448
      45.3658          1448
      45.3671          1448
      45.3684          1448
      45.3697          1448
      45.3711          1448
      45.3724          1448
      45.3737          1448
      45.3751          1448
      45.3764          1448
      45.4037          1448
       45.405          1448
      45.4064          1448
      45.4077          1448
       45.409          1448
      45.4104          1448
      45.4117          1448
       45.413          1448
      45.4143          1448
      45.4157          1448
       45.417          1448
      45.4183          1448
      45.4197          1448
       45.421          1448
      45.4483          1448
      45.4496          1448
       45.451          1448
      45.4523          1448
      45.4536          1448
      45.4549          1448
      45.4563          1448
      45.4576          1448
      45.4589          1448
      45.4603          1448
      45.4616          1448
      45.4629          1448
      45.4643          1448
      45.4656          1448
      45.4929          1448
      45.4942          1448
      45.4956          1448
      45.4969          1448
      45.4982          1448
      45.4995          1448
      45.5009          1448
      45.5022          1448
      45.5035          1448
      45.5049          1448
      45.5062          1448
      45.5075          1448
      45.5089          1448
      45.5102          1448
      45.5375          1448
      45.5388          1448
      45.5401          1448
      45.5415          1448
      45.5428          1448
      45.5441          1448
      45.5455          1448
      45.5468          1448
      45.5481          1448
      45.5495          1448
      45.5508          1448
      45.5521          1448
      45.5535          1448
      45.5548          1448
      45.5821          1448
      45.5823           149
      45.6269          1448
      45.6282          1448
      45.6295          1448
      45.6309          1448
      45.6322          1448
      45.6335          1448
      45.6349          1448
      45.6362          1448
      45.6375          1448
      45.6389          1448
      45.6402          1448
      45.6415          1448
      45.6429          1448
      45.6442          1448
      45.6455          1448
      45.6728          1448
      45.6741          1448
      45.6755          1448
      45.6768          1448
      45.6781          1448
      45.6795          1448
      45.6808          1448
      45.6821          1448
      45.6835          1448
      45.6848          1448
      45.6861          1448
      45.6875          1448
      45.6888          1448
      45.6901          1448
      45.7174          1448
      45.7187          1448
      45.7201          1448
      45.7214          1448
      45.7227          1448
      45.7241          1448
      45.7254          1448
      45.7267          1448
      45.7281          1448
      45.7294          1448
      45.7307          1448
      45.7321          1448
      45.7334          1448
      45.7347          1448
       45.762          1448
      45.7633          1448
      45.7647          1448
       45.766          1448
      45.7673          1448
      45.7687          1448
        45.77          1448
      45.7713          1448
      45.7727          1448
       45.774          1448
      45.7753          1448
      45.7767          1448
       45.778          1448
      45.7793          1448
      45.8066          1448
      45.8079          1448
      45.8093          1448
      45.8106          1448
      45.8119          1448
      45.8133          1448
      45.8146          1448
      45.8159          1448
      45.8173          1448
      45.8186          1448
      45.8199          1448
      45.8213          1448
      45.8226          1448
      45.8239          1448
      45.8512          1448
      45.8525          1448
      45.8539          1448
      45.8552          1448
      45.8565          1448
      45.8579          1448
      45.8592          1448
      45.8605          1448
      45.8619          1448
      45.8632          1448
      45.8645          1448
      45.8659          1448
      45.8672          1448
      45.8685          1448
      45.8958          1448
      45.8971          1448
      45.8985          1448
      45.8998          1448
      45.9011          1448
      45.9025          1448
      45.9038          1448
      45.9051          1448
      45.9065          1448
      45.9078          1448
      45.9091          1448
      45.9104          1448
      45.9118          1448
      45.9131          1448
      45.9404          1448
      45.9417          1448
      45.9431          1448
      45.9444          1448
      45.9457          1448
      45.9471          1448
      45.9484          1448
      45.9497          1448
      45.9511          1448
      45.9524          1448
      45.9537          1448
       45.955          1448
      45.9564          1448
      45.9577          1448
       45.985          1448
      45.9863          1448
      45.9877          1448
       45.989          1448
      45.9903          1448
      45.9917          1448
       45.993          1448
      45.9943          1448
      45.9957          1448
       45.997          1448
      45.9983          1448
      45.9996          1448
       46.001          1448
      46.0023          1448
       46.029          1448
      46.0298          1448
      46.0317          1448
      46.0325          1448
      46.0344          1448
      46.0351          1448
       46.037          1448
      46.0378          1448
      46.0397          1448
      46.0405          1448
      46.0424          1448
      46.0431          1448
       46.045          1448
      46.0458          1448
      46.0736          1448
      46.0744          1448
      46.0757          1448
      46.0765          1448
      46.0784          1448
      46.0792          1448
      46.0811          1448
      46.0819          1448
      46.0837          1448
      46.0845          1448
      46.0864          1448
      46.0872          1448
      46.0891          1448
      46.0898          1448
      46.1185          1448
      46.1192          1448
      46.1208          1448
      46.1223          1448
      46.1239          1448
      46.1255          1448
       46.127          1448
      46.1278          1448
      46.1286          1448
      46.1294          1448
      46.1305          1448
      46.1312          1448
      46.1331          1448
      46.1339          1448
      46.1633          1448
      46.1641          1448
      46.1656          1448
      46.1672          1448
      46.1687          1448
      46.1703          1448
      46.1718          1448
      46.1734          1448
       46.175          1448
      46.1765          1448
      46.1781          1448
      46.1795          1448
      46.1803          1448
       46.181          1448
      46.2073          1448
      46.2081          1448
      46.2097          1448
      46.2104          1448
      46.2128          1448
      46.2136          1448
      46.2159          1448
      46.2167          1448
       46.219          1448
      46.2198          1448
      46.2221          1448
      46.2229          1448
      46.2252          1448
       46.226          1448
      46.2514          1448
      46.2521          1448
      46.2537          1448
      46.2545          1448
      46.2568          1448
      46.2576          1448
      46.2599          1448
      46.2607          1448
       46.263          1448
      46.2638          1448
      46.2662          1448
      46.2669          1448
      46.2701          1448
      46.2716          1448
      46.2965          1448
      46.2973          1448
      46.2989          1448
      46.3004          1448
       46.302          1448
      46.3035          1448
      46.3051          1448
      46.3066          1448
      46.3082          1448
      46.3098          1448
      46.3113          1448
      46.3129          1448
      46.3152          1448
       46.316          1448
      46.3417          1448
      46.3425          1448
       46.344          1448
      46.3456          1448
      46.3471          1448
      46.3487          1448
      46.3502          1448
      46.3518          1448
      46.3534          1448
      46.3549          1448
      46.3565          1448
       46.358          1448
      46.3604          1448
      46.3611          1448
      46.3857          1448
      46.3865          1448
      46.3881          1448
      46.3888          1448
      46.3912          1448
       46.392          1448
      46.3943          1448
      46.3951          1448
      46.3974          1448
      46.3982          1448
      46.4005          1448
      46.4013          1448
      46.4044          1448
      46.4052          1448
      46.4312          1448
       46.432          1448
      46.4335          1448
      46.4351          1448
      46.4366          1448
      46.4382          1448
      46.4398          1448
      46.4413          1448
      46.4429          1448
      46.4444          1448
       46.446          1448
      46.4475          1448
      46.4499          1448
      46.4507          1448
      46.4763          1448
      46.4771          1448
      46.4787          1448
      46.4802          1448
      46.4818          1448
      46.4834          1448
      46.4849          1448
      46.4865          1448
       46.488          1448
      46.4896          1448
      46.4911          1448
      46.4927          1448
       46.495          1448
      46.4958          1448
      46.5215          1448
      46.5223          1448
      46.5238          1448
      46.5254          1448
      46.5269          1448
      46.5285          1448
      46.5301          1448
      46.5316          1448
      46.5332          1448
      46.5347          1448
      46.5363          1448
      46.5378          1448
      46.5402          1448
       46.541          1448
      46.5655          1448
      46.5663          1448
      46.5679          1448
      46.5687          1448
       46.571          1448
      46.5718          1448
      46.5741          1448
      46.5749          1448
      46.5772          1448
       46.578          1448
      46.5803          1448
      46.5811          1448
      46.5842          1448
       46.585          1448
      46.6096          1448
      46.6104          1448
      46.6119          1448
      46.6127          1448
       46.615          1448
      46.6158          1448
      46.6182          1448
      46.6189          1448
      46.6213          1448
       46.622          1448
      46.6241          1262
      46.6682          1448
       46.669          1448
      46.6698          1448
      46.6705          1448
      46.6713          1448
      46.6721          1448
      46.6744          1448
       46.676          1448
      46.6776          1448
      46.6791          1448
      46.6807          1448
      46.6822          1448
      46.6838          1448
      46.6853          1448
      46.6869          1448
       46.713          1448
      46.7138          1448
      46.7146          1448
      46.7154          1448
      46.7161          1448
      46.7169          1448
        46.72          1448
      46.7208          1448
      46.7232          1448
      46.7239          1448
      46.7263          1448
       46.727          1448
      46.7302          1448
      46.7309          1448
      46.7571          1448
      46.7579          1448
      46.7586          1448
      46.7594          1448
      46.7602          1448
       46.761          1448
      46.7649          1448
      46.7656          1448
       46.768          1448
      46.7688          1448
      46.7711          1448
      46.7719          1448
       46.775          1448
      46.7758          1448
      46.8011          1448
      46.8019          1448
      46.8027          1448
      46.8035          1448
      46.8042          1448
       46.805          1448
      46.8097          1448
      46.8105          1448
      46.8128          1448
      46.8136          1448
      46.8159          1448
      46.8167          1448
      46.8198          1448
      46.8206          1448
      46.8452          1448
      46.8459          1448
      46.8467          1448
      46.8475          1448
      46.8483          1448
      46.8491          1448
      46.8537          1448
      46.8545          1448
      46.8568          1448
      46.8576          1448
        46.86          1448
      46.8607          1448
      46.8646          1448
      46.8654          1448
      46.8892          1448
        46.89          1448
      46.8908          1448
      46.8916          1448
      46.8923          1448
      46.8931          1448
      46.8986          1448
      46.8993          1448
      46.9017          1448
      46.9024          1448
      46.9048          1448
      46.9056          1448
      46.9095          1448
      46.9102          1448
      46.9333          1448
       46.934          1448
      46.9348          1448
      46.9356          1448
      46.9364          1448
      46.9372          1448
      46.9434          1448
      46.9442          1448
      46.9465          1448
      46.9473          1448
      46.9496          1448
      46.9504          1448
      46.9543          1448
      46.9551          1448
      46.9773          1448
      46.9781          1448
      46.9789          1448
      46.9796          1448
      46.9804          1448
      46.9812          1448
      46.9874          1448
      46.9882          1448
      46.9913          1448
      46.9921          1448
      46.9944          1448
      46.9952          1448
      46.9991          1448
      46.9999          1448
      47.0243          1448
       47.026          1448
      47.0293          1448
      47.0327          1448
       47.036          1448
      47.0393          1448
      47.0427          1448
       47.046          1448
      47.0494          1448
      47.0527          1448
       47.056          1448
      47.0594          1448
      47.0627          1448
       47.066          1448
       47.071          1448
      47.0727          1448
       47.076          1448
      47.0794          1448
      47.0827          1448
       47.086          1448
      47.0894          1448
      47.0927          1448
       47.096          1448
      47.0994          1448
      47.1027          1448
       47.106          1448
      47.1094          1448
      47.1127          1448
      47.1177          1448
      47.1194          1448
      47.1227          1448
      47.1261          1448
      47.1294          1448
      47.1327          1448
      47.1361          1448
      47.1394          1448
      47.1427          1448
      47.1461          1448
      47.1494          1448
      47.1527          1448
      47.1561          1448
      47.1594          1448
      47.1644          1448
      47.1661          1448
      47.1694          1448
      47.1727          1448
      47.1761          1448
      47.1794          1448
      47.1828          1448
      47.1861          1448
      47.1894          1448
      47.1928          1448
      47.1961          1448
      47.1994          1448
      47.2031          1448
      47.2065          1448
      47.2115          1448
      47.2131          1448
      47.2165          1448
      47.2198          1448
      47.2231          1448
      47.2248          1448
      47.2277          1448
      47.2294          1448
      47.2344          1448
       47.236          1448
       47.241          1448
      47.2427          1448
      47.2481          1448
      47.2497          1448
      47.2564          1448
      47.2581          1448
      47.2614          1448
      47.2631          1448
      47.2681          1448
      47.2697          1448
      47.2726          1448
      47.2743          1448
      47.2793          1448
       47.281          1448
       47.286          1448
      47.2876          1448
       47.293          1448
      47.2947          1448
      47.3013          1448
       47.303          1448
      47.3063          1448
       47.308          1448
       47.313          1448
      47.3147          1448
      47.3176          1448
      47.3192          1448
      47.3242          1448
      47.3259          1448
      47.3309          1448
      47.3326          1448
      47.3379          1448
      47.3396          1448
      47.3463          1448
      47.3479          1448
      47.3513          1448
      47.3529          1448
      47.3579          1448
      47.3596          1448
      47.3625          1448
      47.3642          1448
      47.3692          1448
      47.3708          1448
      47.3758          1448
      47.3775          1448
      47.3829          1448
      47.3845          1448
      47.3912          1448
      47.3929          1448
      47.3962          1448
      47.3979          1448
      47.4029          1448
      47.4045          1448
      47.4074          1448
      47.4091          1448
      47.4141          1448
      47.4158          1448
      47.4208          1448
      47.4224          1448
      47.4278          1448
      47.4295          1448
      47.4361          1448
      47.4378          1448
      47.4411          1448
      47.4428          1448
      47.4478          1448
      47.4495          1448
      47.4524          1448
       47.454          1448
       47.459          1448
      47.4607          1448
      47.4657          1448
      47.4674          1448
      47.4727          1448
      47.4744          1448
      47.4811          1448
      47.4827          1448
      47.4861          1448
      47.4877          1448
      47.4927          1448
      47.4944          1448
      47.4973          1448
       47.499          1448
       47.504          1448
      47.5056          1448
      47.5106          1448
      47.5123          1448
      47.5177          1448
      47.5193          1448
       47.526          1448
      47.5277          1448
       47.531          1448
      47.5327          1448
      47.5377          1448
      47.5393          1448
      47.5422          1448
      47.5439          1448
      47.5489          1448
      47.5506          1448
      47.5556          1448
      47.5572          1448
      47.5626          1448
      47.5643          1448
      47.5709          1448
      47.5726          1448
      47.5759          1448
      47.5776          1448
      47.5826          1448
      47.5843          1448
      47.5872          1448
      47.5888          1448
      47.5938          1448
      47.5955          1448
      47.6005          1448
      47.6022          1448
      47.6075          1448
      47.6092          1448
      47.6159          1448
      47.6175          1448
      47.6209          1448
      47.6225          1448
      47.6275          1448
      47.6292          1448
      47.6321          1448
      47.6338          1448
      47.6388          1448
      47.6404          1448
      47.6454          1448
      47.6471          1448
      47.6525          1448
      47.6541          1448
      47.6608          1448
      47.6625          1448
      47.6658          1448
      47.6675          1448
      47.6725          1448
      47.6741          1448
       47.677          1448
      47.6787          1448
      47.6837          1448
      47.6854          1448
      47.6904          1448
       47.692          1448
      47.6974          1448
      47.6991          1448
      47.7057          1448
      47.7074          1448
      47.7107          1448
      47.7124          1448
      47.7174          1448
      47.7191          1448
       47.722          1448
      47.7236          1448
      47.7286          1448
      47.7303          1448
      47.7353          1448
       47.737          1448
      47.7423          1448
       47.744          1448
      47.7507          1448
      47.7523          1448
      47.7557          1448
      47.7573          1448
      47.7623          1448
       47.764          1448
      47.7669          1448
      47.7686          1448
      47.7736          1448
      47.7752          1448
      47.7802          1448
      47.7819          1448
      47.7873          1448
      47.7889          1448
      47.7956          1448
      47.7973          1448
      47.8006          1448
      47.8023          1448
      47.8073          1448
      47.8089          1448
      47.8118          1448
      47.8135          1448
      47.8185          1448
      47.8202          1448
      47.8252          1448
      47.8268          1448
      47.8322          1448
      47.8339          1448
      47.8405          1448
      47.8422          1448
      47.8455          1448
      47.8472          1448
      47.8522          1448
      47.8539          1448
      47.8555          1448
      47.8572          1448
      47.8589          1448
      47.8634          1448
      47.8651          1448
      47.8701          1448
      47.8718          1448
      47.8771          1448
      47.8788          1448
      47.8855          1448
      47.8871          1448
      47.8905          1448
      47.8921          1448
      47.8971          1448
      47.8988          1448
      47.9005          1448
      47.9021          1448
      47.9038          1448
      47.9055          1448
        47.91          1448
      47.9117          1448
      47.9167          1448
      47.9184          1448
      47.9237          1448
      47.9254          1448
      47.9321          1448
      47.9337          1448
      47.9371          1448
      47.9387          1448
      47.9437          1448
      47.9454          1448
      47.9471          1448
      47.9487          1448
      47.9504          1448
      47.9521          1448
      47.9566          1448
      47.9583          1448
      47.9633          1448
       47.965          1448
      47.9703          1448
       47.972          1448
      47.9787          1448
      47.9803          1448
      47.9837          1448
      47.9853          1448
      47.9903          1448
       47.992          1448
      47.9937          1448
      47.9954          1448
       47.997          1448
      47.9987          1448
      48.0032          1448
      48.0049          1448
      48.0092          1448
      48.0101          1448
      48.0162          1448
      48.0171          1448
      48.0245          1448
      48.0254          1448
      48.0295          1448
      48.0304          1448
      48.0362          1448
      48.0371          1448
      48.0395          1448
      48.0404          1448
      48.0429          1448
      48.0438          1448
      48.0491          1448
        48.05          1448
      48.0542          1448
      48.0551          1448
      48.0613          1448
      48.0622          1448
      48.0696          1448
      48.0705          1448
      48.0746          1448
      48.0755          1448
      48.0813          1448
      48.0822          1448
      48.0846          1448
      48.0855          1448
      48.0879          1448
      48.0888          1448
      48.0942          1448
      48.0951          1448
      48.0993          1448
      48.1002          1448
      48.1063          1448
      48.1072          1448
      48.1147          1448
      48.1156          1448
      48.1197          1448
      48.1206          1448
      48.1263          1448
      48.1272          1448
      48.1297          1448
      48.1306          1448
       48.133          1448
      48.1339          1448
      48.1392          1448
      48.1401          1448
      48.1444          1448
      48.1453          1448
      48.1514          1448
      48.1523          1448
      48.1597          1448
      48.1607          1448
      48.1647          1448
      48.1657          1448
      48.1714          1448
      48.1723          1448
      48.1748          1448
      48.1757          1448
      48.1781          1448
       48.179          1448
      48.1843          1448
      48.1852          1448
      48.1895          1448
      48.1904          1448
      48.1965          1448
      48.1974          1448
      48.2048          1448
      48.2057          1448
      48.2066          1448
      48.2098          1448
      48.2107          1448
      48.2165          1448
      48.2174          1448
      48.2198          1448
      48.2207          1448
      48.2232          1448
      48.2241          1448
      48.2294          1448
      48.2303          1448
      48.2345          1448
      48.2354          1448
      48.2416          1448
      48.2425          1448
      48.2499          1448
      48.2508          1448
       48.254          1448
      48.2549          1448
      48.2607          1448
      48.2616          1448
       48.264          1448
      48.2649          1448
      48.2673          1448
      48.2682          1448
      48.2736          1448
      48.2745          1448
      48.2787          1448
      48.2796          1448
      48.2857          1448
      48.2866          1448
      48.2941          1448
       48.295          1448
      48.2982          1448
      48.2991          1448
      48.3048          1448
      48.3057          1448
      48.3082          1448
      48.3091          1448
      48.3115          1448
      48.3124          1448
      48.3177          1448
      48.3186          1448
      48.3229          1448
      48.3238          1448
      48.3299          1448
      48.3308          1448
      48.3382          1448
      48.3392          1448
      48.3423          1448
      48.3432          1448
       48.349          1448
      48.3499          1448
      48.3523          1448
      48.3533          1448
      48.3557          1448
      48.3566          1448
      48.3619          1448
      48.3628          1448
      48.3665          1047
      48.4107          1448
      48.4116          1448
      48.4125          1448
      48.4134          1448
      48.4143          1448
      48.4152          1448
      48.4161          1448
       48.417          1448
      48.4179          1448
      48.4188          1448
      48.4198          1448
      48.4207          1448
      48.4216          1448
      48.4225          1448
      48.4234          1448
      48.4243          1448
      48.4252          1448
      48.4558          1448
      48.4567          1448
      48.4576          1448
      48.4585          1448
      48.4594          1448
      48.4603          1448
      48.4612          1448
      48.4621          1448
       48.463          1448
      48.4639          1448
      48.4648          1448
      48.4657          1448
      48.4666          1448
      48.4675          1448
      48.4685          1448
      48.4694          1448
      48.4703          1448
      48.4999          1448
      48.5009          1448
      48.5018          1448
      48.5027          1448
      48.5036          1448
      48.5045          1448
      48.5054          1448
      48.5063          1448
      48.5072          1448
      48.5081          1448
       48.509          1448
      48.5099          1448
      48.5108          1448
      48.5117          1448
      48.5126          1448
      48.5135          1448
      48.5144          1448
      48.5153          1448
       48.545          1448
      48.5459          1448
      48.5468          1448
      48.5477          1448
      48.5486          1448
      48.5496          1448
      48.5505          1448
      48.5514          1448
      48.5523          1448
      48.5532          1448
      48.5541          1448
       48.555          1448
      48.5559          1448
      48.5568          1448
      48.5577          1448
      48.5586          1448
      48.5595          1448
      48.5604          1448
      48.5901          1448
       48.591          1448
      48.5919          1448
      48.5928          1448
      48.5937          1448
      48.5946          1448
      48.5955          1448
      48.5964          1448
      48.5973          1448
      48.5983          1448
      48.5992          1448
      48.6001          1448
       48.601          1448
      48.6019          1448
      48.6028          1448
      48.6037          1448
      48.6046          1448
      48.6055          1448
      48.6352          1448
      48.6361          1448
       48.637          1448
      48.6379          1448
      48.6388          1448
      48.6397          1448
      48.6406          1448
      48.6415          1448
      48.6424          1448
      48.6433          1448
      48.6442          1448
      48.6451          1448
       48.646          1448
      48.6469          1448
      48.6479          1448
      48.6488          1448
      48.6497          1448
      48.6506          1448
      48.6515          1448
      48.6803          1448
      48.6812          1448
      48.6821          1448
       48.683          1448
      48.6839          1448
      48.6848          1448
      48.6857          1448
      48.6866          1448
      48.6875          1448
      48.6884          1448
      48.6893          1448
      48.6902          1448
      48.6911          1448
       48.692          1448
      48.6929          1448
      48.6938          1448
      48.6947          1448
      48.6956          1448
      48.7244          1448
      48.7253          1448
      48.7262          1448
      48.7271          1448
       48.728          1448
       48.729          1448
      48.7299          1448
      48.7308          1448
      48.7317          1448
      48.7326          1448
      48.7335          1448
      48.7344          1448
      48.7353          1448
      48.7362          1448
      48.7371          1448
       48.738          1448
      48.7389          1448
      48.7398          1448
      48.7686          1448
      48.7695          1448
      48.7704          1448
      48.7713          1448
      48.7722          1448
      48.7731          1448
       48.774          1448
      48.7749          1448
      48.7758          1448
      48.7767          1448
      48.7777          1448
      48.7786          1448
      48.7795          1448
      48.7804          1448
      48.7813          1448
      48.7822          1448
      48.7831          1448
       48.784          1448
      48.8128          1448
      48.8137          1448
      48.8146          1448
      48.8155          1448
      48.8164          1448
      48.8173          1448
      48.8182          1448
      48.8191          1448
        48.82          1448
      48.8209          1448
      48.8218          1448
      48.8227          1448
      48.8236          1448
      48.8245          1448
      48.8254          1448
      48.8264          1448
      48.8273          1448
      48.8282          1448
      48.8291          1448
      48.8569          1448
      48.8578          1448
      48.8588          1448
      48.8597          1448
      48.8606          1448
      48.8615          1448
      48.8624          1448
      48.8633          1448
      48.8642          1448
      48.8651          1448
       48.866          1448
      48.8669          1448
      48.8678          1448
      48.8687          1448
      48.8696          1448
      48.8705          1448
      48.8714          1448
      48.8723          1448
      48.8732          1448
      48.8741          1448
       48.902          1448
      48.9029          1448
      48.9038          1448
      48.9047          1448
      48.9056          1448
      48.9065          1448
      48.9075          1448
      48.9084          1448
      48.9093          1448
      48.9102          1448
      48.9111          1448
       48.912          1448
      48.9129          1448
      48.9138          1448
      48.9147          1448
      48.9156          1448
      48.9165          1448
      48.9174          1448
      48.9183          1448
      48.9192          1448
      48.9471          1448
       48.948          1448
      48.9489          1448
      48.9498          1448
      48.9507          1448
      48.9516          1448
      48.9525          1448
      48.9534          1448
      48.9543          1448
      48.9552          1448
      48.9562          1448
      48.9571          1448
       48.958          1448
      48.9589          1448
      48.9598          1448
      48.9607          1448
      48.9616          1448
      48.9625          1448
      48.9634          1448
      48.9643          1448
      48.9652          1448
      48.9922          1448
      48.9931          1448
       48.994          1448
      48.9949          1448
      48.9958          1448
      48.9967          1448
      48.9976          1448
      48.9985          1448
      48.9994          1448
      49.0003          1448
      49.0012          1448
      49.0021          1448
       49.003          1448
      49.0039          1448
      49.0049          1448
      49.0058          1448
      49.0067          1448
      49.0076          1448
      49.0089          1448
      49.0102          1448
      49.0368          1448
      49.0381          1448
      49.0394          1448
      49.0407          1448
      49.0421          1448
      49.0434          1448
      49.0447          1448
       49.046          1448
      49.0473          1448
      49.0487          1448
        49.05          1448
      49.0513          1448
      49.0526          1448
       49.054          1448
      49.0553          1448
      49.0566          1448
      49.0579          1448
      49.0593          1448
      49.0606          1448
      49.0619          1448
      49.0814          1448
      49.0827          1448
       49.084          1448
      49.0853          1448
      49.0866          1448
       49.088          1448
      49.0893          1448
      49.0906          1448
      49.0919          1448
      49.0933          1448
      49.0946          1448
      49.0959          1448
      49.0972          1448
      49.0986          1448
      49.0999          1448
      49.1012          1448
      49.1025          1448
      49.1038          1448
      49.1052          1448
      49.1065          1448
      49.1078          1448
      49.1259          1448
      49.1273          1448
      49.1286          1448
      49.1299          1448
      49.1312          1448
      49.1326          1448
      49.1339          1448
      49.1352          1448
      49.1365          1448
      49.1378          1448
      49.1392          1448
      49.1405          1448
      49.1418          1448
      49.1431          1448
      49.1445          1448
      49.1458          1448
      49.1471          1448
      49.1484          1448
      49.1498          1448
      49.1511          1448
      49.1524          1448
      49.1537          1448
      49.1719          1448
      49.1732          1448
      49.1745          1448
      49.1758          1448
      49.1771          1448
      49.1785          1448
      49.1798          1448
      49.1811          1448
      49.1824          1448
      49.1838          1448
      49.1851          1448
      49.1864          1448
      49.1877          1448
      49.1891          1448
      49.1904          1448
      49.1917          1448
       49.193          1448
      49.1943          1448
      49.1957          1448
       49.197          1448
      49.1983          1448
      49.1996          1448
      49.2178          1448
      49.2191          1448
      49.2204          1448
      49.2217          1448
      49.2231          1448
      49.2244          1448
      49.2257          1448
       49.227          1448
      49.2283          1448
      49.2297          1448
       49.231          1448
      49.2323          1448
      49.2336          1448
       49.235          1448
      49.2363          1448
      49.2376          1448
      49.2389          1448
      49.2403          1448
      49.2416          1448
      49.2429          1448
      49.2442          1448
      49.2455          1448
      49.2469          1448
      49.2637          1448
       49.265          1448
      49.2663          1448
      49.2676          1448
       49.269          1448
      49.2703          1448
      49.2716          1448
      49.2729          1448
      49.2743          1448
      49.2756          1448
      49.2769          1448
      49.2782          1448
      49.2796          1448
      49.2809          1448
      49.2822          1448
      49.2835          1448
      49.2848          1448
      49.2862          1448
      49.2875          1448
      49.2888          1448
      49.2901          1448
      49.2915          1448
      49.3083          1448
      49.3096          1448
      49.3109          1448
      49.3122          1448
      49.3136          1448
      49.3149          1448
      49.3162          1448
      49.3175          1448
      49.3188          1448
      49.3202          1448
      49.3215          1448
      49.3228          1448
      49.3241          1448
      49.3255          1448
      49.3268          1448
      49.3281          1448
      49.3294          1448
      49.3308          1448
      49.3321          1448
      49.3334          1448
      49.3347          1448
       49.336          1448
      49.3374          1448
      49.3529          1448
      49.3542          1448
      49.3555          1448
      49.3568          1448
      49.3581          1448
      49.3595          1448
      49.3608          1448
      49.3621          1448
      49.3634          1448
      49.3648          1448
      49.3661          1448
      49.3674          1448
      49.3687          1448
      49.3701          1448
      49.3714          1448
      49.3727          1448
       49.374          1448
      49.3753          1448
      49.3767          1448
       49.378          1448
      49.3793          1448
      49.3806          1448
       49.382          1448
      49.3833          1448
      49.3988          1448
      49.4001          1448
      49.4014          1448
      49.4027          1448
      49.4041          1448
      49.4054          1448
      49.4067          1448
       49.408          1448
      49.4094          1448
      49.4107          1448
       49.412          1448
      49.4133          1448
      49.4146          1448
       49.416          1448
      49.4173          1448
      49.4186          1448
      49.4199          1448
      49.4213          1448
      49.4226          1448
      49.4239          1448
      49.4252          1448
      49.4265          1448
      49.4279          1448
      49.4292          1448
      49.4305          1448
      49.4445          1323
      49.4891          1448
      49.4904          1448
      49.4917          1448
      49.4931          1448
      49.4944          1448
      49.4957          1448
       49.497          1448
      49.4983          1448
      49.4997          1448
       49.501          1448
      49.5023          1448
      49.5036          1448
       49.505          1448
      49.5063          1448
      49.5076          1448
      49.5089          1448
      49.5103          1448
      49.5116          1448
      49.5129          1448
      49.5142          1448
      49.5155          1448
      49.5169          1448
      49.5182          1448
      49.5195          1448
      49.5208          1448
       49.535          1448
      49.5363          1448
      49.5376          1448
       49.539          1448
      49.5403          1448
      49.5416          1448
      49.5429          1448
      49.5443          1448
      49.5456          1448
      49.5469          1448
      49.5482          1448
      49.5496          1448
      49.5509          1448
      49.5522          1448
      49.5535          1448
      49.5548          1448
      49.5562          1448
      49.5575          1448
      49.5588          1448
      49.5601          1448
      49.5615          1448
      49.5628          1448
      49.5641          1448
      49.5654          1448
      49.5667          1448
      49.5796          1448
      49.5809          1448
      49.5822          1448
      49.5836          1448
      49.5849          1448
      49.5862          1448
      49.5875          1448
      49.5889          1448
      49.5902          1448
      49.5915          1448
      49.5928          1448
      49.5941          1448
      49.5955          1448
      49.5968          1448
      49.5981          1448
      49.5994          1448
      49.6008          1448
      49.6021          1448
      49.6034          1448
      49.6047          1448
       49.606          1448
      49.6074          1448
      49.6087          1448
        49.61          1448
      49.6113          1448
      49.6127          1448
       49.614          1448
      49.6255          1448
      49.6268          1448
      49.6281          1448
      49.6295          1448
      49.6308          1448
      49.6321          1448
      49.6334          1448
      49.6348          1448
      49.6361          1448
      49.6374          1448
      49.6387          1448
      49.6401          1448
      49.6414          1448
      49.6427          1448
       49.644          1448
      49.6453          1448
      49.6467          1448
       49.648          1448
      49.6493          1448
      49.6506          1448
       49.652          1448
      49.6533          1448
      49.6546          1448
      49.6559          1448
      49.6572          1448
      49.6586          1448
      49.6701          1448
      49.6714          1448
      49.6727          1448
      49.6741          1448
      49.6754          1448
      49.6767          1448
       49.678          1448
      49.6794          1448
      49.6807          1448
       49.682          1448
      49.6833          1448
      49.6846          1448
       49.686          1448
      49.6873          1448
      49.6886          1448
      49.6899          1448
      49.6913          1448
      49.6926          1448
      49.6939          1448
      49.6952          1448
      49.6965          1448
      49.6979          1448
      49.6992          1448
      49.7005          1448
      49.7018          1448
      49.7032          1448
      49.7045          1448
      49.7147          1448
       49.716          1448
      49.7173          1448
      49.7186          1448
        49.72          1448
      49.7213          1448
      49.7226          1448
      49.7239          1448
      49.7253          1448
      49.7266          1448
      49.7279          1448
      49.7292          1448
      49.7306          1448
      49.7319          1448
      49.7332          1448
      49.7345          1448
      49.7358          1448
      49.7372          1448
      49.7385          1448
      49.7398          1448
      49.7411          1448
      49.7425          1448
      49.7438          1448
      49.7451          1448
      49.7464          1448
      49.7478          1448
      49.7491          1448
      49.7504          1448
      49.7606          1448
      49.7619          1448
      49.7632          1448
      49.7646          1448
      49.7659          1448
      49.7672          1448
      49.7685          1448
      49.7699          1448
      49.7712          1448
      49.7725          1448
      49.7738          1448
      49.7751          1448
      49.7765          1448
      49.7778          1448
      49.7791          1448
      49.7804          1448
      49.7818          1448
      49.7831          1448
      49.7844          1448
      49.7857          1448
       49.787          1448
      49.7884          1448
      49.7897          1448
       49.791          1448
      49.7923          1448
      49.7937          1448
       49.795          1448
      49.7963          1448
      49.7976          1448
      49.8065          1448
      49.8078          1448
      49.8092          1448
      49.8105          1448
      49.8118          1448
      49.8131          1448
      49.8144          1448
      49.8158          1448
      49.8171          1448
      49.8184          1448
      49.8197          1448
      49.8211          1448
      49.8224          1448
      49.8237          1448
       49.825          1448
      49.8263          1448
      49.8277          1448
       49.829          1448
      49.8303          1448
      49.8316          1448
       49.833          1448
      49.8343          1448
      49.8356          1448
      49.8369          1448
      49.8383          1448
      49.8396          1448
      49.8409          1448
      49.8422          1448
      49.8435          1448
      49.8511          1448
      49.8524          1448
      49.8537          1448
      49.8551          1448
      49.8564          1448
      49.8577          1448
       49.859          1448
      49.8604          1448
      49.8617          1448
       49.863          1448
      49.8643          1448
      49.8656          1448
       49.867          1448
      49.8683          1448
      49.8696          1448
      49.8709          1448
      49.8723          1448
      49.8736          1448
      49.8749          1448
      49.8762          1448
      49.8775          1448
      49.8789          1448
      49.8802          1448
      49.8815          1448
      49.8828          1448
      49.8842          1448
      49.8855          1448
      49.8868          1448
      49.8881          1448
      49.8895          1448
       49.897          1448
      49.8983          1448
      49.8997          1448
       49.901          1448
      49.9023          1448
      49.9036          1448
      49.9049          1448
      49.9063          1448
      49.9076          1448
      49.9089          1448
      49.9102          1448
      49.9116          1448
      49.9129          1448
      49.9142          1448
      49.9155          1448
      49.9168          1448
      49.9182          1448
      49.9195          1448
      49.9208          1448
      49.9221          1448
      49.9235          1448
      49.9248          1448
      49.9261          1448
      49.9274          1448
      49.9288          1448
      49.9301          1448
      49.9314          1448
      49.9327          1448
       49.934          1448
      49.9354          1448
      49.9367          1448
      49.9429          1448
      49.9442          1448
      49.9456          1448
      49.9469          1448
      49.9482          1448
      49.9495          1448
      49.9509          1448
      49.9522          1448
      49.9535          1448
      49.9548          1448
      49.9561          1448
      49.9575          1448
      49.9588          1448
      49.9601          1448
      49.9614          1448
      49.9628          1448
      49.9641          1448
      49.9654          1448
      49.9667          1448
      49.9681          1448
      49.9694          1448
      49.9707          1448
       49.972          1448
      49.9733          1448
      49.9747          1448
       49.976          1448
      49.9773          1448
      49.9786          1448
        49.98          1448
      49.9813          1448
      49.9875          1448
      49.9888          1448
      49.9902          1448
      49.9915          1448
      49.9928          1448
      49.9941          1448
      49.9954          1448
      49.9968          1448
      49.9981          1448
      49.9994          1448
      50.0007          1448
      50.0021          1448
      50.0034          1448
      50.0047          1448
       50.006          1448
      50.0073          1448
      50.0083          1448
      50.0093          1448
      50.0102          1448
      50.0112          1448
      50.0121          1448
      50.0136          1448
      50.0145          1448
      50.0162          1448
      50.0172          1448
      50.0189          1448
      50.0198          1448
      50.0215          1448
      50.0225          1448
      50.0242          1448
      50.0251          1448
      50.0317          1448
      50.0327          1448
      50.0344          1448
      50.0353          1448
       50.037          1448
       50.038          1448
      50.0397          1448
      50.0406          1448
      50.0423          1448
      50.0433          1448
       50.045          1448
      50.0459          1448
      50.0476          1448
      50.0486          1448
      50.0502          1448
      50.0512          1448
      50.0521          1448
      50.0531          1448
      50.0541          1448
       50.055          1448
       50.056          1448
      50.0569          1448
      50.0579          1448
      50.0588          1448
      50.0598          1448
      50.0614          1448
      50.0624          1448
      50.0641          1448
       50.065          1448
      50.0667          1448
      50.0677          1448
      50.0693          1448
      50.0703          1448
      50.0769          1448
      50.0778          1448
      50.0795          1448
      50.0805          1448
      50.0822          1448
      50.0831          1448
      50.0848          1448
      50.0858          1448
      50.0875          1448
      50.0884          1448
      50.0901          1448
      50.0911          1448
      50.0928          1448
      50.0937          1448
      50.0954          1448
      50.0964          1448
      50.0973          1448
      50.0983          1448
      50.0992          1448
      50.1002          1448
      50.1011          1448
      50.1021          1448
       50.103          1448
       50.104          1448
      50.1056          1448
      50.1066          1448
      50.1083          1448
      50.1092          1448
      50.1109          1448
      50.1119          1448
      50.1136          1448
      50.1145          1448
      50.1211          1448
      50.1221          1448
       50.123          1448
       50.124          1448
      50.1249          1448
      50.1264          1448
      50.1274          1448
      50.1291          1448
        50.13          1448
      50.1317          1448
      50.1326          1448
      50.1343          1448
      50.1353          1448
       50.137          1448
      50.1379          1448
      50.1396          1448
      50.1406          1448
      50.1415          1448
      50.1425          1448
      50.1434          1448
      50.1444          1448
      50.1453          1448
      50.1463          1448
      50.1473          1448
      50.1482          1448
      50.1498          1448
      50.1508          1448
      50.1525          1448
      50.1534          1448
      50.1551          1448
      50.1561          1448
      50.1578          1448
      50.1587          1448
      50.1653          1448
      50.1663          1448
      50.1672          1448
      50.1682          1448
      50.1691          1448
      50.1701          1448
      50.1716          1448
      50.1725          1448
      50.1742          1448
      50.1752          1448
      50.1769          1448
      50.1778          1448
      50.1788          1448
      50.1797          1448
      50.1807          1448
      50.1822          1448
      50.1831          1448
      50.1848          1448
      50.1858          1448
      50.1867          1448
      50.1877          1448
      50.1886          1448
      50.1896          1448
      50.1905          1448
      50.1915          1448
      50.1924          1448
      50.1934          1448
       50.195          1448
       50.196          1448
      50.1977          1448
      50.1986          1448
      50.2003          1448
      50.2013          1448
       50.203          1448
      50.2039          1448
      50.2105          1448
      50.2115          1448
      50.2124          1448
      50.2134          1448
      50.2143          1448
      50.2153          1448
      50.2167          1448
      50.2177          1448
      50.2194          1448
      50.2203          1448
       50.222          1448
       50.223          1448
      50.2239          1448
      50.2249          1448
      50.2264          1448
      50.2273          1448
       50.229          1448
        50.23          1448
      50.2309          1448
      50.2319          1448
      50.2328          1448
      50.2338          1448
      50.2347          1448
      50.2357          1448
      50.2366          1448
      50.2376          1448
      50.2392          1448
      50.2402          1448
      50.2411          1448
      50.2421          1448
       50.243          1448
      50.2445          1448
      50.2455          1448
      50.2483          1448
      50.2493          1448
       50.256          1448
      50.2569          1448
      50.2588          1448
      50.2607          1448
      50.2626          1448
      50.2645          1448
      50.2664          1448
      50.2683          1448
      50.2702          1448
      50.2712          1448
      50.2721          1448
      50.2731          1448
       50.274          1448
       50.275          1448
       50.276          1448
      50.2769          1448
      50.2779          1448
      50.2788          1448
      50.2798          1448
      50.2807          1448
      50.2817          1448
      50.2826          1448
      50.2836          1448
      50.2845          1448
      50.2855          1448
      50.2864          1448
      50.2874          1448
      50.2883          1448
      50.2893          1448
      50.2902          1448
      50.2912          1448
      50.2921          1448
       50.295          1448
      50.2969          1448
      50.2988          1448
      50.3007          1448
      50.3026          1448
      50.3045          1448
      50.3064          1448
      50.3083          1448
      50.3102          1448
      50.3121          1448
       50.314          1448
      50.3159          1448
      50.3179          1448
      50.3198          1448
      50.3217          1448
      50.3236          1448
      50.3255          1448
      50.3274          1448
      50.3293          1448
      50.3312          1448
      50.3321          1448
      50.3331          1448
       50.334          1448
       50.335          1448
      50.3359          1448
      50.3369          1448
      50.3379          1448
      50.3407          1448
      50.3426          1448
      50.3445          1448
      50.3464          1448
      50.3483          1448
      50.3502          1448
      50.3521          1448
       50.354          1448
      50.3559          1448
      50.3578          1448
      50.3598          1448
      50.3617          1448
      50.3636          1448
      50.3655          1448
      50.3674          1448
      50.3693          1448
      50.3712          1448
      50.3731          1448
       50.375          1448
      50.3769          1448
      50.3788          1448
      50.3807          1448
      50.3826          1448
      50.3845          1448
      50.3864          1448
      50.3883          1448
      50.3902          1448
      50.3921          1448
       50.394          1448
      50.3959          1448
      50.3978          1448
      50.3997          1448
      50.4017          1448
      50.4036          1448
      50.4055          1448
      50.4074          1448
      50.4093          1448
      50.4112          1448
      50.4131          1448
       50.415          1448
      50.4169          1448
      50.4188          1448
      50.4207          1448
      50.4226          1448
      50.5026         60816
      50.5045          1448
      50.5064          1448
      50.5083          1448
      50.5102          1448
      50.5121          1448
       50.514          1448
      50.5159          1448
      50.5178          1448
      50.5197          1448
      50.5216          1448
      50.5235          1448
      50.5735         18209
      50.6177          1448
      50.6187          1448
      50.6206          1448
      50.6225          1448
      50.6244          1448
      50.6263          1448
      50.6629          1448
      50.6639          1448
      50.6648          1448
      50.6677          1448
      50.6686          1448
      50.6696          1448
      50.6724          1448
      50.6743          1448
      50.6762          1448
      50.7081          1448
       50.709          1448
      50.7128          1448
      50.7138          1448
      50.7147          1448
      50.7157          1448
      50.7186          1448
      50.7195          1448
      50.7523          1448
      50.7533          1448
      50.7571          1448
       50.758          1448
       50.759          1448
      50.7599          1448
      50.7628          1448
      50.7637          1448
      50.7965          1448
      50.7975          1448
      50.8013          1448
      50.8022          1448
      50.8032          1448
      50.8041          1448
      50.8079          1448
      50.8089          1448
      50.8407          1448
      50.8417          1448
      50.8455          1448
      50.8465          1448
      50.8474          1448
      50.8484          1448
      50.8531          1448
      50.8541          1448
       50.885          1448
      50.8859          1448
      50.8869          1448
      50.8907          1448
      50.8916          1448
      50.8926          1448
      50.8935          1448
      50.8983          1448
      50.8992          1448
      50.9301          1448
       50.931          1448
       50.932          1448
      50.9329          1448
      50.9358          1448
      50.9368          1448
      50.9377          1448
      50.9387          1448
      50.9435          1448
      50.9444          1448
      50.9753          1448
      50.9762          1448
      50.9772          1448
      50.9781          1448
      50.9791          1448
      50.9819          1448
      50.9829          1448
      50.9838          1448
      50.9848          1448
      50.9895          1448
      50.9905          1448
      51.0203          1448
       51.021          1448
      51.0222          1448
       51.023          1448
       51.026          1448
      51.0268          1448
      51.0279          1448
      51.0287          1448
      51.0341          1448
      51.0348          1448
      51.0643          1448
      51.0651          1448
      51.0659          1448
      51.0667          1448
      51.0675          1448
        51.07          1448
      51.0708          1448
      51.0719          1448
      51.0727          1448
      51.0789          1448
      51.0797          1448
      51.1084          1448
      51.1092          1448
      51.1099          1448
      51.1107          1448
      51.1115          1448
      51.1123          1448
      51.1149          1448
      51.1157          1448
      51.1168          1448
      51.1176          1448
      51.1237          1448
      51.1245          1448
      51.1532          1448
       51.154          1448
      51.1548          1448
      51.1556          1448
      51.1564          1448
      51.1571          1448
      51.1579          1448
      51.1603          1448
      51.1611          1448
      51.1619          1448
      51.1626          1448
       51.169          1448
      51.1698          1448
       51.198          1448
      51.1988          1448
      51.1996          1448
      51.2004          1448
      51.2012          1448
       51.202          1448
      51.2051          1448
      51.2059          1448
      51.2067          1448
      51.2075          1448
      51.2131          1448
      51.2139          1448
      51.2421          1448
      51.2429          1448
      51.2437          1448
      51.2445          1448
      51.2452          1448
       51.246          1448
      51.2468          1448
      51.2492          1448
        51.25          1448
      51.2508          1448
      51.2515          1448
      51.2571          1448
      51.2579          1448
      51.2862          1448
      51.2869          1448
      51.2877          1448
      51.2885          1448
      51.2893          1448
      51.2901          1448
      51.2909          1448
      51.2917          1448
       51.294          1448
      51.2948          1448
      51.2956          1448
      51.2964          1448
       51.302          1448
      51.3028          1448
      51.3322          1448
      51.3329          1448
      51.3345          1448
      51.3361          1448
      51.3377          1448
      51.3392          1448
      51.3408          1448
      51.3424          1448
       51.344          1448
      51.3455          1448
      51.3471          1448
      51.3487          1448
      51.3502          1448
      51.3518          1448
       51.377          1448
      51.3778          1448
      51.3786          1448
      51.3809          1448
      51.3817          1448
      51.3841          1448
      51.3849          1448
      51.3872          1448
       51.388          1448
      51.3904          1448
      51.3912          1448
      51.3935          1448
      51.3943          1448
      51.3967          1448
      51.3974          1448
      51.4218          1448
      51.4226          1448
      51.4258          1448
      51.4266          1448
      51.4289          1448
      51.4297          1448
      51.4321          1448
      51.4328          1448
      51.4352          1448
       51.436          1448
      51.4384          1448
      51.4391          1448
      51.4415          1448
      51.4423          1448
      51.4667          1448
      51.4675          1448
      51.4706          1448
      51.4714          1448
      51.4722          1448
      51.4745          1448
      51.4761          1448
      51.4777          1448
      51.4793          1448
      51.4808          1448
      51.4824          1448
       51.484          1448
      51.4856          1448
      51.4871          1448
      51.4887          1448
      51.5115          1448
      51.5123          1448
      51.5154          1448
      51.5162          1448
       51.517          1448
      51.5178          1448
      51.5202          1448
       51.521          1448
      51.5233          1448
      51.5241          1448
      51.5265          1448
      51.5272          1448
      51.5296          1448
      51.5304          1448
      51.5328          1448
      51.5335          1448
      51.5564          1448
      51.5571          1448
      51.5603          1448
      51.5611          1448
      51.5619          1448
      51.5626          1448
       51.565          1448
      51.5658          1448
      51.5682          1448
      51.5689          1448
      51.5713          1448
      51.5721          1448
      51.5744          1448
      51.5752          1448
      51.5776          1448
      51.5784          1448
      51.6012          1448
       51.602          1448
      51.6036          1448
      51.6051          1448
      51.6059          1448
      51.6067          1448
      51.6075          1448
      51.6098          1448
      51.6106          1448
       51.613          1448
      51.6138          1448
      51.6161          1448
      51.6169          1448
      51.6193          1448
      51.6201          1448
      51.6224          1448
      51.6232          1448
       51.646          1448
      51.6468          1448
      51.6492          1448
        51.65          1448
      51.6508          1448
      51.6515          1448
      51.6539          1448
      51.6547          1448
       51.657          1448
      51.6578          1448
      51.6602          1448
       51.661          1448
      51.6633          1448
      51.6641          1448
      51.6665          1448
      51.6673          1448
      51.6901          1448
      51.6909          1448
      51.6932          1448
       51.694          1448
      51.6948          1448
      51.6956          1448
       51.698          1448
      51.6987          1448
      51.7011          1448
      51.7019          1448
      51.7042          1448
       51.705          1448
      51.7074          1448
      51.7082          1448
      51.7105          1448
      51.7113          1448
      51.7341          1448
      51.7349          1448
      51.7381          1448
      51.7389          1448
      51.7396          1448
      51.7404          1448
      51.7428          1448
      51.7436          1448
      51.7444          1448
      51.7467          1448
      51.7475          1448
      51.7499          1448
      51.7507          1448
       51.753          1448
      51.7538          1448
      51.7562          1448
       51.757          1448
      51.7782          1448
       51.779          1448
      51.7821          1448
      51.7829          1448
      51.7837          1448
      51.7845          1448
      51.7868          1448
      51.7876          1448
      51.7884          1448
      51.7892          1448
      51.7916          1448
      51.7924          1448
      51.7947          1448
      51.7955          1448
      51.7979          1448
      51.7986          1448
       51.801          1448
      51.8018          1448
       51.823          1448
      51.8238          1448
       51.827          1448
      51.8278          1448
      51.8285          1448
      51.8293          1448
      51.8317          1448
      51.8325          1448
      51.8333          1448
       51.834          1448
      51.8364          1448
      51.8372          1448
      51.8396          1448
      51.8403          1448
      51.8427          1448
      51.8435          1448
      51.8458          1448
      51.8466          1448
      51.8679          1448
      51.8687          1448
      51.8718          1448
      51.8726          1448
      51.8734          1448
      51.8742          1448
      51.8765          1448
      51.8773          1448
      51.8781          1448
      51.8789          1448
      51.8812          1448
       51.882          1448
      51.8844          1448
      51.8852          1448
      51.8875          1448
      51.8883          1448
      51.8907          1448
      51.8915          1448
      51.9127          1448
      51.9135          1448
      51.9143          1448
      51.9166          1448
      51.9174          1448
      51.9182          1448
       51.919          1448
      51.9214          1448
      51.9222          1448
      51.9229          1448
      51.9237          1448
      51.9261          1448
      51.9269          1448
      51.9292          1448
        51.93          1448
      51.9324          1448
      51.9332          1448
      51.9355          1448
      51.9363          1448
      51.9575          1448
      51.9583          1448
      51.9607          1448
      51.9615          1448
      51.9623          1448
      51.9631          1448
      51.9654          1448
      51.9662          1448
       51.967          1448
      51.9678          1448
      51.9701          1448
      51.9709          1448
      51.9733          1448
      51.9741          1448
      51.9764          1448
      51.9772          1448
      51.9796          1448
      51.9804          1448
      52.0016          1448
      52.0024          1448
      52.0048          1448
      52.0055          1448
      52.0063          1448
      52.0071          1448
      52.0097          1448
      52.0107          1448
      52.0118          1448
      52.0128          1448
      52.0144          1448
      52.0155          1448
      52.0176          1448
      52.0186          1448
      52.0207          1448
      52.0217          1448
      52.0239          1448
      52.0249          1448
      52.0459          1448
      52.0469          1448
       52.049          1448
      52.0501          1448
      52.0511          1448
      52.0521          1448
       52.054          1448
       52.055          1448
       52.056          1448
      52.0571          1448
      52.0587          1448
      52.0597          1448
      52.0619          1448
      52.0629          1448
       52.065          1448
       52.066          1448
      52.0682          1448
      52.0692          1448
      52.0902          1448
      52.0912          1448
      52.0933          1448
      52.0944          1448
      52.0954          1448
      52.0964          1448
      52.0983          1448
      52.0993          1448
      52.1003          1448
      52.1014          1448
       52.103          1448
       52.104          1448
      52.1062          1448
      52.1072          1448
      52.1082          1448
      52.1093          1448
      52.1103          1448
      52.1124          1448
      52.1135          1448
      52.1345          1448
      52.1355          1448
      52.1376          1448
      52.1386          1448
      52.1397          1448
      52.1407          1448
      52.1426          1448
      52.1436          1448
      52.1446          1448
      52.1457          1448
      52.1473          1448
      52.1483          1448
      52.1504          1448
      52.1515          1448
      52.1525          1448
      52.1535          1448
      52.1546          1448
      52.1556          1448
      52.1578          1448
      52.1588          1448
      52.1798          1448
      52.1808          1448
      52.1829          1448
       52.184          1448
       52.185          1448
       52.186          1448
      52.1879          1448
      52.1889          1448
      52.1899          1448
       52.191          1448
      52.1926          1448
      52.1936          1448
      52.1958          1448
      52.1968          1448
      52.1978          1448
      52.1988          1448
      52.1999          1448
       52.201          1448
      52.2031          1448
      52.2041          1448
      52.2251          1448
      52.2261          1448
      52.2283          1448
      52.2293          1448
      52.2303          1448
      52.2313          1448
      52.2332          1448
      52.2342          1448
      52.2353          1448
      52.2363          1448
      52.2379          1448
       52.239          1448
      52.2411          1448
      52.2421          1448
      52.2431          1448
      52.2442          1448
      52.2452          1448
      52.2463          1448
      52.2484          1448
      52.2494          1448
      52.2704          1448
      52.2714          1448
      52.2736          1448
      52.2746          1448
      52.2756          1448
      52.2766          1448
      52.2785          1448
      52.2796          1448
      52.2806          1448
      52.2816          1448
      52.2832          1448
      52.2843          1448
      52.2864          1448
      52.2874          1448
      52.2884          1448
      52.2895          1448
      52.2906          1448
      52.2916          1448
      52.2937          1448
      52.2947          1448
      52.3157          1448
      52.3168          1448
      52.3189          1448
      52.3199          1448
      52.3209          1448
       52.322          1448
      52.3238          1448
      52.3249          1448
      52.3259          1448
      52.3269          1448
      52.3286          1448
      52.3296          1448
      52.3317          1448
      52.3327          1448
      52.3338          1448
      52.3348          1448
      52.3359          1448
      52.3369          1448
       52.339          1448
      52.3401          1448
      52.3611          1448
      52.3621          1448
      52.3631          1448
      52.3642          1448
      52.3652          1448
      52.3663          1448
      52.3673          1448
      52.3692          1448
      52.3702          1448
      52.3712          1448
      52.3722          1448
      52.3739          1448
      52.3749          1448
       52.377          1448
      52.3781          1448
      52.3791          1448
      52.3801          1448
      52.3812          1448
      52.3822          1448
      52.3843          1448
      52.3854          1448
      52.4064          1448
      52.4074          1448
      52.4085          1448
      52.4095          1448
      52.4105          1448
      52.4116          1448
      52.4134          1448
      52.4145          1448
      52.4155          1448
      52.4165          1448
      52.4182          1448
      52.4192          1448
      52.4213          1448
      52.4223          1448
      52.4234          1448
      52.4244          1448
      52.4255          1448
      52.4265          1448
      52.4286          1448
      52.4297          1448
      52.4507          1448
      52.4517          1448
      52.4528          1448
      52.4538          1448
      52.4548          1448
      52.4559          1448
      52.4577          1448
      52.4588          1448
      52.4598          1448
      52.4608          1448
      52.4625          1448
      52.4635          1448
      52.4656          1448
      52.4666          1448
      52.4677          1448
      52.4687          1448
      52.4698          1448
      52.4708          1448
      52.4729          1448
       52.474          1448
       52.495          1448
       52.496          1448
      52.4971          1448
      52.4981          1448
      52.4991          1448
      52.5001          1448
       52.502          1448
      52.5031          1448
      52.5041          1448
      52.5051          1448
      52.5068          1448
      52.5078          1448
      52.5099          1448
      52.5109          1448
      52.5119          1448
       52.513          1448
      52.5141          1448
      52.5151          1448
      52.5172          1448
      52.5182          1448
      52.5392          1448
      52.5403          1448
      52.5414          1448
      52.5424          1448
      52.5434          1448
      52.5444          1448
      52.5463          1448
      52.5473          1448
      52.5484          1448
      52.5494          1448
       52.551          1448
      52.5521          1448
      52.5542          1448
      52.5552          1448
      52.5562          1448
      52.5573          1448
      52.5584          1448
      52.5594          1448
      52.5615          1448
      52.5625          1448
      52.5835          1448
      52.5846          1448
      52.5857          1448
      52.5867          1448
      52.5877          1448
      52.5887          1448
      52.5906          1448
      52.5916          1448
      52.5927          1448
      52.5937          1448
      52.5953          1448
      52.5964          1448
      52.5985          1448
      52.5995          1448
      52.6005          1448
      52.6016          1448
      52.6027          1448
      52.6037          1448
      52.6058          1448
      52.6068          1448
      52.6278          1448
      52.6288          1448
      52.6299          1448
       52.631          1448
       52.632          1448
       52.633          1448
      52.6349          1448
      52.6359          1448
       52.637          1448
       52.638          1448
      52.6396          1448
      52.6407          1448
      52.6428          1448
      52.6438          1448
      52.6448          1448
      52.6458          1448
      52.6469          1448
       52.648          1448
      52.6501          1448
      52.6511          1448
      52.6721          1448
      52.6731          1448
      52.6742          1448
      52.6753          1448
      52.6763          1448
      52.6773          1448
      52.6792          1448
      52.6802          1448
      52.6812          1448
      52.6823          1448
      52.6839          1448
      52.6849          1448
      52.6871          1448
      52.6881          1448
      52.6891          1448
      52.6901          1448
      52.6912          1448
      52.6923          1448
      52.6944          1448
      52.6954          1448
      52.7164          1448
      52.7174          1448
      52.7185          1448
      52.7195          1448
      52.7205          1448
      52.7215          1448
      52.7226          1448
      52.7236          1448
      52.7246          1448
      52.7256          1448
      52.7267          1448
      52.7282          1448
      52.7292          1448
      52.7314          1448
      52.7324          1448
      52.7334          1448
      52.7344          1448
      52.7355          1448
      52.7366          1448
      52.7387          1448
      52.7397          1448
      52.7607          1448
      52.7617          1448
      52.7627          1448
      52.7638          1448
      52.7648          1448
      52.7658          1448
      52.7668          1448
      52.7679          1448
      52.7689          1448
      52.7699          1448
      52.7709          1448
       52.772          1448
      52.7735          1448
      52.7745          1448
      52.7767          1448
      52.7777          1448
      52.7787          1448
      52.7797          1448
      52.7808          1448
      52.7819          1448
       52.784          1448
       52.785          1448
       52.806          1448
       52.807          1448
      52.8081          1448
      52.8091          1448
      52.8101          1448
      52.8111          1448
      52.8122          1448
      52.8132          1448
      52.8142          1448
      52.8152          1448
      52.8163          1448
      52.8173          1448
      52.8188          1448
      52.8199          1448
       52.822          1448
       52.823          1448
       52.824          1448
      52.8251          1448
      52.8262          1448
      52.8272          1448
      52.8293          1448
      52.8303          1448
      52.8513          1448
      52.8524          1448
      52.8534          1448
      52.8544          1448
      52.8554          1448
      52.8565          1448
      52.8575          1448
      52.8585          1448
      52.8595          1448
      52.8606          1448
      52.8616          1448
      52.8626          1448
      52.8642          1448
      52.8652          1448
      52.8673          1448
      52.8683          1448
      52.8693          1448
      52.8704          1448
      52.8715          1448
      52.8725          1448
      52.8746          1448
      52.8756          1448
      52.8966          1448
      52.8977          1448
      52.8987          1448
      52.8997          1448
      52.9007          1448
      52.9018          1448
      52.9028          1448
      52.9038          1448
      52.9048          1448
      52.9059          1448
      52.9069          1448
      52.9079          1448
      52.9095          1448
      52.9105          1448
      52.9126          1448
      52.9136          1448
      52.9147          1448
      52.9157          1448
      52.9168          1448
      52.9178          1448
      52.9199          1448
       52.921          1448
       52.942          1448
       52.943          1448
       52.944          1448
       52.945          1448
      52.9461          1448
      52.9471          1448
      52.9481          1448
      52.9491          1448
      52.9502          1448
      52.9512          1448
      52.9522          1448
      52.9532          1448
      52.9548          1448
      52.9558          1448
      52.9579          1448
       52.959          1448
        52.96          1448
       52.961          1448
      52.9621          1448
      52.9631          1448
      52.9652          1448
      52.9663          1448
      52.9873          1448
      52.9883          1448
      52.9893          1448
      52.9904          1448
      52.9914          1448
      52.9924          1448
      52.9934          1448
      52.9945          1448
      52.9955          1448
      52.9965          1448
      52.9975          1448
      52.9985          1448
      53.0001          1448
      53.0011          1448
      53.0032          1448
      53.0043          1448
      53.0053          1448
      53.0063          1448
      53.0074          1448
      53.0084          1448
      53.0105          1448
      53.0115          1448
      53.0326          1448
      53.0336          1448
      53.0346          1448
      53.0356          1448
      53.0367          1448
      53.0377          1448
      53.0387          1448
      53.0397          1448
      53.0408          1448
      53.0418          1448
      53.0428          1448
      53.0438          1448
      53.0454          1448
      53.0464          1448
      53.0485          1448
      53.0495          1448
      53.0506          1448
      53.0516          1448
      53.0527          1448
      53.0537          1448
      53.0558          1448
      53.0568          1448
      53.0778          1448
      53.0788          1448
      53.0799          1448
      53.0809          1448
      53.0819          1448
      53.0829          1448
       53.084          1448
       53.085          1448
       53.086          1448
       53.087          1448
      53.0881          1448
      53.0891          1448
      53.0906          1448
      53.0916          1448
      53.0938          1448
      53.0948          1448
      53.0958          1448
      53.0968          1448
      53.0979          1448
      53.0989          1448
      53.1011          1448
       53.102          1448
      53.1231          1448
      53.1241          1448
      53.1251          1448
      53.1261          1448
      53.1272          1448
      53.1282          1448
      53.1292          1448
      53.1302          1448
      53.1313          1448
      53.1323          1448
      53.1333          1448
      53.1343          1448
      53.1359          1448
      53.1369          1448
       53.139          1448
        53.14          1448
      53.1411          1448
      53.1421          1448
      53.1432          1448
      53.1442          1448
      53.1463          1448
      53.1473          1448
      53.1683          1448
      53.1693          1448
      53.1704          1448
      53.1714          1448
      53.1724          1448
      53.1734          1448
      53.1745          1448
      53.1755          1448
      53.1765          1448
      53.1775          1448
      53.1786          1448
      53.1796          1448
      53.1812          1448
      53.1822          1448
      53.1843          1448
      53.1853          1448
      53.1864          1448
      53.1873          1448
      53.1884          1448
      53.1894          1448
      53.1916          1448
      53.1926          1448
      53.2136          1448
      53.2146          1448
      53.2156          1448
      53.2166          1448
      53.2177          1448
      53.2187          1448
      53.2197          1448
      53.2207          1448
      53.2218          1448
      53.2228          1448
      53.2238          1448
      53.2248          1448
      53.2264          1448
      53.2274          1448
      53.2296          1448
      53.2306          1448
      53.2316          1448
      53.2326          1448
      53.2337          1448
      53.2347          1448
      53.2368          1448
      53.2378          1448
      53.2588          1448
      53.2598          1448
      53.2609          1448
      53.2619          1448
      53.2629          1448
      53.2639          1448
       53.265          1448
       53.266          1448
       53.267          1448
       53.268          1448
      53.2691          1448
      53.2701          1448
      53.2717          1448
      53.2727          1448
      53.2748          1448
      53.2758          1448
      53.2769          1448
      53.2779          1448
       53.279          1448
        53.28          1448
      53.2821          1448
      53.2831          1448
      53.3041          1448
      53.3051          1448
      53.3062          1448
      53.3071          1448
      53.3082          1448
      53.3092          1448
      53.3103          1448
      53.3112          1448
      53.3123          1448
      53.3133          1448
      53.3143          1448
      53.3153          1448
      53.3169          1448
      53.3179          1448
      53.3201          1448
      53.3211          1448
      53.3221          1448
      53.3231          1448
      53.3242          1448
      53.3252          1448
      53.3273          1448
      53.3283          1448
      53.3494          1448
      53.3504          1448
      53.3514          1448
      53.3524          1448
      53.3535          1448
      53.3545          1448
      53.3555          1448
      53.3565          1448
      53.3576          1448
      53.3586          1448
      53.3596          1448
      53.3606          1448
      53.3622          1448
      53.3632          1448
      53.3653          1448
      53.3663          1448
      53.3674          1448
      53.3684          1448
      53.3695          1448
      53.3705          1448
      53.3726          1448
      53.3736          1448
      53.3946          1448
      53.3956          1448
      53.3967          1448
      53.3977          1448
      53.3987          1448
      53.3997          1448
      53.4008          1448
      53.4018          1448
      53.4028          1448
      53.4038          1448
      53.4049          1448
      53.4059          1448
      53.4074          1448
      53.4084          1448
      53.4106          1448
      53.4116          1448
      53.4126          1448
      53.4136          1448
      53.4147          1448
      53.4157          1448
      53.4178          1448
      53.4188          1448
      53.4399          1448
      53.4409          1448
      53.4419          1448
      53.4429          1448
       53.444          1448
       53.445          1448
       53.446          1448
       53.447          1448
      53.4481          1448
      53.4491          1448
      53.4501          1448
      53.4511          1448
      53.4527          1448
      53.4537          1448
      53.4558          1448
      53.4568          1448
      53.4579          1448
      53.4589          1448
        53.46          1448
       53.461          1448
      53.4631          1448
      53.4641          1448
      53.4851          1448
      53.4861          1448
      53.4872          1448
      53.4882          1448
      53.4892          1448
      53.4902          1448
      53.4913          1448
      53.4923          1448
      53.4933          1448
      53.4943          1448
      53.4954          1448
      53.4964          1448
       53.498          1448
       53.499          1448
      53.5011          1448
      53.5021          1448
      53.5032          1448
      53.5041          1448
      53.5052          1448
      53.5062          1448
      53.5084          1448
      53.5094          1448
      53.5304          1448
      53.5314          1448
      53.5324          1448
      53.5334          1448
      53.5345          1448
      53.5355          1448
      53.5365          1448
      53.5375          1448
      53.5386          1448
      53.5396          1448
      53.5406          1448
      53.5416          1448
      53.5432          1448
      53.5442          1448
      53.5464          1448
      53.5474          1448
      53.5484          1448
      53.5494          1448
      53.5505          1448
      53.5515          1448
      53.5536          1448
      53.5546          1448
      53.5756          1448
      53.5766          1448
      53.5777          1448
      53.5787          1448
      53.5797          1448
      53.5807          1448
      53.5818          1448
      53.5828          1448
      53.5838          1448
      53.5848          1448
      53.5859          1448
      53.5869          1448
      53.5885          1448
      53.5895          1448
      53.5916          1448
      53.5926          1448
      53.5937          1448
      53.5947          1448
      53.5958          1448
      53.5968          1448
      53.5989          1448
      53.5999          1448
      53.6209          1448
      53.6219          1448
       53.623          1448
      53.6239          1448
       53.625          1448
       53.626          1448
       53.627          1448
       53.628          1448
      53.6291          1448
      53.6301          1448
      53.6311          1448
      53.6321          1448
      53.6337          1448
      53.6347          1448
      53.6369          1448
      53.6379          1448
      53.6389          1448
      53.6399          1448
       53.641          1448
       53.642          1448
      53.6441          1448
      53.6451          1448
      53.6662          1448
      53.6672          1448
      53.6682          1448
      53.6692          1448
      53.6703          1448
      53.6713          1448
      53.6723          1448
      53.6733          1448
      53.6744          1448
      53.6754          1448
      53.6764          1448
      53.6774          1448
       53.679          1448
        53.68          1448
      53.6821          1448
      53.6831          1448
      53.6842          1448
      53.6852          1448
      53.6863          1448
      53.6873          1448
      53.6894          1448
      53.6904          1448
      53.7114          1448
      53.7124          1448
      53.7135          1448
      53.7145          1448
      53.7155          1448
      53.7165          1448
      53.7176          1448
      53.7186          1448
      53.7196          1448
      53.7206          1448
      53.7217          1448
      53.7227          1448
      53.7242          1448
      53.7252          1448
      53.7274          1448
      53.7284          1448
      53.7294          1448
      53.7304          1448
      53.7315          1448
      53.7325          1448
      53.7346          1448
      53.7356          1448
      53.7567          1448
      53.7577          1448
      53.7587          1448
      53.7597          1448
      53.7608          1448
      53.7618          1448
      53.7628          1448
      53.7638          1448
      53.7649          1448
      53.7659          1448
      53.7669          1448
      53.7679          1448
      53.7695          1448
      53.7705          1448
      53.7726          1448
      53.7736          1448
      53.7747          1448
      53.7757          1448
      53.7768          1448
      53.7778          1448
      53.7799          1448
      53.7809          1448
      53.8019          1448
      53.8029          1448
       53.804          1448
       53.805          1448
       53.806          1448
       53.807          1448
      53.8081          1448
      53.8091          1448
      53.8101          1448
      53.8111          1448
      53.8122          1448
      53.8132          1448
      53.8148          1448
      53.8157          1448
      53.8179          1448
      53.8189          1448
      53.8199          1448
      53.8209          1448
       53.822          1448
       53.823          1448
      53.8252          1448
      53.8262          1448
      53.8472          1448
      53.8482          1448
      53.8492          1448
      53.8502          1448
      53.8513          1448
      53.8523          1448
      53.8533          1448
      53.8543          1448
      53.8554          1448
      53.8564          1448
      53.8574          1448
      53.8584          1448
        53.86          1448
       53.861          1448
      53.8632          1448
      53.8642          1448
      53.8652          1448
      53.8662          1448
      53.8673          1448
      53.8683          1448
      53.8704          1448
      53.8714          1448
      53.8924          1448
      53.8934          1448
      53.8945          1448
      53.8955          1448
      53.8965          1448
      53.8975          1448
      53.8986          1448
      53.8996          1448
      53.9006          1448
      53.9016          1448
      53.9027          1448
      53.9037          1448
      53.9053          1448
      53.9063          1448
      53.9084          1448
      53.9094          1448
      53.9105          1448
      53.9115          1448
      53.9126          1448
      53.9136          1448
      53.9157          1448
      53.9167          1448
      53.9377          1448
      53.9387          1448
      53.9397          1448
      53.9407          1448
      53.9418          1448
      53.9428          1448
      53.9438          1448
      53.9448          1448
      53.9459          1448
      53.9469          1448
      53.9479          1448
      53.9489          1448
      53.9505          1448
      53.9515          1448
      53.9537          1448
      53.9547          1448
      53.9557          1448
      53.9567          1448
      53.9578          1448
      53.9588          1448
      53.9609          1448
      53.9619          1448
       53.983          1448
       53.984          1448
       53.985          1448
       53.986          1448
      53.9871          1448
      53.9881          1448
      53.9891          1448
      53.9901          1448
      53.9912          1448
      53.9921          1448
      53.9932          1448
      53.9942          1448
      53.9958          1448
      53.9968          1448
      53.9989          1448
      53.9999          1448
       54.001          1448
       54.002          1448
      54.0031          1448
      54.0041          1448
      54.0062          1448
      54.0072          1448
      54.0416          1448
       54.056          1448
      54.0704          1448
      54.0848          1448
      54.0992          1448
      54.1136          1448
      54.1279          1448
      54.1423          1448
      54.1567          1448
      54.4445         11584
      54.4877          7240
      54.5021          7240
      54.5453          5792
      54.6028          4344
      55.6756          2896
      55.7516         44888
      55.7642          1448
      55.7896          1448
      55.8275          1448
      55.8655          1448
      55.8782          1448
      55.9035          1448
      55.9288          1448
      55.9542          1448
      55.9795          1448
      56.0048          1448
      56.0322          1448
      56.2392          2896
      56.2835          2896
      56.3131          2896
      56.3278          2896
      56.4461          2896
      56.4756          7240
      56.5052          1448
        56.52          1448
      56.5348          1448
      56.5495          1448
      56.5939          1448
      56.6234          1448
      56.8008          4344
      56.8747          2896
      57.0202          2896
      57.1698          7240
      57.1822          1448
      57.2445          1448
       57.257          1448
      57.2819          1448
      57.3193          1448
      57.3318          1448
      57.3567          1448
      57.3817          1448
      57.4066          1448
      57.5811         10136
      57.6185          1448
      57.6434          1448
      57.6559          1448
      57.7182          1448
      57.7307          1448
      57.7431          1448
      57.7864          1448
      57.8114          1448
      57.8363          1448
      57.8612          1448
      57.8862          1448
      57.9111          1448
       57.936          1448
      57.9609          1448
      57.9859          1448
      58.0108          1448
      58.0671          1448
      58.1234          1448
       58.461          5792
      58.6299          5792
      58.7143          1448
      58.7425          1448
      58.8269          1448
       58.855          1448
      58.9394          1448
      58.9676          1448
      59.0388          1448
      59.1878          8688
      59.2028          1448
      59.2475          1448
      59.2624          1448
      59.3057          1448
      59.3206          1448
      59.3638          1448
      59.3787          1448
       59.422          1448
      59.4369          1448
      59.4802          1448
      59.4951          1448
      59.5384          1448
      59.5533          1448
      59.6235          1448
      59.6384          1448
      59.6965          1448
      59.7264          1448
      59.7711          1448
       59.786          1448
      59.8456          1448
      59.8605          1448
      59.9202          1448
      59.9351          1448
      59.9947          1448
      60.0096          1448
      60.0651          1448
      60.0743          1448
      60.1298          1448
       60.139          1448
      60.1945          1448
      60.2037          1448
      60.2592          1448
      60.2684          1448
      60.3239          1448
      60.3331          1448
      60.3886          1448
      60.3978          1448
      60.4533          1448
      60.4625          1448
      60.5087          1448
       60.518          1448
      60.5642          1448
      60.5734          1448
      60.6197          1448
      60.6289          1448
      60.6751          1448
      60.6844          1448
      60.7398          1448
      60.7491          1448
      60.8045          1448
      60.8138          1448
      60.8692          1448
      60.8785          1448
      60.9339          1448
      60.9432          1448
      60.9986          1448
      61.0079          1448
      61.0613          1448
      61.0689          1448
      61.1223          1448
      61.1299          1448
      61.1833          1448
       61.191          1448
      61.2444          1448
       61.252          1448
      61.3054          1448
       61.313          1448
      61.3664          1448
      61.3741          1448
      61.4275          1448
      61.4351          1448
      61.4885          1448
      61.4961          1448
      61.5495          1448
      61.5572          1448
      61.6106          1448
      61.6182          1448
      61.6716          1448
      61.6792          1448
      61.7326          1448
      61.7403          1448
      61.7937          1448
      61.8013          1448
      61.8547          1448
      61.8623          1448
      61.9157          1448
      61.9234          1448
       61.931          1448
      61.9768          1448
      61.9844          1448
      61.9997          1448
      62.0165          1448
      62.0535          1448
      62.0628          1448
      62.0812          1448
      62.0997          1448
      62.1275          1448
      62.1367          1448
      62.1644          1448
      62.1737          1448
      62.2014          1448
      62.2106          1448
      62.2384          1448
      62.2476          1448
      62.2661          1448
      62.2846          1448
      62.3031          1448
      62.3123          1448
      62.3216          1448
      62.3371          1448
      62.3463          1448
      62.3648          1448
      62.3741          1448
      62.3896          1448
      62.3988          1448
      62.4173          1448
      62.4266          1448
      62.4421          1448
      62.4514          1448
      62.4699          1448
      62.4791          1448
      62.4883          1448
      62.4976          1448
      62.5068          1448
      62.5253          1448
      62.5346          1448
      62.5438          1448
      62.5531          1448
      62.5623          1448
      62.5715          1448
      62.5993          1448
      62.6178          1448
       62.627          1448
      62.6362          1448
      62.6455          1448
      62.6732          1448
      62.6917          1448
      62.7009          1448
      62.7102          1448
      62.7379          1448
      62.7564          1448
      62.7749          1448
      62.7841          1448
       62.932         10136
      63.0732          7240
      63.1341          1448
      63.1463          1448
      63.1707          1448
      63.1951          1448
      63.2194          1448
      63.2438          1448
      63.2682          1448
      63.2925          1448
      63.3169          1448
      63.3413          1448
      63.3657          1448
      63.5119         10136
      63.5485          1448
      63.5674          1448
      63.5795          1448
      63.6228          1448
       63.635          1448
      63.6837          1448
      63.6959          1448
      63.7569          1448
      63.7691          1448
        63.83          1448
      63.8422          1448
      63.9031          1448
      63.9153          1448
      63.9275          1448
      63.9762          1448
      63.9884          1448
      64.0128          1448
      64.0444          1448
       64.076          1448
      64.1076          1448
      64.1393          1448
      64.1709          1448
      64.2025          1448
      64.2341          1448
      64.2658          1448
      64.2816          1448
      64.3132          1448
      64.3606          1448
      64.3764          1448
      64.3922          1448
      64.4397          1448
      64.4555          1448
      64.4713          1448
      64.5187          1448
      64.5345          1448
      64.5503          1448
      64.5978          1448
      64.6136          1448
      64.6294          1448
      64.6768          1448
      64.7084          1448
      64.7401          1448
      64.7717          1448
      64.8033          1448
      64.8349          1448
      64.8666          1448
      64.8982          1448
      64.9298          1448
      64.9614          1448
       64.993          1448
      65.0245          1448
      65.0558          1448
      65.0872          1448
      65.1185          1448
      65.1498          1448
      65.1812          1448
      65.2125          1448
      65.2438          1448
      65.2752          1448
      65.3065          1448
      65.3378          1448
      65.3692          1448
      65.4005          1448
      65.4318          1448
      65.4632          1448
      65.4945          1448
      65.5258          1448
      65.5572          1448
      65.5885          1448
      65.6198          1448
      65.6512          1448
      65.6825          1448
      65.7138          1448
      65.7452          1448
      65.7765          1448
      65.8078          1448
      65.8392          1448
      65.8705          1448
      65.9018          1448
      65.9332          1448
      65.9645          1448
      65.9958          1448
      66.0233          1448
      66.0469          1448
      66.0704          1448
       66.094          1448
      66.1176          1448
      66.1412          1448
      66.1648          1448
      66.1884          1448
       66.212          1448
      66.2355          1448
      66.2591          1448
      66.2827          1448
      66.3063          1448
      66.3299          1448
      66.3535          1448
       66.377          1448
      66.4006          1448
      66.4242          1448
      66.4478          1448
      66.4714          1448
       66.495          1448
      66.5185          1448
      66.5421          1448
      66.5657          1448
      66.5893          1448
      66.6129          1448
      66.6365          1448
        66.66          1448
      66.6836          1448
      66.7072          1448
      66.8723         10136
      66.9077          1448
      66.9431          1448
      66.9548          1448
      67.0138          1448
      67.0254          1448
      67.0835          1448
      67.0952          1448
      67.1533          1448
      67.1649          1448
      67.1765          1448
       67.223          1448
      67.2346          1448
      67.2578          1448
      67.2811          1448
      67.3043          1448
      67.3276          1448
      67.3508          1448
      67.3741          1448
      67.3973          1448
      67.4205          1448
      67.4438          1448
       67.467          1448
      67.4903          1448
      67.5135          1448
      67.5367          1448
        67.56          1448
      67.5832          1448
      67.6065          1448
      67.7459         10136
      67.8008          1448
      67.8124          1448
       67.824          1448
      67.8822          1448
      67.8938          1448
      67.9054          1448
      67.9519          1448
      67.9635          1448
      67.9867          1448
        68.01          1448
      68.0299          1448
      68.0498          1448
      68.0698          1448
      68.0797          1448
      68.1096          1448
      68.1196          1448
      68.1495          1448
      68.1594          1448
      68.1893          1448
      68.1993          1448
      68.2292          1448
      68.2391          1448
       68.269          1448
       68.279          1448
      68.3089          1448
      68.3288          1448
      68.3487          1448
      68.3687          1448
      68.3886          1448
      68.4085          1448
      68.4285          1448
      68.4422           512
      68.4954          1448
      68.5054          1448
      68.5253          1448
      68.5452          1448
      68.5652          1448
      68.5851          1448
       68.605          1448
       68.625          1448
      68.6449          1448
      68.6648          1448
      68.6847          1448
      68.7047          1448
      68.7246          1448
      68.7445          1448
      68.7644          1448
      68.7844          1448
      68.8043          1448
      68.8242          1448
      68.8442          1448
      68.8641          1448
       68.884          1448
      68.9039          1448
      68.9239          1448
      68.9438          1448
      68.9637          1448
      68.9836          1448
      69.0036          1448
       69.023          1448
      69.0419          1448
      69.0608          1448
      69.0798          1448
      69.0987          1448
      69.1176          1448
      69.1365          1448
      69.1555          1448
      69.1744          1448
      69.1933          1448
      69.2122          1448
      69.2311          1448
      69.2501          1448
       69.269          1448
      69.2879          1448
      69.3068          1448
      69.3258          1448
      69.3447          1448
      69.3636          1448
      69.3825          1448
      69.4014          1448
      69.4204          1448
      69.4393          1448
      69.4582          1448
      69.4771          1448
      69.4961          1448
       69.515          1448
      69.5339          1448
      69.5528          1448
      69.5718          1448
      69.5907          1448
      69.6096          1448
      69.6285          1448
      69.6474          1448
      69.6664          1448
      69.6853          1448
      69.7042          1448
      69.7231          1448
      69.7421          1448
       69.761          1448
      69.7799          1448
      69.7988          1448
      69.8178          1448
      69.8367          1448
      69.8556          1448
      69.8745          1448
      69.8934          1448
      69.9124          1448
      69.9313          1448
      69.9502          1448
      69.9691          1448
      69.9881          1448
       70.007          1448
      70.0251          1448
      70.0425          1448
      70.0599          1448
      70.0772          1448
      70.0946          1448
      70.1119          1448
      70.1293          1448
      70.1467          1448
       70.164          1448
      70.1814          1448
      70.1988          1448
      70.2161          1448
      70.2335          1448
      70.2509          1448
      70.2682          1448
      70.2856          1448
       70.303          1448
      70.3203          1448
      70.3377          1448
       70.355          1448
      70.3724          1448
      70.3898          1448
      70.4071          1448
      70.4245          1448
      70.4419          1448
      70.4592          1448
      70.4766          1448
       70.494          1448
      70.5113          1448
      70.5287          1448
      70.5452          1448
      70.5539          1448
      70.5626          1448
      70.5806          1448
      70.5893          1448
      70.6154          1448
       70.624          1448
      70.6414          1448
      70.6588          1448
      70.6761          1448
      70.6935          1448
      70.7109          1448
      70.7282          1448
      70.7456          1448
       70.763          1448
      70.7803          1448
      70.7977          1448
       70.815          1448
      70.8324          1448
      70.8498          1448
      70.8671          1448
      70.8845          1448
      70.9019          1448
      70.9192          1448
      70.9366          1448
       70.954          1448
      70.9713          1448
      70.9887          1448
      71.0061          1448
      71.0278          1448
       71.054          1448
      71.0802          1448
      71.1064          1448
      71.1325          1448
      71.1587          1448
      71.3158          7240
      71.4285          5792
      71.4849          1448
       71.498          1448
      71.5111          1448
      71.5543          1448
      71.5674          1448
      71.6107          1448
      71.6238          1448
      71.6369          1448
      71.6892          1448
      71.7023          1448
      71.7154          1448
      71.7547          1448
      71.7808          1448
       71.807          1448
      71.8332          1448
      71.8594          1448
      71.8856          1448
      71.9117          1448
       71.934          1448
      71.9471          1448
      71.9602          1448
      71.9733          1448
      71.9864          1448
      72.0237          1448
      72.0461          1448
      72.0684          1448
      72.0908          1448
      72.1131          1448
      72.2585         10136
      72.3129          1448
      72.3241          1448
      72.3353          1448
      72.3785          1448
      72.3897          1448
       72.433          1448
      72.4441          1448
      72.4874          1448
      72.4986          1448
      72.5418          1448
       72.553          1448
      72.5963          1448
      72.6075          1448
      72.6187          1448
      72.6634          1448
      72.6745          1448
      72.6857          1448
      72.7192          1448
      72.7416          1448
       72.764          1448
      72.7757            21
      72.8301          1448
      72.8413          1448
      72.8637          1448
       72.886          1448
      72.9084          1448
      72.9307          1448
      72.9531          1448
      72.9755          1448
      72.9978          1448
      73.0207          1448
      73.0441          1448
      73.0675          1448
      73.0909          1448
      73.1143          1448
      73.1377          1448
      73.1611          1448
      73.1845          1448
      73.2079          1448
      73.2313          1448
      73.2547          1448
      73.2781          1448
      73.3015          1448
      73.3249          1448
      73.3483          1448
      73.3717          1448
      73.3951          1448
      73.4185          1448
      73.4419          1448
      73.4653          1448
      73.4887          1448
      73.5121          1448
      73.5355          1448
      73.5589          1448
      73.5823          1448
      73.6057          1448
      73.6291          1448
      73.6525          1448
      73.6759          1448
      73.6993          1448
      73.7227          1448
      73.7461          1448
      73.7695          1448
      73.7929          1448
      73.8163          1448
      73.8397          1448
      73.8631          1448
      73.8865          1448
      73.9099          1448
      73.9333          1448
      73.9567          1448
      73.9801          1448
      74.0035          1448
      74.0254          1448
      74.0459          1448
      74.0766          1448
      74.0868          1448
      74.1176          1448
      74.1278          1448
      74.1585          1448
      74.1687          1448
      74.1994          1448
      74.2097          1448
      74.2404          1448
      74.2506          1448
      74.2813          1448
      74.2915          1448
      74.3223          1448
      74.3325          1448
      74.3632          1448
      74.3734          1448
      74.4041          1448
      74.4144          1448
      74.4451          1448
      74.4553          1448
       74.486          1448
      74.4962          1448
       74.527          1448
      74.5372          1448
      74.5679          1448
      74.5781          1448
      74.6088          1448
      74.6191          1448
      74.6498          1448
        74.66          1448
      74.6907          1448
       74.701          1448
      74.7317          1448
      74.7419          1448
      74.7726          1448
      74.7828          1448
      74.8135          1448
      74.8238          1448
      74.8545          1448
      74.8647          1448
      74.8954          1448
      74.9057          1448
      74.9364          1448
      74.9466          1448
      74.9773          1448
      74.9875          1448
       75.017          1448
       75.026          1448
       75.053          1448
       75.062          1448
       75.089          1448
       75.098          1448
       75.125          1448
       75.134          1448
       75.161          1448
        75.17          1448
       75.197          1448
       75.206          1448
       75.233          1448
       75.242          1448
      75.2583          1448
      75.2673          1448
      75.2943          1448
      75.3033          1448
      75.3196          1448
      75.3286          1448
      75.3376          1448
      75.3556          1448
      75.3646          1448
      75.3808          1448
      75.3898          1448
      75.4078          1448
      75.4168          1448
      75.4331          1448
      75.4421          1448
      75.4601          1448
      75.4691          1448
      75.4854          1448
      75.4944          1448
      75.5124          1448
      75.5214          1448
      75.5376          1448
      75.5466          1448
      75.5646          1448
      75.5736          1448
      75.5899          1448
      75.5989          1448
      75.6169          1448
      75.6259          1448
      75.6422          1448
      75.6512          1448
      75.6692          1448
      75.6782          1448
      75.6872          1448
      75.6962          1448
      75.7052          1448
      75.7214          1448
      75.7304          1448
      75.7394          1448
      75.7484          1448
      75.7574          1448
      75.7664          1448
      75.7827          1448
      75.7917          1448
      75.8007          1448
      75.8097          1448
      75.8187          1448
      75.8277          1448
       75.844          1448
       75.853          1448
       75.862          1448
       75.871          1448
        75.88          1448
       75.889          1448
      75.9052          1448
      75.9142          1448
      75.9232          1448
      75.9322          1448
      75.9412          1448
      75.9502          1448
      75.9592          1448
      75.9682          1448
      75.9772          1448
      75.9862          1448
      75.9952          1448
      76.0042          1448
      76.0132          1448
      76.0206          1098
      76.0735          1448
      76.0832          1448
      76.0928          1448
      76.1024          1448
       76.112          1448
      76.1216          1448
      76.1313          1448
      76.1409          1448
      76.1505          1448
      76.1601          1448
      76.1697          1448
      76.1794          1448
       76.189          1448
      76.1986          1448
      76.2082          1448
      76.2178          1448
      76.2275          1448
      76.2371          1448
      76.2467          1448
      76.2563          1448
      76.2659          1448
      76.2756          1448
      76.2852          1448
      76.2948          1448
      76.3044          1448
       76.314          1448
      76.3237          1448
      76.3333          1448
      76.3429          1448
      76.3525          1448
      76.3622          1448
      76.3718          1448
      76.3814          1448
       76.391          1448
      76.4006          1448
      76.4103          1448
      76.5257         17376
      76.5401          1448
      76.5497          1448
      76.5594          1448
       76.569          1448
      76.5786          1448
      76.5882          1448
      76.6026          1448
      76.6122          1448
      76.6219          1448
      76.6315          1448
      76.6411          1448
      76.6507          1448
      76.6651          1448
      76.6748          1448
      76.6844          1448
       76.694          1448
      76.7036          1448
      76.7132          1448
      76.7229          1448
      76.7325          1448
      76.7421          1448
      76.7517          1448
      76.7613          1448
       76.771          1448
      76.7806          1448
      76.7902          1448
      76.7998          1448
      76.8094          1448
      76.8191          1448
      76.8287          1448
      76.8383          1448
      76.8479          1448
      76.8575          1448
      76.8672          1448
      76.8768          1448
      76.8864          1448
       76.896          1448
      76.9056          1448
      76.9153          1448
      76.9249          1448
      76.9345          1448
      76.9441          1448
      76.9537          1448
      76.9634          1448
       76.973          1448
      76.9826          1448
      76.9922          1448
      77.0018          1448
      77.0115          1448
      77.0206          1448
      77.0298          1448
      77.0389          1448
      77.0481          1448
      77.0572          1448
      77.0664          1448
      77.0755          1448
      77.0847          1448
      77.0938          1448
       77.103          1448
      77.1121          1448
      77.1213          1448
      77.1304          1448
      77.1396          1448
      77.1487          1448
      77.1579          1448
       77.167          1448
      77.1762          1448
      77.1853          1448
      77.1945          1448
      77.2036          1448
      77.2128          1448
       77.222          1448
      77.2311          1448
      77.2403          1448
      77.3409         15928
      77.3659          1448
       77.375          1448
      77.3842          1448
      77.3934          1448
      77.4025          1448
      77.4275          1448
      77.4366          1448
      77.4458          1448
      77.4549          1448
      77.4799          1448
       77.489          1448
      77.4982          1448
      77.5073          1448
      77.5323          1448
      77.5415          1448
      77.5506          1448
      77.5598          1448
       77.578           476
      77.6305          1448
      77.6396          1448
      77.6488          1448
      77.6579          1448
      77.6671          1448
      77.6762          1448
       77.692          1448
      77.7012          1448
      77.7103          1448
      77.7195          1448
      77.7286          1448
      77.7378          1448
      77.7536          1448
      77.7628          1448
      77.7719          1448
      77.7811          1448
      77.7902          1448
      77.7994          1448
      77.8152          1448
      77.8243          1448
      77.8335          1448
      77.8426          1448
      77.8518          1448
      77.8609          1448
      77.8767          1448
      77.8859          1448
       77.895          1448
      77.9042          1448
      77.9134          1448
      77.9225          1448
      77.9383          1448
      77.9475          1448
      77.9566          1448
      77.9658          1448
      77.9749          1448
      77.9841          1448
      77.9932          1448
      78.0024          1448
      78.0115          1448
      78.0203          1448
      78.0291          1448
       78.038          1448
      78.0468          1448
      78.0556          1448
      78.0644          1448
      78.0732          1448
       78.082          1448
      78.0908          1448
      78.0996          1448
      78.1084          1448
      78.1172          1448
      78.1261          1448
      78.1349          1448
      78.1437          1448
      78.1525          1448
      78.1613          1448
      78.1701          1448
      78.1789          1448
      78.1877          1448
      78.1965          1448
      78.2053          1448
      78.2141          1448
       78.223          1448
      78.2318          1448
      78.2406          1448
      78.2494          1448
      78.2582          1448
       78.267          1448
      78.2758          1448
      78.2846          1448
      78.2934          1448
      78.3022          1448
       78.311          1448
      78.3199          1448
      78.3287          1448
      78.3375          1448
      78.3463          1448
      78.3551          1448
      78.3639          1448
      78.3727          1448
      78.3815          1448
      78.3903          1448
      78.3991          1448
      78.4079          1448
      78.4168          1448
      78.4256          1448
      78.4344          1448
      78.4432          1448
       78.452          1448
      78.4608          1448
      78.4696          1448
      78.4784          1448
      78.4872          1448
       78.496          1448
      78.5049          1448
      78.5137          1448
      78.5225          1448
      78.5313          1448
      78.5401          1448
      78.5489          1448
      78.5577          1448
      78.5665          1448
      78.5753          1448
      78.5841          1448
      78.5929          1448
      78.6018          1448
      78.6106          1448
      78.6194          1448
      78.6282          1448
       78.637          1448
      78.6458          1448
      78.6546          1448
      78.6634          1448
      78.6722          1448
       78.681          1448
      78.6899          1448
      78.6987          1448
      78.7075          1448
      78.7163          1448
      78.7251          1448
      78.7339          1448
      78.7427          1448
      78.7515          1448
      78.7603          1448
      78.7691          1448
      78.7779          1448
      78.7868          1448
      78.7956          1448
      78.8044          1448
      78.8132          1448
       78.822          1448
      78.8308          1448
      78.8396          1448
      78.8484          1448
      78.8572          1448
       78.866          1448
      78.8748          1448
      78.8837          1448
      78.8925          1448
      78.9013          1448
      78.9101          1448
      78.9189          1448
      78.9277          1448
      78.9365          1448
      78.9453          1448
      78.9541          1448
      78.9629          1448
      78.9718          1448
      78.9806          1448
      78.9894          1448
      78.9982          1448
       79.007          1448
      79.0158          1448
      79.0242          1448
      79.0326          1448
      79.0411          1448
      79.0495          1448
      79.0587          1448
      79.0671          1448
      79.0759          1448
      79.0843          1448
      79.0927          1448
      79.1012          1448
      79.1104          1448
      79.1188          1448
      79.1276          1448
       79.136          1448
      79.1444          1448
      79.1529          1448
       79.162          1448
      79.1705          1448
      79.1793          1448
      79.1877          1448
      79.1961          1448
      79.2045          1448
      79.2137          1448
      79.2222          1448
       79.231          1448
      79.2394          1448
      79.2478          1448
      79.2562          1448
      79.2654          1448
      79.2738          1448
      79.2827          1448
      79.2911          1448
      79.2995          1448
      79.3079          1448
      79.3109           485
      79.3627          1448
      79.3711          1448
      79.3795          1448
      79.3879          1448
      79.3963          1448
      79.4048          1448
      79.4132          1448
      79.4228          1448
      79.4312          1448
      79.4396          1448
       79.448          1448
      79.4564          1448
      79.4649          1448
      79.4745          1448
      79.4829          1448
      79.4913          1448
      79.4997          1448
      79.5081          1448
      79.5166          1448
      79.5261          1448
      79.5346          1448
       79.543          1448
      79.5514          1448
      79.5598          1448
      79.5682          1448
      79.5778          1448
      79.5862          1448
      79.5947          1448
      79.6031          1448
      79.6115          1448
      79.6199          1448
      79.6295          1448
      79.6379          1448
      79.6464          1448
      79.6548          1448
      79.6632          1448
      79.6716          1448
      79.6812          1448
      79.6896          1448
       79.698          1448
      79.7065          1448
      79.7149          1448
      79.7233          1448
      79.7329          1448
      79.7413          1448
      79.7497          1448
      79.7581          1448
      79.7666          1448
       79.775          1448
      79.7846          1448
       79.793          1448
      79.8014          1448
      79.8098          1448
      79.8183          1448
      79.8267          1448
      79.8351          1448
      79.8435          1448
      79.8519          1448
      79.8604          1448
      79.8688          1448
      79.8772          1448
      79.8856          1448
       79.894          1448
      79.9025          1448
      79.9109          1448
      79.9193          1448
      79.9277          1448
      79.9361          1448
      79.9446          1448
       79.953          1448
      79.9614          1448
      79.9698          1448
      79.9782          1448
      79.9867          1448
      79.9951          1448
      80.0035          1448
      80.0119          1448
      80.0289          1448
       80.046          1448
       80.063          1448
        80.08          1448
       80.097          1448
       80.114          1448
      80.1311          1448
      80.1481          1448
      80.1651          1448
      80.3183         10136
      80.4048          8688
      80.4219          1448
      80.4389          1448
      80.4651          1448
      80.4822          1448
      80.4992          1448
      80.5162          1448
      80.5332          1448
      80.5502          1448
      80.5672          1448
      80.5843          1448
      80.6013          1448
      80.6183          1448
      80.6353          1448
      80.6523          1448
      80.6694          1448
      80.6864          1448
      80.7034          1448
      80.7204          1448
      80.7374          1448
      80.7545          1448
      80.7715          1448
      80.7885          1448
      80.8055          1448
      80.8225          1448
      80.8396          1448
      80.8566          1448
      80.8736          1448
      80.8906          1448
      80.9076          1448
      80.9247          1448
      80.9417          1448
      80.9587          1448
        81.21         11584
        81.42          7240
        81.46          1448
      81.5033          1448
      81.5433          1448
      81.5834          1448
      81.6234          1448
      81.6635          1448
      81.7036          1448
      81.7436          1448
      81.7837          1448
      81.8237          1448
      81.8638          1448
      81.9038          1448
      81.9439          1448
      81.9839          1448
       82.024          1448
      82.0449          1448
      82.0658          1448
      82.0867          1448
      82.1076          1448
      82.1285          1448
      82.1494          1448
      82.1703          1448
      82.1912          1448
      82.2121          1448
       82.233          1448
      82.2538          1448
      82.2747          1448
      82.2956          1448
      82.3165          1448
      82.3374          1448
      82.3583          1448
      82.3792          1448
      82.4001          1448
       82.421          1448
      82.4419          1448
      82.4628          1448
      82.4837          1448
      82.5046          1448
      82.5255          1448
      82.5464          1448
      82.5673          1448
      82.5882          1448
      82.6091          1448
        82.63          1448
      82.6509          1448
      82.6718          1448
      82.6927          1448
      82.7136          1448
      82.7345          1448
      82.7554          1448
      82.7763          1448
      82.7972          1448
      82.8181          1448
       82.839          1448
      82.8599          1448
      82.8808          1448
      82.9017          1448
      82.9226          1448
      82.9435          1448
      82.9644          1448
      82.9853          1448
      83.0062          1448
      83.0271          1448
      83.0671          1448
      83.1072          1448
      83.2273          1448
      83.3074          1448
      83.5957          4466
      83.6791          1448
      83.7191          1448
      83.7992          1448
      83.8393          1448
      83.8793          1448
      83.9594          1448
      83.9995          1448
      84.0395          1448
      84.0557          1448
      84.0638          1448
      84.0909          1448
       84.099          1448
      84.1152          1448
      84.1232          1448
      84.1503          1448
      84.1584          1448
      84.1827          1448
      84.1908          1448
      84.2098          1448
      84.2179          1448
      84.2259          1448
      84.2502          1448
      84.2664          1448
      84.2745          1448
      84.2826          1448
      84.3068          1448
      84.3149          1448
      84.3392          1448
      84.3472          1448
      84.3715          1448
      84.3796          1448
      84.4038          1448
      84.4119          1448
      84.4362          1448
      84.4443          1448
      84.4685          1448
      84.4766          1448
      84.5009          1448
       84.509          1448
      84.5332          1448
      84.5413          1448
      84.5656          1448
      84.5737          1448
      84.5979          1448
       84.606          1448
      84.6303          1448
      84.6383          1448
      84.6626          1448
      84.6707          1448
      84.6949          1448
       84.703          1448
      84.7273          1448
      84.7354          1448
      84.7596          1448
      84.7677          1448
       84.792          1448
      84.8001          1448
      84.8243          1448
      84.8324          1448
      84.8567          1448
      84.8648          1448
      84.8866          1448
      84.8947          1448
       84.908          1448
      84.9161          1448
      84.9461          1448
      84.9622          1448
      84.9784          1448
      84.9946          1448
      85.0108          1448
      85.0284          1448
      85.0461          1448
      85.0638          1448
      85.0814          1448
      85.0991          1448
      85.1168          1448
      85.1345          1448
      85.1521          1448
      85.1698          1448
      85.1875          1448
      85.2051          1448
       85.214          1448
      85.2228          1448
      85.2405          1448
      85.2493          1448
      85.2758          1448
      85.2846          1448
      85.2935          1448
      85.3023          1448
      85.3288          1448
      85.3377          1448
      85.3465          1448
      85.3553          1448
      85.3818          1448
      85.3907          1448
      85.3995          1448
      85.4083          1448
      85.4437          1448
      85.4525          1448
      85.4614          1448
      85.4702          1448
      85.5055          1448
      85.5144          1448
       85.532          1448
      85.5409          1448
      85.5674          1448
      85.5762          1448
      85.6027          1448
      85.6116          1448
      85.6381          1448
      85.6469          1448
      85.6734          1448
      85.6911          1448
      85.7087          1448
      85.7264          1448
      85.7441          1448
      85.7618          1448
      85.7794          1448
      85.7971          1448
      85.8148          1448
      85.8324          1448
      85.8501          1448
      85.8678          1448
      85.8855          1448
      85.9031          1448
      85.9208          1448
      85.9385          1448
      85.9545          1448
      85.9633          1448
      85.9729          1448
      85.9817          1448
      86.0155          1448
       86.038          1448
      86.0605          1448
       86.083          1448
      86.1055          1448
      86.1281          1448
      86.1506          1448
       86.297         10136
      86.3403          1448
      86.3515          1448
      86.3628          1448
      86.4061          1448
      86.4173          1448
      86.4606          1448
      86.4718          1448
      86.5264          1448
      86.5377          1448
      86.5809          1448
      86.5922          1448
      86.6034          1448
      86.6372          1448
      86.6485          1448
      86.6597          1448
       86.671          1448
      86.7161          1448
      86.7273          1448
      86.7386          1448
      86.7724          1448
      86.7949          1448
      86.8174          1448
      86.8399          1448
      86.8625          1448
       86.885          1448
      86.9075          1448
        86.93          1448
      86.9525          1448
      86.9751          1448
      86.9976          1448
      87.0187          1448
      87.0384          1448
      87.0581          1448
      87.0758          1135
      87.1408          1448
      87.1507          1448
      87.1803          1448
         87.2          1448
      87.2197          1448
      87.2394          1448
      87.2591          1448
      87.2788          1448
      87.2956          1448
      87.3055          1448
      87.3153          1448
       87.332          1448
      87.3418          1448
      87.3714          1448
      87.3812          1448
       87.401          1448
      87.4207          1448
      87.4404          1448
      87.4601          1448
      87.4798          1448
      87.4995          1448
      87.5192          1448
       87.539          1448
      87.5587          1448
      87.5784          1448
      87.5981          1448
      87.6178          1448
      87.6277          1448
      87.6375          1448
      87.6573          1448
      87.6671          1448
      87.6967          1448
      87.7065          1448
      87.7164          1448
      87.7263          1448
      87.7558          1448
      87.7657          1448
      87.7755          1448
      87.7854          1448
       87.815          1448
      87.8248          1448
      87.8347          1448
      87.8445          1448
       87.884          1448
      87.8938          1448
      87.9037          1448
      87.9135          1448
       87.953          1448
      87.9628          1448
      87.9825          1448
      87.9924          1448
      88.0205          1448
      88.0289          1448
       88.054          1448
      88.0624          1448
      88.0875          1448
      88.0959          1448
       88.121          1448
      88.1294          1448
      88.1546          1448
      88.1629          1448
      88.1881          1448
      88.1965          1448
      88.2216          1448
        88.23          1448
      88.2551          1448
      88.2635          1448
      88.2886          1448
       88.297          1448
      88.3221          1448
      88.3305          1448
      88.3557          1448
       88.364          1448
      88.3892          1448
      88.3976          1448
      88.4227          1448
      88.4311          1448
      88.4463          1448
      88.4547          1448
      88.4743          1448
      88.4827          1448
      88.5079          1448
      88.5162          1448
      88.5414          1448
      88.5498          1448
      88.5749          1448
      88.5833          1448
      88.6084          1448
      88.6168          1448
      88.6419          1448
      88.6503          1448
      88.6755          1448
      88.6838          1448
       88.709          1448
      88.7173          1448
      88.7425          1448
      88.7509          1448
      88.7606          1448
       88.769          1448
      88.8025          1448
      88.8109          1448
      88.8193          1448
      88.8277          1448
      88.8542          1448
      88.8625          1448
      88.8709          1448
      88.8793          1448
      88.9058          1448
      88.9142          1448
      88.9226          1448
      88.9309          1448
      88.9658          1448
      88.9742          1448
      88.9826          1448
       88.991          1448
      89.0475          1448
      89.0608          1448
       89.074          1448
      89.1138          1448
      89.1404          1448
      89.1669          1448
      89.1934          1448
      89.2199          1448
      89.4056         10136
      89.4587          1448
      89.4852          1448
      89.4985          1448
       89.555          1448
      89.5682          1448
      89.5815          1448
      89.6213          1448
      89.6346          1448
      89.6478          1448
      89.6611          1448
      89.7009          1448
      89.7141          1448
      89.7274          1448
      89.7407          1448
      89.7765          1448
      89.7898          1448
       89.803          1448
      89.8163          1448
      89.8693          1448
      89.8826          1448
      89.8959          1448
      89.9091          1448
      89.9622          1448
      89.9754          1448
      89.9887          1448
      90.0247          1448
      90.0436          1448
      90.0625          1448
       90.072          1448
      90.1004          1448
      90.1098          1448
      90.1382          1448
      90.1477          1448
      90.1761          1448
      90.1855          1448
      90.2139          1448
      90.2234          1448
      90.2518          1448
      90.2612          1448
      90.2896          1448
      90.2991          1448
      90.3274          1448
       90.336          1305
      90.3896          1448
      90.3991          1448
      90.4086          1448
      90.4369          1448
      90.4559          1448
      90.4748          1448
      90.4843          1448
      90.5126          1448
      90.5221          1448
      90.5505          1448
      90.5599          1448
      90.5883          1448
      90.5978          1448
      90.6262          1448
      90.6356          1448
       90.664          1448
      90.6735          1448
      90.7019          1448
      90.7113          1448
      90.7397          1448
      90.7492          1448
      90.7776          1448
       90.787          1448
      90.8154          1448
      90.8249          1448
      90.8532          1448
      90.8627          1448
      90.8911          1448
      90.9006          1448
      90.9289          1448
      90.9384          1448
      90.9668          1448
      90.9762          1448
      91.0046          1448
      91.0141          1448
      91.0473          1448
      91.0584          1448
      91.0917          1448
      91.1139          1448
       91.136          1448
      91.1582          1448
      91.1804          1448
      91.3356         10136
      91.3799          1448
       91.391          1448
      91.4021          1448
      91.4575          1448
      91.4686          1448
       91.524          1448
      91.5351          1448
      91.5905          1448
      91.6016          1448
      91.6127          1448
       91.657          1448
      91.6681          1448
      91.6903          1448
      91.7124          1448
      91.7346          1448
      91.7568          1448
      91.7789          1448
      91.8011          1448
      91.8233          1448
      91.8455          1448
      91.8676          1448
      91.8898          1448
       91.912          1448
      91.9341          1448
      91.9563          1448
      91.9785          1448
      92.0006          1448
      92.0312          1448
      92.0701          1448
      92.3345         10136
      92.3661          1448
      92.4244          1448
      92.4439          1448
      92.5216          1448
      92.5411          1448
      92.6189          1448
      92.6383          1448
      92.6772          1448
      92.7161          1448
       92.755          1448
      92.7939          1448
      92.8327          1448
      92.8716          1448
      92.9105          1448
      92.9494          1448
      92.9688          1448
      93.0077          1448
       93.036          1448
      93.0454          1448
      93.0549          1448
      93.0643          1448
       93.102          1448
      93.1114          1448
      93.1208          1448
      93.1302          1448
      93.1679          1448
      93.1774          1448
      93.1962          1448
      93.2056          1448
      93.2339          1448
      93.2433          1448
      93.2716          1448
       93.281          1448
      93.3093          1448
      93.3187          1448
       93.347          1448
      93.3564          1448
      93.3847          1448
      93.3941          1448
      93.4224          1448
      93.4318          1448
      93.4601          1448
      93.4695          1448
      93.4978          1448
      93.5072          1448
      93.5355          1448
      93.5449          1448
      93.5732          1448
       93.592          1448
      93.6109          1448
      93.6297          1448
      93.6486          1448
      93.6674          1448
      93.6863          1448
      93.7051          1448
       93.724          1448
      93.7428          1448
      93.7589          1448
      93.7683          1448
      93.7777          1448
      93.7871          1448
      93.8116          1448
       93.821          1448
      93.8304          1448
      93.8398          1448
      93.8642          1448
      93.8737          1448
      93.8831          1448
      93.8925          1448
      93.9169          1448
      93.9264          1448
      93.9358          1448
      93.9452          1448
      93.9696          1448
      93.9791          1448
      93.9885          1448
      93.9979          1448
      94.0294          1448
       94.046          1448
      94.0625          1448
       94.079          1448
      94.0955          1448
      94.1121          1448
      94.1286          1448
      94.1451          1448
      94.1616          1448
      94.1782          1448
      94.1947          1448
      94.2112          1448
      94.2278          1448
      94.2443          1448
      94.2595          1327
      94.3193          1448
      94.3358          1448
      94.3524          1448
      94.3689          1448
      94.3854          1448
      94.4019          1448
      94.4185          1448
       94.435          1448
      94.4515          1448
      94.4681          1448
      94.4846          1448
      94.5011          1448
      94.5176          1448
      94.5342          1448
      94.5507          1448
      94.5672          1448
      94.5838          1448
      94.6003          1448
      94.6168          1448
      94.6333          1448
      94.6499          1448
      94.6664          1448
      94.6829          1448
      94.6995          1448
       94.716          1448
      94.7325          1448
       94.749          1448
      94.7656          1448
      94.7821          1448
      94.7986          1448
      94.8152          1448
      94.8317          1448
      94.8482          1448
      94.8647          1448
      94.8813          1448
      94.8978          1448
      94.9143          1448
      94.9309          1448
      94.9474          1448
      94.9639          1448
      94.9804          1448
       94.997          1448
      95.0135          1448
      95.0247          1448
      95.0359          1448
      95.0514          1448
      95.0626          1448
      95.0791          1448
      95.0903          1448
      95.1059          1448
      95.1171          1448
      95.1336          1448
      95.1448          1448
      95.1603          1448
      95.1715          1448
       95.188          1448
      95.1992          1448
      95.2148          1448
       95.226          1448
      95.2425          1448
      95.2537          1448
      95.2692          1448
      95.2804          1448
       95.297          1448
      95.3081          1448
      95.3237          1448
      95.3349          1448
      95.3514          1448
      95.3626          1448
      95.3781          1448
      95.3893          1448
      95.4059          1448
      95.4171          1448
      95.4326          1448
      95.4438          1448
      95.4603          1448
      95.4715          1448
      95.4871          1448
      95.4982          1448
      95.5148          1448
       95.526          1448
      95.5415          1448
      95.5527          1448
      95.5692          1448
      95.5804          1448
       95.596          1448
      95.6072          1448
      95.6237          1448
      95.6349          1448
      95.6504          1448
      95.6616          1448
      95.6728          1448
       95.684          1448
      95.6952          1448
      95.7064          1448
      95.7175          1448
      95.7287          1448
      95.7399          1448
      95.7511          1448
      95.7623          1448
      95.7735          1448
      95.7847          1448
      95.7959          1448
      95.8071          1448
      95.8182          1448
      95.8294          1448
      95.8406          1448
      95.8518          1448
       95.863          1448
      95.8742          1448
      95.8854          1448
      95.8966          1448
      95.9077          1448
      95.9189          1448
      95.9301          1448
      95.9413          1448
      95.9525          1448
      95.9637          1448
      95.9749          1448
      95.9861          1448
      95.9972          1448
      96.0084          1448
        96.02          1448
      96.0317          1448
      96.0433          1448
      96.0549          1448
      96.0665          1448
      96.0781          1448
      96.0897          1448
      96.1013          1448
      96.1129          1448
      96.1245          1448
      96.1361          1448
      96.1478          1448
      96.1594          1448
       96.171          1448
      96.1826          1448
      96.1942          1448
      96.2058          1448
      96.2174          1448
       96.229          1448
      96.2406          1448
      96.2522          1448
      96.2639          1448
      96.2755          1448
      96.2871          1448
      96.2987          1448
      96.3103          1448
      96.3219          1448
      96.3335          1448
      96.3451          1448
      96.3567          1448
      96.3683          1448
      96.4844         14480
      96.5045          1448
      96.5161          1448
      96.5277          1448
      96.5393          1448
      96.5509          1448
       96.571          1448
      96.5826          1448
      96.5942          1448
      96.6058          1448
      96.6259          1448
      96.6375          1448
      96.6491          1448
      96.6607          1448
      96.6807          1448
      96.6853           531
      96.7401          1448
      96.7517          1448
      96.7634          1448
       96.775          1448
      96.7866          1448
      96.7982          1448
      96.8098          1448
      96.8214          1448
       96.833          1448
      96.8446          1448
      96.8562          1448
      96.8678          1448
      96.8795          1448
      96.8911          1448
      96.9027          1448
      96.9143          1448
      96.9259          1448
      96.9375          1448
      96.9491          1448
      96.9607          1448
      96.9723          1448
      96.9839          1448
      96.9955          1448
      97.0072          1448
      97.0198          1448
      97.0325          1448
      97.0451          1448
      97.0578          1448
      97.0705          1448
      97.0831          1448
      97.0958          1448
      97.1085          1448
      97.1211          1448
      97.1338          1448
      97.1464          1448
      97.1591          1448
      97.1718          1448
      97.1844          1448
      97.1971          1448
      97.2097          1448
      97.2224          1448
      97.2351          1448
      97.2477          1448
      97.2604          1448
      97.2731          1448
      97.2857          1448
      97.2984          1448
       97.311          1448
      97.3237          1448
      97.3364          1448
       97.349          1448
      97.3617          1448
      97.3743          1448
       97.387          1448
      97.3997          1448
      97.5263         14480
      97.5442          1448
      97.5569          1448
      97.5696          1448
      97.5822          1448
      97.5949          1448
      97.6128          1448
      97.6255          1448
      97.6382          1448
      97.6508          1448
      97.6635          1448
      97.6761          1448
      97.6888          1448
      97.7015          1448
      97.7141          1448
      97.7268          1448
      97.7394          1448
      97.7521          1448
      97.7648          1448
      97.7774          1448
      97.7901          1448
      97.8028          1448
      97.8154          1448
      97.8281          1448
      97.8407          1448
      97.8534          1448
      97.8661          1448
      97.8787          1448
      97.8914          1448
      97.9041          1448
      97.9167          1448
      97.9294          1448
       97.942          1448
      97.9547          1448
      97.9674          1448
        97.98          1448
      97.9927          1448
      98.0053          1448
       98.018          1448
      98.0299          1448
      98.0417          1448
      98.0536          1448
      98.0655          1448
      98.0773          1448
      98.0892          1448
       98.101          1448
      98.1129          1448
      98.1248          1448
      98.1366          1448
      98.1485          1448
      98.1603          1448
      98.1722          1448
      98.1841          1448
      98.1959          1448
      98.2078          1448
      98.2197          1448
      98.2315          1448
      98.2434          1448
      98.2552          1448
      98.2671          1448
       98.279          1448
      98.2908          1448
      98.3027          1448
      98.3146          1448
      98.3264          1448
      98.3383          1448
      98.3501          1448
       98.362          1448
      98.3739          1448
      98.3857          1448
      98.3976          1448
      98.4094          1448
      98.4213          1448
      98.4332          1448
       98.445          1448
      98.4569          1448
      98.5755         14480
      98.5951          1448
      98.6069          1448
      98.6188          1448
      98.6307          1448
      98.6425          1448
      98.6621          1448
      98.6739          1448
      98.6858          1448
      98.6976          1448
      98.7172          1448
       98.729          1448
      98.7409          1448
      98.7528          1448
      98.7723          1448
      98.7842          1448
       98.796          1448
      98.8079          1448
      98.8198          1448
      98.8316          1448
      98.8435          1448
      98.8553          1448
      98.8672          1448
      98.8791          1448
      98.8909          1448
      98.9028          1448
      98.9147          1448
      98.9265          1448
      98.9384          1448
      98.9502          1448
      98.9621          1448
       98.974          1448
      98.9858          1448
      98.9977          1448
      99.0095          1448
       99.022          1448
      99.0345          1448
      99.0469          1448
      99.0594          1448
      99.0719          1448
      99.0835          1347
      99.1393          1448
      99.1517          1448
      99.1642          1448
      99.1767          1448
      99.1891          1448
      99.2016          1448
       99.214          1448
      99.2265          1448
       99.239          1448
      99.2514          1448
      99.2639          1448
      99.2764          1448
      99.2888          1448
      99.3013          1448
      99.3138          1448
      99.3262          1448
      99.3387          1448
      99.3512          1448
      99.3636          1448
      99.3761          1448
      99.3886          1448
       99.401          1448
      99.4135          1448
      99.4259          1448
      99.4384          1448
      99.4509          1448
      99.4633          1448
      99.4758          1448
      99.4883          1448
      99.5007          1448
      99.6254         14480
      99.6437          1448
      99.6562          1448
      99.6687          1448
      99.6811          1448
      99.6936          1448
      99.7119          1448
      99.7244          1448
      99.7369          1448
      99.7493          1448
      99.7677          1448
      99.7801          1448
      99.7926          1448
      99.8051          1448
      99.8234          1448
      99.8359          1448
      99.8483          1448
      99.8608          1448
      99.8732          1448
      99.8857          1448
      99.8982          1448
      99.9106          1448
      99.9231          1448
      99.9356          1448
       99.948          1448
      99.9605          1448
       99.973          1448
      99.9854          1448
      99.9979          1448
       100.01          1448
      100.021          1448
      100.032          1448
      100.042          1448
      100.053          1448
      100.064          1448
      100.075          1448
      100.086          1448
      100.096          1448
      100.107          1448
      100.118          1448
      100.128          1448
      100.139          1448
       100.15          1448
       100.16          1448
      100.171          1448
      100.182          1448
      100.192          1448
      100.203          1448
      100.214          1448
      100.224          1448
      100.235          1448
      100.246          1448
      100.256          1448
      100.267          1448
      100.278          1448
      100.288          1448
      100.299          1448
       100.31          1448
       100.32          1448
      100.331          1448
      100.341          1448
      100.352          1448
      100.363          1448
      100.373          1448
      100.384          1448
      100.395          1448
      100.405          1448
      100.416          1448
      100.427          1448
      100.437          1448
      100.448          1448
      100.459          1448
      100.469          1448
       100.48          1448
      100.491          1448
      100.501          1448
      100.512          1448
      100.523          1448
      100.533          1448
      100.544          1448
      100.555          1448
      100.565          1448
      100.576          1448
      100.587          1448
      100.597          1448
      100.608          1448
      100.619          1448
      100.629          1448
       100.64          1448
      100.651          1448
      100.661          1448
      100.672          1448
      100.683          1448
      100.693          1448
      100.704          1448
      100.715          1448
      100.725          1448
      100.736          1448
      100.747          1448
      100.757          1448
      100.768          1448
      100.779          1448
      100.789          1448
        100.8          1448
      100.811          1448
      100.821          1448
      100.832          1448
      100.843          1448
      100.853          1448
      100.864          1448
      100.875          1448
      100.885          1448
      100.896          1448
      100.907          1448
      100.917          1448
      100.928          1448
      100.939          1448
      100.949          1448
       100.96          1448
      100.971          1448
      100.981          1448
      100.992          1448
      101.003          1448
      101.013          1448
      101.022          1448
       101.03          1448
      101.039          1448
      101.047          1448
      101.056          1448
      101.059           457
      101.111          1448
      101.119          1448
      101.128          1448
      101.136          1448
      101.145          1448
      101.153          1448
      101.162          1448
       101.17          1448
      101.179          1448
      101.188          1448
      101.196          1448
      101.205          1448
      101.213          1448
      101.222          1448
       101.23          1448
      101.239          1448
      101.247          1448
      101.256          1448
      101.264          1448
      101.273          1448
      101.282          1448
       101.29          1448
      101.299          1448
      101.307          1448
      101.316          1448
      101.324          1448
      101.333          1448
      101.341          1448
       101.35          1448
      101.359          1448
      101.367          1448
      101.376          1448
      101.384          1448
      101.393          1448
      101.401          1448
       101.41          1448
      101.418          1448
      101.427          1448
      101.435          1448
      101.444          1448
      101.453          1448
      101.461          1448
       101.47          1448
      101.478          1448
      101.487          1448
      101.495          1448
      101.504          1448
      101.512          1448
      101.521          1448
      101.529          1448
      101.538          1448
      101.547          1448
      101.555          1448
      101.564          1448
      101.572          1448
      101.581          1448
      101.589          1448
      101.598          1448
      101.606          1448
      101.615          1448
      101.623          1448
      101.632          1448
      101.641          1448
      101.649          1448
      101.658          1448
      101.666          1448
      101.675          1448
      101.683          1448
      101.692          1448
        101.7          1448
      101.709          1448
      101.717          1448
      101.726          1448
      101.735          1448
      101.743          1448
      101.752          1448
       101.76          1448
      101.769          1448
      101.777          1448
      101.786          1448
      101.794          1448
      101.803          1448
      101.811          1448
       101.82          1448
      101.829          1448
      101.837          1448
      101.846          1448
      101.854          1448
      101.863          1448
      101.871          1448
       101.88          1448
      101.888          1448
      101.897          1448
      101.905          1448
      101.914          1448
      101.923          1448
      101.931          1448
       101.94          1448
      101.948          1448
      101.957          1448
      101.965          1448
      101.974          1448
      101.982          1448
      101.991          1448
      101.999          1448
      102.008          1448
      102.021          1448
      102.035          1448
      102.048          1448
      102.061          1448
      102.075          1448
      102.088          1448
      102.101          1448
      102.115          1448
      102.128          1448
      102.142          1448
      102.155          1448
      102.288         14480
      102.305          1448
      102.318          1448
      102.332          1448
      102.345          1448
      102.358          1448
      102.375          1448
      102.388          1448
      102.402          1448
      102.415          1448
      102.432          1448
      102.445          1448
      102.458          1448
      102.472          1448
      102.488          1448
      102.502          1448
      102.515          1448
      102.528          1448
      102.542          1448
      102.555          1448
      102.568          1448
      102.582          1448
      102.595          1448
      102.608          1448
      102.622          1448
      102.635          1448
      102.648          1448
      102.662          1448
      102.675          1448
      102.688          1448
      102.702          1448
      102.715          1448
      102.728          1448
      102.742          1448
      102.755          1448
      102.769          1448
      102.782          1448
      102.795          1448
      102.809          1448
      102.822          1448
      102.835          1448
      102.849          1448
      102.862          1448
      102.875          1448
      102.889          1448
      102.902          1448
      102.915          1448
      102.929          1448
      102.942          1448
      102.955          1448
      102.969          1448
      102.982          1448
      102.996          1448
      103.009          1448
      103.023          1448
      103.036          1448
       103.05          1448
      103.064          1448
      103.078          1448
      103.091          1448
      103.105          1448
      103.119          1448
      103.132          1448
      103.146          1448
       103.16          1448
      103.174          1448
      103.187          1448
      103.201          1448
      103.338         14480
      103.354          1448
      103.368          1448
      103.382          1448
      103.395          1448
      103.409          1448
      103.425          1448
      103.439          1448
      103.452          1448
      103.466          1448
      103.482          1448
      103.496          1448
      103.509          1448
      103.523          1448
      103.539          1448
      103.553          1448
      103.566          1448
       103.58          1448
      103.594          1448
      103.608          1448
      103.612           380
      103.669          1448
      103.682          1448
      103.696          1448
       103.71          1448
      103.724          1448
      103.737          1448
      103.751          1448
      103.765          1448
      103.778          1448
      103.792          1448
      103.806          1448
       103.82          1448
      103.833          1448
      103.847          1448
      103.861          1448
      103.875          1448
      103.888          1448
      103.902          1448
      103.916          1448
       103.93          1448
      103.943          1448
      103.957          1448
      103.971          1448
      103.984          1448
      103.998          1448
      104.012          1448
      104.052          1448
      104.092          1448
      104.132          1448
      104.172          1448
      104.493          5792
      104.813          2896
       104.98          2896
      105.133          1448
      105.151          7240
      105.203          1448
      105.221          1448
      105.238          1448
      105.291          1448
      105.536          8688
      105.799          5792
      105.886          1448
      105.904          1448
      105.939          1448
      105.991          1448
      106.009          1448
      106.032          1448
      106.066          1448
      106.077          1448
        106.1          1448
      106.122          1448
      106.145          1448
      106.156          1448
      106.177          1448
      106.188          1448
      106.211          1448
      106.222          1448
      106.243          1448
      106.254          1448
      106.277          1448
      106.288          1448
      106.309          1448
       106.32          1448
      106.354          1448
      106.365          1448
      106.386          1448
      106.397          1448
       106.42          1448
      106.431          1448
      106.454          1448
      106.477          1448
      106.499          1448
      106.511          1448
      106.522          1448
      106.556          1448
      106.579          1448
       106.59          1448
      106.624          1448
      106.647          1448
      106.805         10136
      106.851          1448
      106.873          1448
      106.885          1448
      106.941          1448
      106.953          1448
      107.009          1448
      107.021          1448
      107.077          1448
      107.088          1448
      107.111          1448
      107.145          1448
      107.156          1448
      107.178          1448
      107.201          1448
      107.223          1448
      107.246          1448
      107.268          1448
      107.291          1448
      107.314          1448
      107.336          1448
      107.359          1448
      107.381          1448
      107.392          1448
      107.404          1448
      107.436          1448
      107.447          1448
      107.458          1448
      107.469          1448
      107.481          1448
      107.503          1448
      107.514          1448
      107.526          1448
      107.537          1448
       107.56          1448
      107.571          1448
      107.582          1448
      107.593          1448
      107.627          1448
      107.638          1448
      107.661          1448
      107.672          1448
      107.706          1448
      107.717          1448
      107.728          1448
       107.74          1448
      107.773          1448
      107.785          1448
      107.796          1448
      107.807          1448
      107.828          1448
      107.839          1448
      107.851          1448
      107.862          1448
      107.896          1448
      107.907          1448
      107.929          1448
      107.949          1061
      108.018          1448
      108.041          1448
      108.065          1448
      108.088          1448
      108.112          1448
      108.136          1448
      108.301         10136
      108.332          1448
      108.356          1448
      108.368          1448
      108.411          1448
      108.423          1448
      108.466          1448
      108.478          1448
      108.521          1448
      108.533          1448
      108.576          1448
      108.588          1448
        108.6          1448
      108.635          1448
      108.647          1448
      108.659          1448
       108.67          1448
      108.717          1448
      108.729          1448
      108.741          1448
      108.776          1448
        108.8          1448
      108.824          1448
      108.847          1448
      108.871          1448
      108.894          1448
      108.918          1448
      108.942          1448
      108.965          1448
      108.989          1448
      109.012          1448
      109.057          1448
      109.282          5792
      110.345          2896
      110.409          2896
      110.428          1448
      110.448          1448
      110.472          1448
      110.511          1448
      110.531          1448
      110.551          1448
       110.61          1448
       110.63          1448
       110.65          1448
       110.67          1448
      110.967          5792
      111.027          2896
      111.112          2896
       111.15          5792
      111.165          1448
      111.174          1448
      111.193          1448
      111.212          1448
      111.231          1448
       111.24          1448
      111.259          1448
      111.278          1448
      111.297          1448
      111.307          1448
      111.326          1448
      111.354          1448
      111.373          1448
      111.392          1448
      111.411          1448
       111.43          1448
      111.449          1448
        111.6         11584
      111.647          1448
      111.657          1448
      111.666          1448
      111.709          1448
      111.719          1448
      111.762          1448
      111.772          1448
      111.815          1448
      111.824          1448
      111.834          1448
      111.868          1448
      111.877          1448
      111.887          1448
      111.896          1448
      111.943          1448
      111.953          1448
      111.962          1448
      111.972          1448
      112.021          1448
      112.032          1448
      112.043          1448
      112.054          1448
      112.098          1448
      112.109          1448
      112.131          1448
      112.154          1448
      112.176          1448
      112.198          1448
       112.22          1448
      112.242          1448
      112.264          1448
      112.287          1448
      112.309          1448
      112.331          1448
      112.486         10136
      112.518          1448
      112.541          1448
      112.552          1448
      112.595          1448
      112.606          1448
      112.649          1448
       112.66          1448
      112.704          1448
      112.715          1448
      112.726          1448
       112.77          1448
      112.781          1448
      112.792          1448
      112.826          1448
      112.848          1448
       112.87          1448
      112.892          1448
      112.914          1448
      112.936          1448
      112.959          1448
      112.981          1448
      113.003          1448
      113.025          1448
      113.046          1448
      113.068          1448
      113.089          1448
        113.1          1448
       113.13          1448
      113.141          1448
      113.152          1448
      113.162          1448
      113.195          1448
      113.216          1448
      113.238          1448
      113.259          1448
      113.281          1448
      113.302          1448
      113.324          1448
      113.345          1448
      113.367          1448
      113.388          1448
       113.41          1448
      113.431          1448
      113.453          1448
      113.474          1448
      113.496          1448
      113.517          1448
      113.539          1448
       113.56          1448
      113.582          1448
      113.603          1448
      113.625          1448
      113.646          1448
      113.668          1448
      113.689          1448
      113.711          1448
      113.732          1448
      113.754          1448
      113.775          1448
      113.797          1448
      113.818          1448
       113.84          1448
      113.861          1448
      113.883          1448
      113.904          1448
      113.926          1448
      113.947          1448
      113.969          1448
       113.99          1448
      114.012          1448
      114.043          1448
      114.074          1448
      114.105          1448
      114.136          1448
      114.167          1448
      114.384         10136
      114.415          1448
      114.461          1448
      114.477          1448
       114.52          1448
      114.536          1448
      114.551          1448
      114.579          1448
      114.586           588
      114.644          1448
       114.66          1448
      114.675          1448
      114.691          1448
      114.719          1448
      114.734          1448
       114.75          1448
      114.765          1448
      114.793          1448
      114.808          1448
      114.824          1448
      114.839          1448
      114.867          1448
      114.883          1448
      114.898          1448
      114.914          1448
      114.942          1448
      114.957          1448
      114.973          1448
      114.988          1448
      115.004          1448
      115.019          1448
      115.026          1448
      115.038          1448
      115.045          1448
      115.069          1448
      115.076          1448
      115.088          1448
      115.095          1448
      115.119          1448
      115.126          1448
      115.139          1448
      115.146          1448
       115.17          1448
      115.177          1448
      115.189          1448
      115.196          1448
       115.22          1448
      115.227          1448
      115.239          1448
      115.246          1448
       115.27          1448
      115.277          1448
      115.289          1448
      115.296          1448
       115.32          1448
      115.327          1448
       115.34          1448
      115.347          1448
      115.371          1448
      115.378          1448
       115.39          1448
      115.397          1448
      115.421          1448
      115.428          1448
       115.44          1448
      115.447          1448
      115.471          1448
      115.478          1448
       115.49          1448
      115.497          1448
      115.521          1448
      115.528          1448
       115.54          1448
      115.547          1448
      115.572          1448
      115.578          1448
      115.591          1448
      115.598          1448
      115.622          1448
      115.629          1448
      115.641          1448
      115.648          1448
      115.672          1448
      115.679          1448
      115.691          1448
      115.698          1448
      115.722          1448
      115.729          1448
      115.741          1448
      115.748          1448
      115.772          1448
      115.779          1448
      115.792          1448
      115.799          1448
      115.823          1448
       115.83          1448
      115.842          1448
      115.849          1448
      115.873          1448
       115.88          1448
      115.892          1448
      115.899          1448
      115.923          1448
       115.93          1448
      115.942          1448
      115.949          1448
      115.973          1448
       115.98          1448
      115.993          1448
      115.999          1448
      116.028          1448
      116.039          1448
       116.05          1448
      116.061          1448
      116.082          1448
      116.093          1448
      116.105          1448
      116.116          1448
      116.137          1448
      116.148          1448
      116.159          1448
       116.17          1448
      116.191          1448
      116.202          1448
      116.213          1448
      116.225          1448
      116.246          1448
      116.257          1448
      116.268          1448
      116.279          1448
        116.3          1448
      116.311          1448
      116.322          1448
      116.334          1448
      116.354          1448
      116.366          1448
      116.377          1448
      116.388          1448
      116.409          1448
       116.42          1448
      116.431          1448
      116.442          1448
      116.463          1448
      116.475          1448
      116.486          1448
      116.497          1448
      116.518          1448
      116.529          1448
       116.54          1448
      116.551          1448
      116.572          1448
      116.583          1448
      116.595          1448
      116.606          1448
      116.627          1448
      116.638          1448
      116.649          1448
       116.66          1448
      116.681          1448
      116.692          1448
      116.704          1448
      116.715          1448
      116.736          1448
      116.747          1448
      116.758          1448
      116.769          1448
       116.79          1448
      116.801          1448
      116.812          1448
      116.824          1448
      116.845          1448
      116.856          1448
      116.867          1448
      116.878          1448
      116.899          1448
       116.91          1448
      116.921          1448
      116.933          1448
      116.953          1448
      116.965          1448
      116.976          1448
      116.987          1448
      117.008          1448
       117.02          1448
      117.031          1448
      117.043          1448
      117.063          1448
      117.074          1448
      117.086          1448
      117.098          1448
      117.118          1448
      117.129          1448
      117.141          1448
      117.153          1448
      117.173          1448
      117.184          1448
      117.196          1448
      117.207          1448
      117.227          1448
      117.239          1448
      117.251          1448
      117.262          1448
      117.282          1448
      117.294          1448
      117.306          1448
      117.317          1448
      117.337          1448
      117.349          1448
       117.36          1448
      117.372          1448
      117.392          1448
      117.404          1448
      117.415          1448
      117.427          1448
      117.447          1448
      117.459          1448
       117.47          1448
      117.482          1448
      117.502          1448
      117.513          1448
      117.525          1448
      117.537          1448
      117.557          1448
      117.568          1448
       117.58          1448
      117.592          1448
      117.612          1448
      117.623          1448
      117.635          1448
      117.646          1448
      117.666          1448
      117.678          1448
       117.69          1448
      117.701          1448
      117.713          1448
      117.724          1448
      117.736          1448
      117.748          1448
      117.759          1448
      117.771          1448
      117.783          1448
      117.794          1448
      117.806          1448
      117.817          1448
      117.823           712
      117.878          1448
       117.89          1448
      117.901          1448
      117.913          1448
      117.925          1448
      117.936          1448
      117.948          1448
      117.959          1448
      117.971          1448
      117.983          1448
      117.994          1448
      118.006          1448
      118.018          1448
      118.024          1448
      118.032          1448
      118.038          1448
      118.044          1448
      118.055          1448
      118.061          1448
      118.073          1448
      118.079          1448
      118.088          1448
      118.094          1448
      118.105          1448
      118.111          1448
      118.123          1448
      118.129          1448
      118.137          1448
      118.143          1448
      118.154          1448
       118.16          1448
      118.172          1448
      118.178          1448
      118.187          1448
      118.193          1448
      118.204          1448
       118.21          1448
      118.221          1448
      118.228          1448
      118.236          1448
      118.242          1448
      118.253          1448
      118.259          1448
      118.271          1448
      118.277          1448
      118.285          1448
      118.292          1448
      118.298          1448
      118.304          1448
       118.31          1448
       118.32          1448
      118.326          1448
      118.335          1448
      118.341          1448
      118.347          1448
      118.353          1448
       118.36          1448
      118.366          1448
      118.376          1448
      118.382          1448
       118.39          1448
      118.397          1448
      118.403          1448
      118.409          1448
      118.415          1448
      118.421          1448
      118.431          1448
      118.438          1448
      118.446          1448
      118.452          1448
      118.458          1448
      118.465          1448
      118.471          1448
      118.477          1448
      118.487          1448
      118.493          1448
      118.499          1448
      118.506          1448
      118.512          1448
      118.518          1448
      118.524          1448
       118.53          1448
      118.536          1448
      118.543          1448
      118.549          1448
      118.555          1448
      118.561          1448
      118.567          1448
      118.573          1448
       118.58          1448
      118.586          1448
      118.592          1448
      118.598          1448
      118.604          1448
      118.611          1448
      118.617          1448
      118.623          1448
      118.629          1448
      118.635          1448
      118.642          1448
      118.648          1448
      118.654          1448
       118.66          1448
      118.666          1448
      118.672          1448
      118.679          1448
      118.685          1448
      118.691          1448
      118.697          1448
      118.703          1448
      118.709          1448
      118.716          1448
      118.722          1448
      118.728          1448
      118.734          1448
       118.74          1448
      118.746          1448
      118.752          1448
      118.759          1448
      118.765          1448
      118.771          1448
      118.777          1448
      118.783          1448
      118.789          1448
      118.796          1448
      118.802          1448
      118.808          1448
      118.814          1448
       118.82          1448
      118.826          1448
      118.833          1448
      118.839          1448
      118.845          1448
      118.851          1448
      118.857          1448
      118.863          1448
       118.87          1448
      118.876          1448
      118.882          1448
      118.888          1448
      118.894          1448
        118.9          1448
      118.907          1448
      118.913          1448
      118.919          1448
      118.925          1448
      118.931          1448
      118.937          1448
      118.944          1448
       118.95          1448
      118.956          1448
      118.962          1448
      118.968          1448
      118.974          1448
      118.981          1448
      118.987          1448
      118.993          1448
      118.999          1448
      119.005          1448
      119.011          1448
      119.023          1448
      119.035          1448
      119.047          1448
      119.059          1448
      120.115         75217
       120.17          1448
      120.426          1448
      120.439          1448
      120.494          1448
      120.507          1448
      120.519          1448
      120.532          1448
      120.562          1448
      120.575          1448
      120.587          1448
        120.6          1448
      120.612          1448
      120.625          1448
      120.637          1448
       120.65          1448
      120.662          1448
      120.675          1448
      120.687          1448
        120.7          1448
      120.712          1448
      120.725          1448
      120.737          1448
      120.749          1448
      120.762          1448
      120.774          1448
      121.829        143352
       121.88          1448
      122.132          1448
      122.141          1448
      122.203          1448
      122.212          1448
       122.22          1448
      122.246          1448
       122.28          1448
      122.289          1448
      122.306          1448
      122.323          1448
       122.34          1448
      122.357          1448
      122.374          1448
      122.528          5792
      122.562          5792
      122.647          4344
      122.699          7240
      122.716          1448
      122.724          1448
      122.742          1448
      122.759          1448
      122.776          1448
      122.793          1448
       122.81          1448
      122.827          1448
      122.836          1448
      122.844          1448
      122.853          1448
      122.861          1448
      122.878          1448
      122.902          1448
      122.911          1448
      122.919          1448
      122.928          1448
      122.945          1448
      122.961          1448
      122.969          1448
      122.978          1448
      122.986          1448
      122.995          1448
      123.032          1448
      123.072          1448
      123.112          1448
      123.352          4344
      123.416          2896
      123.542          2896
      123.709          2896
      123.729          5792
      123.789          1448
      123.809          1448
      123.829          1448
      123.889          1448
      124.114          8688
      124.532          5792
      124.636          1448
      124.657          1448
      124.699          1448
      124.762          1448
      124.782          1448
      124.866          1448
      124.887          1448
      124.963           941
      125.028          1448
      125.068          1448
      125.148          1448
      125.228          1448
      125.628          5792
      125.878          5792
      126.002          1448
      126.067          1448
      126.116          1448
      126.165          1448
      126.215          1448
      126.264          1448
      126.314          1448
      126.363          1448
       126.61          7240
      126.882          5792
       126.95          1448
      126.975          1448
      127.025          1448
      127.036          1448
      127.048          1448
      127.091          1448
      127.097          1448
       127.14          1448
      127.146          1448
      127.189          1448
      127.195          1448
      127.201          1448
      127.244          1448
       127.25          1448
      127.256          1448
      127.262          1448
      127.299          1448
      127.305          1448
      127.311          1448
      127.317          1448
      127.354          1448
       127.36          1448
      127.366          1448
      127.372          1448
      127.409          1448
      127.415          1448
      127.421          1448
      127.427          1448
      127.464          1448
       127.47          1448
      127.476          1448
      127.482          1448
      127.519          1448
      127.525          1448
      127.531          1448
      127.537          1448
      127.574          1448
       127.58          1448
      127.586          1448
      127.591          1448
      127.629          1448
      127.635          1448
      127.641          1448
      127.646          1448
      127.684          1448
       127.69          1448
      127.696          1448
      127.701          1448
      127.739          1448
      127.745          1448
       127.75          1448
      127.756          1448
      127.794          1448
        127.8          1448
      127.805          1448
      127.811          1448
      127.849          1448
      127.854          1448
       127.86          1448
      127.866          1448
      127.904          1448
      127.909          1448
      127.915          1448
      127.921          1448
      127.959          1448
      127.964          1448
       127.97          1448
      127.976          1448
      128.013          1448
      128.019          1448
      128.025          1448
      128.031          1448
      128.068          1448
      128.074          1448
       128.08          1448
      128.086          1448
      128.123          1448
      128.129          1448
      128.135          1448
      128.141          1448
      128.178          1448
      128.184          1448
       128.19          1448
      128.196          1448
      128.233          1448
      128.239          1448
      128.245          1448
       128.25          1448
      128.288          1448
      128.294          1448
        128.3          1448
      128.305          1448
      128.343          1448
      128.349          1448
      128.354          1448
       128.36          1448
      128.398          1448
      128.403          1448
      128.409          1448
      128.415          1448
      128.453          1448
      128.458          1448
      128.464          1448
       128.47          1448
      128.507          1448
      128.513          1448
      128.519          1448
      128.525          1448
      128.562          1448
      128.568          1448
      128.574          1448
       128.58          1448
      128.617          1448
      128.623          1448
      128.629          1448
      128.635          1448
      128.672          1448
      128.678          1448
      128.684          1448
       128.69          1448
      128.727          1448
      128.733          1448
      128.739          1448
      128.744          1448
      128.782          1448
      128.788          1448
      128.794          1448
      128.799          1448
      128.837          1448
      128.843          1448
      128.848          1448
      128.854          1448
      128.892          1448
      128.898          1448
      128.903          1448
      128.909          1448
      128.947          1448
      128.952          1448
      128.958          1448
      128.964          1448
      129.001          1448
      129.007          1448
       129.64          1448
      130.272          1448
      130.281          1448
      130.392         10136
      130.436          1448
      130.444          1448
      130.452          1448
      130.496          1448
      130.504          1448
      130.547          1448
      130.556          1448
      130.599          1448
      130.607          1448
       130.65          1448
      130.659          1448
      130.667          1448
      130.702          1448
      130.711          1448
      130.719          1448
      130.727          1448
      130.762          1448
      130.771          1448
      130.779          1448
      130.787          1448
      130.822          1448
      130.831          1448
      130.839          1448
      130.847          1448
      130.882          1448
      130.891          1448
      130.899          1448
      130.907          1448
      130.942          1448
      130.951          1448
      130.955           670
      131.006          1448
      131.015          1448
      131.025          1448
      131.035          1448
      131.045          1448
      131.068          1448
      131.078          1448
      131.088          1448
      131.098          1448
      131.121          1448
      131.131          1448
      131.141          1448
      131.151          1448
      131.174          1448
      131.184          1448
      131.194          1448
      131.204          1448
      131.228          1448
      131.238          1448
      131.248          1448
      131.257          1448
      131.281          1448
      131.291          1448
      131.301          1448
      131.311          1448
      131.334          1448
      131.344          1448
      131.354          1448
      131.364          1448
      131.387          1448
      131.397          1448
      131.407          1448
      131.417          1448
      131.441          1448
       131.45          1448
       131.46          1448
       131.47          1448
      131.494          1448
      131.504          1448
      131.514          1448
      131.524          1448
      131.547          1448
      131.557          1448
      131.567          1448
      131.577          1448
        131.6          1448
       131.61          1448
       131.62          1448
       131.63          1448
      131.653          1448
      131.663          1448
      131.673          1448
      131.683          1448
      131.707          1448
      131.717          1448
      131.727          1448
      131.737          1448
       131.76          1448
       131.77          1448
       131.78          1448
       131.79          1448
      131.813          1448
      131.823          1448
      131.833          1448
      131.843          1448
      131.866          1448
      131.876          1448
      131.886          1448
      131.896          1448
       131.92          1448
       131.93          1448
       131.94          1448
      131.949          1448
      131.973          1448
      131.983          1448
      131.993          1448
      132.003          1448
      132.026          1448
      132.035          1448
      132.045          1448
      132.055          1448
      132.078          1448
      132.088          1448
      132.098          1448
      132.108          1448
      132.131          1448
       132.14          1448
      132.151          1448
       132.16          1448
      132.184          1448
      132.193          1448
      132.204          1448
      132.213          1448
      132.236          1448
      132.246          1448
      132.256          1448
      132.266          1448
      132.289          1448
      132.299          1448
      132.309          1448
      132.319          1448
      132.342          1448
      132.351          1448
      132.362          1448
      132.371          1448
      132.395          1448
      132.404          1448
      132.415          1448
      132.424          1448
      132.447          1448
      132.457          1448
      132.467          1448
      132.477          1448
        132.5          1448
       132.51          1448
       132.52          1448
      132.529          1448
      132.553          1448
      132.562          1448
      132.573          1448
      132.582          1448
      132.606          1448
      132.615          1448
      132.625          1448
      132.635          1448
      132.658          1448
      132.668          1448
      132.678          1448
      132.688          1448
      132.711          1448
       132.72          1448
      132.731          1448
       132.74          1448
      132.764          1448
      132.773          1448
      132.784          1448
      132.793          1448
      132.816          1448
      132.826          1448
      132.836          1448
      132.846          1448
      132.869          1448
      132.879          1448
      132.889          1448
      132.899          1448
      132.922          1448
      132.931          1448
      132.942          1448
      132.951          1448
      132.975          1448
      132.984          1448
      132.995          1448
      133.004          1448
      133.029          1448
       133.04          1448
      133.051          1448
      133.062          1448
      133.083          1448
      133.094          1448
      133.106          1448
      133.117          1448
      133.138          1448
      133.149          1448
       133.16          1448
      133.171          1448
      133.192          1448
      133.203          1448
      133.214          1448
      133.225          1448
      133.246          1448
      133.257          1448
      133.269          1448
       133.28          1448
      133.301          1448
      133.312          1448
      133.323          1448
      133.334          1448
      133.355          1448
      133.366          1448
      133.377          1448
      133.388          1448
      133.409          1448
      133.421          1448
      133.432          1448
      133.443          1448
      133.464          1448
      133.475          1448
      133.486          1448
      133.497          1448
      133.518          1448
      133.529          1448
       133.54          1448
      133.545           592
      133.599          1448
      133.611          1448
      133.622          1448
      133.633          1448
      133.644          1448
      133.665          1448
      133.676          1448
      133.687          1448
      133.698          1448
      133.719          1448
       133.73          1448
      133.741          1448
      133.752          1448
      133.764          1448
      133.775          1448
      133.786          1448
      133.797          1448
      133.808          1448
      133.819          1448
       133.83          1448
      133.841          1448
      133.852          1448
      133.863          1448
      133.874          1448
      133.886          1448
      133.897          1448
      133.908          1448
      133.919          1448
       133.93          1448
      133.941          1448
      133.952          1448
      133.963          1448
      133.974          1448
      133.985          1448
      133.996          1448
      134.007          1448
      134.015          1448
      134.022          1448
      134.036          1448
      134.043          1448
      134.058          1448
      134.066          1448
      134.073          1448
       134.08          1448
      134.088          1448
      134.095          1448
      134.103          1448
      134.116          1448
      134.124          1448
      134.131          1448
      134.139          1448
      134.146          1448
      134.153          1448
      134.167          1448
      134.174          1448
      134.182          1448
      134.189          1448
      134.197          1448
      134.204          1448
      134.218          1448
      134.225          1448
      134.232          1448
       134.24          1448
      134.247          1448
      134.255          1448
      134.268          1448
      134.276          1448
      134.283          1448
      134.291          1448
      134.298          1448
      134.305          1448
      134.319          1448
      134.326          1448
      134.334          1448
      134.341          1448
      134.349          1448
      134.356          1448
      134.364          1448
      134.371          1448
      134.378          1448
      134.386          1448
      134.393          1448
      134.401          1448
      134.408          1448
      134.416          1448
      134.423          1448
       134.43          1448
      134.438          1448
      134.445          1448
      134.453          1448
       134.46          1448
      134.468          1448
      134.475          1448
      134.482          1448
       134.49          1448
      134.497          1448
      134.505          1448
      134.512          1448
       134.52          1448
      134.527          1448
      134.534          1448
      134.542          1448
      134.549          1448
      134.557          1448
      134.564          1448
      134.572          1448
      134.579          1448
      134.586          1448
      134.594          1448
      134.601          1448
      134.609          1448
      134.616          1448
      134.624          1448
      134.631          1448
      134.638          1448
      134.646          1448
      134.653          1448
      134.661          1448
      134.668          1448
      134.676          1448
      134.683          1448
       134.69          1448
      134.698          1448
      134.705          1448
      134.713          1448
       134.72          1448
      134.727          1448
      134.735          1448
      134.742          1448
       134.75          1448
      134.757          1448
      134.765          1448
      134.772          1448
      134.779          1448
      134.876         18824
       134.89          1448
      134.897          1448
      134.904          1448
      134.912          1448
      134.919          1448
      134.927          1448
      134.934          1448
      134.948          1448
      134.955          1448
      134.963          1448
       134.97          1448
      134.977          1448
      134.985          1448
      134.998          1448
      135.006          1448
      135.013          1448
      135.023          1448
      135.032          1448
      135.042          1448
      135.051          1448
      135.061          1448
       135.07          1448
      135.079          1448
      135.089          1448
      135.098          1448
      135.108          1448
      135.117          1448
      135.126          1448
      135.136          1448
      135.145          1448
      135.155          1448
      135.164          1448
      135.174          1448
      135.183          1448
      135.192          1448
      135.202          1448
      135.211          1448
      135.221          1448
       135.23          1448
       135.24          1448
      135.249          1448
      135.258          1448
      135.268          1448
      135.277          1448
      135.287          1448
      135.296          1448
      135.306          1448
      135.315          1448
      135.324          1448
      135.334          1448
      135.343          1448
      135.353          1448
      135.362          1448
      135.372          1448
      135.475         15928
        135.5          1448
      135.509          1448
      135.518          1448
      135.528          1448
      135.537          1448
      135.562          1448
      135.571          1448
      135.581          1448
       135.59          1448
      135.599          1448
      135.614          1448
      135.624          1448
      135.633          1448
      135.643          1448
      135.652          1448
      135.658           865
      135.711          1448
       135.72          1448
      135.729          1448
      135.739          1448
      135.748          1448
      135.758          1448
      135.773          1448
      135.782          1448
      135.792          1448
      135.801          1448
       135.81          1448
       135.82          1448
      135.835          1448
      135.844          1448
      135.854          1448
      135.863          1448
      135.873          1448
      135.882          1448
      135.897          1448
      135.906          1448
      135.916          1448
      135.925          1448
      135.935          1448
      135.944          1448
      135.959          1448
      135.968          1448
      135.978          1448
      135.987          1448
      135.997          1448
      136.006          1448
      136.019          1448
      136.026          1448
      136.038          1448
      136.045          1448
      136.056          1448
      136.063          1448
      136.076          1448
      136.083          1448
       136.09          1448
      136.097          1448
      136.104          1448
      136.114          1448
      136.121          1448
      136.133          1448
       136.14          1448
      136.147          1448
      136.154          1448
      136.164          1448
      136.171          1448
      136.183          1448
       136.19          1448
      136.197          1448
      136.204          1448
      136.214          1448
      136.221          1448
      136.234          1448
       136.24          1448
      136.247          1448
      136.254          1448
      136.264          1448
      136.271          1448
      136.284          1448
      136.291          1448
      136.298          1448
      136.305          1448
      136.314          1448
      136.321          1448
      136.334          1448
      136.341          1448
      136.348          1448
      136.355          1448
      136.365          1448
      136.372          1448
      136.384          1448
      136.391          1448
      136.398          1448
      136.405          1448
      136.415          1448
      136.422          1448
      136.434          1448
      136.441          1448
      136.448          1448
      136.455          1448
      136.465          1448
      136.472          1448
      136.485          1448
      136.492          1448
      136.499          1448
      136.506          1448
      136.515          1448
      136.522          1448
      136.535          1448
      136.542          1448
      136.549          1448
      136.556          1448
      136.566          1448
      136.573          1448
      136.585          1448
      136.592          1448
      136.599          1448
      136.606          1448
      136.616          1448
      136.623          1448
      136.635          1448
      136.642          1448
      136.649          1448
      136.656          1448
      136.666          1448
      136.673          1448
      136.686          1448
      136.692          1448
      136.699          1448
      136.706          1448
      136.716          1448
      136.723          1448
      136.736          1448
      136.743          1448
       136.75          1448
      136.757          1448
      136.767          1448
      136.773          1448
      136.786          1448
      136.793          1448
        136.8          1448
      136.807          1448
      136.817          1448
      136.824          1448
      136.836          1448
      136.843          1448
       136.85          1448
      136.857          1448
      136.867          1448
      136.874          1448
      136.886          1448
      136.893          1448
        136.9          1448
      136.907          1448
      136.917          1448
      136.924          1448
      136.937          1448
      136.944          1448
      136.951          1448
      136.958          1448
      136.967          1448
      136.974          1448
      136.987          1448
      136.994          1448
      137.001          1448
      137.008          1448
      137.022          1448
      137.033          1448
      137.044          1448
      137.055          1448
      137.067          1448
      137.078          1448
      137.089          1448
        137.1          1448
      137.111          1448
      137.123          1448
      137.134          1448
      137.143          1245
      137.198          1448
      137.209          1448
       137.22          1448
      137.231          1448
      137.243          1448
      137.254          1448
      137.265          1448
      137.276          1448
      137.287          1448
      137.321          1448
      137.343          1448
      137.366          1448
      137.388          1448
       137.41          1448
      137.589          8688
      137.689          7240
      137.711          1448
      137.745          1448
      137.756          1448
      137.778          1448
      137.812          1448
      137.823          1448
      137.845          1448
      137.879          1448
       137.89          1448
      137.924          1448
      137.946          1448
      137.968          1448
      137.991          1448
      138.013          1448
      138.036          1448
       138.06          1448
      138.199         10136
      138.242          1448
      138.254          1448
      138.265          1448
      138.309          1448
       138.32          1448
      138.332          1448
      138.364          1448
      138.375          1448
      138.387          1448
      138.398          1448
       138.43          1448
      138.442          1448
      138.453          1448
      138.465          1448
      138.511          1448
      138.523          1448
      138.535          1448
      138.546          1448
      138.593          1448
      138.604          1448
      138.616          1448
      138.651          1448
      138.674          1448
      138.695          1448
      138.706          1448
      138.718          1448
      138.761          1448
      138.785          1448
      138.808          1448
      138.831          1448
      138.854          1448
      138.877          1448
      138.901          1448
      138.924          1448
      138.947          1448
       138.97          1448
      138.994          1448
      139.017          1448
      139.029          1448
      139.035          1448
      139.066          1448
      139.072          1448
      139.091          1448
      139.097          1448
      139.122          1448
      139.128          1448
      139.146          1448
      139.153          1448
      139.177          1448
      139.184          1448
      139.202          1448
      139.208          1448
      139.233          1448
      139.239          1448
      139.258          1448
      139.264          1448
      139.289          1448
      139.295          1448
      139.313          1448
      139.319          1448
      139.344          1448
       139.35          1448
      139.369          1448
      139.375          1448
        139.4          1448
      139.406          1448
      139.424          1448
      139.431          1448
      139.455          1448
      139.462          1448
       139.48          1448
      139.486          1448
      139.511          1448
      139.517          1448
      139.536          1448
      139.542          1448
      139.567          1448
      139.573          1448
      139.591          1448
      139.597          1448
      139.622          1448
      139.628          1448
      139.647          1448
      139.653          1448
       139.69          1448
      139.696          1448
      139.702          1448
      139.709          1448
      139.746          1448
      139.752          1448
      139.758          1448
      139.764          1448
      139.801          1448
      139.807          1448
      139.814          1448
       139.82          1448
      139.857          1448
      139.863          1448
      139.869          1448
      139.875          1448
      139.912          1448
      139.919          1448
      139.925          1448
      139.931          1448
      139.968          1448
      139.974          1448
       139.98          1448
      139.987          1448
      140.017            84
      140.095          1448
      140.107          1448
      140.131          1448
      140.155          1448
      140.178          1448
      140.202          1448
      140.226          1448
       140.25          1448
      140.273          1448
      140.297          1448
      140.321          1448
      140.344          1448
      140.368          1448
      140.392          1448
      140.416          1448
      140.427          1448
      140.451          1448
      140.463          1448
      140.499          1448
      140.511          1448
      140.522          1448
      140.534          1448
       140.57          1448
      140.582          1448
      140.594          1448
      140.605          1448
      140.641          1448
      140.653          1448
      140.665          1448
      140.677          1448
       140.71          1448
      140.722          1448
      140.734          1448
      140.746          1448
      140.793          1448
      140.805          1448
      140.829          1448
      140.852          1448
      140.876          1448
        140.9          1448
      140.923          1448
      140.947          1448
      140.971          1448
      140.995          1448
      141.018          1448
      141.031          1448
      141.049          1448
      141.055          1448
       141.08          1448
      141.086          1448
      141.104          1448
      141.111          1448
      141.135          1448
      141.142          1448
       141.16          1448
      141.166          1448
      141.191          1448
      141.197          1448
      141.215          1448
      141.222          1448
      141.246          1448
      141.253          1448
      141.271          1448
      141.277          1448
      141.289          1448
      141.302          1448
      141.308          1448
      141.326          1448
      141.333          1448
      141.351          1448
      141.357          1448
      141.376          1448
      141.382          1448
      141.401          1448
      141.407          1448
      141.425          1448
      141.431          1448
       141.45          1448
      141.456          1448
      141.475          1448
      141.481          1448
        141.5          1448
      141.506          1448
      141.524          1448
       141.53          1448
      141.549          1448
      141.555          1448
      141.573          1448
       141.58          1448
      141.598          1448
      141.604          1448
      141.623          1448
      141.629          1448
      141.635          1448
      141.659          1448
      141.666          1448
      141.684          1448
       141.69          1448
      141.696          1448
      141.702          1448
      141.721          1448
      141.727          1448
      141.745          1448
      141.751          1448
      141.757          1448
      141.763          1448
      141.782          1448
      141.788          1448
      141.806          1448
      141.812          1448
      141.819          1448
      141.825          1448
      141.843          1448
      141.849          1448
      141.867          1448
      141.874          1448
       141.88          1448
      141.886          1448
      141.904          1448
       141.91          1448
      141.929          1448
      141.935          1448
      141.941          1448
      141.947          1448
      141.965          1448
      141.971          1448
       141.99          1448
      141.996          1448
      142.002          1448
      142.008          1448
      142.033          1448
       142.05          1448
      142.067          1448
      142.076          1448
      142.101          1448
      142.252         11584
      142.353          8688
      142.379          1448
      142.387          1448
      142.412          1448
      142.421          1448
      142.446          1448
      142.454          1448
       142.48          1448
      142.488          1448
      142.513          1448
      142.522          1448
      142.547          1448
      142.556          1448
      142.581          1448
      142.589          1448
      142.614          1448
      142.623          1448
      142.648          1448
      142.657          1448
      142.682          1448
      142.817         11584
      142.843          1448
      142.868          1448
      142.877          1448
       142.92          1448
      142.928          1448
      142.972          1448
       142.98          1448
      143.026          1448
      143.037          1448
      143.091          1448
      143.102          1448
      143.124          1448
      143.156          1448
      143.167          1448
      143.189          1448
       143.21          1448
      143.232          1448
      143.254          1448
      143.276          1448
      143.297          1448
      143.319          1448
      143.341          1448
      143.363          1448
      143.384          1448
      143.395          1448
      143.406          1448
      143.449          1448
       143.46          1448
      143.471          1448
      143.482          1448
      143.515          1448
      143.536          1448
      143.547          1448
       143.58          1448
      143.602          1448
      143.619          1448
      143.628          1057
      143.682          1448
      143.693          1448
      143.703          1448
      143.714          1448
      143.725          1448
      143.747          1448
      143.758          1448
      143.768          1448
      143.779          1448
      143.801          1448
      143.812          1448
      143.823          1448
      143.833          1448
      143.855          1448
      143.866          1448
      143.877          1448
      143.888          1448
      143.909          1448
       143.92          1448
      143.931          1448
      143.942          1448
      143.963          1448
      143.974          1448
      143.985          1448
      143.996          1448
      144.017          1448
      144.057          1448
      144.097          1448
      144.137          1448
      144.178          1448
      144.218          1448
      144.258          1448
      144.298          1448
      144.338          1448
      144.378          1448
      144.418          1448
      144.458          1448
      144.498          1448
      144.538          1448
      144.578          1448
      144.618          1448
      144.658          1448
      144.698          1448
      144.738          1448
      144.778          1448
      144.818          1448
      144.858          1448
      144.898          1448
      144.939          1448
      144.979          1448
      145.019          1448
       145.04          1448
       145.06          1448
      145.081          1448
      145.102          1448
      145.123          1448
      145.144          1448
      145.165          1448
      145.186          1448
      145.249          1448
       145.29          1448
      145.332          1448
      145.583          8688
      145.901          5792
      145.986          1448
      146.007          1448
      146.108          1448
      146.188          1448
      146.268          1448
      146.668          7240
      147.047          5792
      147.098          1448
      147.106          1448
      147.122          1448
      147.158          1448
      147.166          1448
      147.209          1448
      147.217          1448
       147.26          1448
      147.269          1448
      147.317          1448
      147.325          1448
      147.369          1448
      147.377          1448
       147.42          1448
      147.428          1448
      147.471          1448
       147.48          1448
      147.523          1448
      147.531          1448
      147.574          1448
      147.582          1448
      147.626          1448
      147.634          1448
      147.677          1448
      147.685          1448
      147.728          1448
      147.737          1448
       147.78          1448
      147.788          1448
      147.831          1448
      147.839          1448
      147.883          1448
      147.891          1448
      147.934          1448
      147.942          1448
      147.985          1448
      147.993          1448
      148.047          1448
      148.065          1448
      148.108          1448
      148.126          1448
      148.169          1448
      148.187          1448
       148.23          1448
      148.248          1448
      148.292          1448
      148.309          1448
      148.353          1448
      148.371          1448
      148.414          1448
      148.432          1448
      148.475          1448
      148.493          1448
      148.536          1448
      148.554          1448
      148.598          1448
      148.616          1448
      148.659          1448
      148.677          1448
       148.72          1448
      148.738          1448
      148.781          1448
      148.799          1448
      148.843          1448
      148.861          1448
      148.904          1448
      148.922          1448
      148.965          1448
      148.983          1448
      149.048          1448
      149.088          1448
      149.132          1448
      149.172          1448
      149.215          1448
      149.255          1448
      149.298          1448
      149.338          1448
      149.382          1448
      149.422          1448
      149.465          1448
      149.505          1448
      149.548          1448
      149.588          1448
      149.632          1448
      149.672          1448
      149.715          1448
      149.755          1448
      149.798          1448
      149.838          1448
      149.878          1448
      149.918          1448
      149.958          1448
      149.998          1448
