     Time_Now Bytes Received 
      2.08939          1448
        2.097          1448
      2.10461          1448
      2.11222          1448
      2.11984          1448
      2.12745          1448
      2.13506          1448
      2.14267          1448
      2.15028          1448
       2.1579          1448
      2.16551          1448
      2.17312          1448
      2.18073          1448
      2.18835          1448
      2.19596          1448
      2.20357          1448
      2.40149         21720
      2.45478         10136
      2.47761         11584
      2.54118          8688
      2.57811          7240
      2.58953          8688
      2.62254         14480
      2.63015          1448
      2.63396          1448
      2.63776          1448
      2.64157          1448
      2.64538          1448
      2.64918          1448
      2.65299          1448
      2.66441          1448
      2.66821          1448
      2.67963          1448
      2.68344          1448
      2.68724          1448
      2.69105          1448
      2.69486          1448
      2.69866          1448
      2.70247          1448
      2.70627          1448
      2.71769          1448
      2.72531          1448
      2.73292          1448
      2.74053          1448
      2.74434          1448
      2.74814          1448
      2.75195          1448
      2.75575          1448
      2.75956          1448
      2.77098          1448
      2.77859          1448
       2.7862          1448
      2.79382          1448
      2.80143          1448
      2.80523          1448
      2.80904          1448
      2.81285          1448
      2.81665          1448
      2.82807          1448
      2.83568          1448
      2.92703         20272
      2.93845          1448
      2.94987          1448
      2.95367          1448
       2.9689          1448
       2.9727          1448
      2.97651          1448
      2.98032          1448
      2.99173          1448
      3.00315          1448
      3.00696          1448
      3.02327          1448
      3.02744          1448
      3.03578          1448
      3.04412          1448
      3.05246          1448
       3.0608          1448
      3.06914          1448
      3.07748          1448
      3.08581          1448
      3.09337          1448
      3.09755          1448
      3.10171          1448
      3.10823          1448
       3.1124          1448
      3.12491          1448
      3.12908          1448
      3.14499          1448
      3.15333          1448
      3.16167          1448
         3.17          1448
      3.17834          1448
      3.18668          1448
      3.19502          1448
      3.20336          1448
       3.2117          1448
      3.21999          1433
      3.26746          1448
      3.27163          1448
      3.27997          1448
      3.28831          1448
      3.29664          1448
      3.30498          1448
      3.31332          1448
      3.32166          1448
         3.33          1448
      3.33834          1448
      3.34668          1448
      3.35501          1448
      3.36335          1448
      3.37169          1448
      3.46342         15928
      3.48585          1448
      3.49419          1448
      3.50253          1448
      3.51087          1448
      3.51504          1448
      3.54164          1448
      3.54581          1448
      3.55832          1448
      3.56249          1448
      3.59325          1448
      3.59741          1448
      3.60575          1448
      3.60992          1448
      3.64068          1448
      3.64485          1448
      3.65736          1448
      3.66153          1448
      3.68812          1448
      3.69229          1448
      3.70896          1448
      3.71313          1448
      3.73555          1448
      3.73972          1448
      3.74389          1448
      3.76057          1448
      3.76891          1448
      3.78975          1448
      3.79392          1448
      3.79809          1448
      3.80226          1448
      3.81634          1448
      3.82051          1448
      3.84136          1448
      3.84553          1448
       3.8497          1448
      3.85387          1448
      3.86795          1448
      3.87212          1448
      3.89296          1448
      3.89713          1448
       3.9013          1448
      3.90547          1448
      3.91955          1448
      3.92372          1448
      3.94457          1448
      3.94874          1448
      3.95291          1448
      3.95708          1448
      3.97116          1448
      3.97533          1448
      3.99617          1448
      4.00034          1448
      4.00451          1448
      4.00868          1448
      4.02226          1448
      4.02593          1448
      4.04728          1448
      4.05095          1448
      4.05562          1448
      4.05929          1448
      4.07287          1448
      4.07654          1448
      4.08387          1448
      4.09788          1448
      4.10155          1448
      4.10622          1448
      4.10989          1448
      4.12347          1448
      4.12714          1448
      4.15215          1448
      4.15582          1448
      4.16315          1448
      4.17049          1448
      4.17783          1448
      4.18517          1448
      4.19984          1448
      4.20351          1448
      4.21452          1448
      4.21819          1448
       4.2292          1448
      4.23287          1448
      4.25121          1448
      4.25488          1448
      4.26589          1448
      4.26956          1448
      4.28056          1448
      4.28423          1448
      4.30258          1448
      4.30625          1448
      4.31725          1448
      4.32092          1448
      4.33193          1448
       4.3356          1448
      4.35394          1448
      4.35761          1448
      4.36862          1448
      4.37229          1448
       4.3833          1448
      4.38696          1448
      4.40531          1448
      4.40898          1448
      4.41998          1448
      4.42365          1448
      4.43466          1448
      4.43833          1448
      4.45667          1448
      4.46034          1448
      4.47135          1448
      4.47502          1448
      4.48603          1448
       4.4897          1448
      4.50361          1448
      4.50728          1448
      4.51829          1448
      4.52196          1448
      4.53296          1448
      4.53663          1448
      4.55758          1448
      4.56125          1448
      4.57226          1448
      4.57592          1448
      4.58693          1448
       4.5906          1448
      4.60895          1448
      4.61261          1448
      4.62362          1448
      4.62729          1448
       4.6383          1448
      4.64197          1448
      4.66031          1448
      4.66398          1448
      4.67499          1448
      4.67866          1448
      4.68966          1448
      4.69333          1448
      4.71168          1448
      4.71535          1448
      4.72635          1448
      4.73002          1448
      4.74103          1448
       4.7447          1448
      4.76304          1448
      4.76671          1448
      4.77772          1448
      4.78139          1448
       4.7924          1448
      4.79606          1448
      4.81441          1448
      4.81808          1448
      4.82909          1448
      4.83275          1448
      4.84376          1448
      4.84743          1448
      4.86578          1448
      4.86945          1448
      4.88045          1448
      4.88412          1448
      4.89078          1448
      4.89445          1448
      4.91271          1448
      4.91638          1448
      4.92739          1448
      4.93106          1448
      4.94206          1448
      4.94573          1448
      4.96408          1448
      4.96775          1448
      4.97875          1448
      4.98242          1448
      4.99343          1448
       4.9971          1448
      5.01266          1448
      5.01494          1448
      5.02518          1448
      5.02746          1448
      5.03986          1448
      5.04213          1448
      5.06048          1448
      5.06275          1448
        5.073          1448
      5.07528          1448
      5.08767          1448
      5.08995          1448
       5.1083          1448
      5.11057          1448
      5.12082          1448
      5.12309          1448
      5.13549          1448
      5.13777          1448
      5.15611          1448
      5.15839          1448
      5.16864          1448
      5.17091          1448
      5.18331          1448
      5.18559          1448
      5.20393          1448
      5.20621          1448
      5.21645          1448
      5.21873          1448
      5.23113          1448
      5.23341          1448
      5.25175          1448
      5.25403          1448
      5.26359          1448
      5.26587          1448
      5.27667          1448
      5.27895          1448
       5.2973          1448
      5.29957          1448
      5.31144          1448
        5.316          1448
       5.3251          1448
      5.32738          1448
      5.34284          1448
      5.34511          1448
      5.35926          1448
      5.36154          1448
      5.37292          1448
      5.37519          1448
      5.38838          1448
      5.39066          1448
      5.40708          1448
      5.40936          1448
       5.4192           434
      5.46856          1448
      5.47083          1448
      5.47311          1448
      5.47994          1448
      5.48221          1448
      5.48449          1448
      5.48677          1448
      5.51638          1448
      5.51865          1448
      5.52776          1448
      5.53003          1448
      5.53231          1448
      5.53458          1448
      5.56419          1448
      5.56647          1448
      5.57557          1448
      5.57785          1448
      5.58013          1448
       5.5824          1448
      5.61201          1448
      5.61429          1448
      5.62112          1448
      5.62339          1448
      5.62567          1448
      5.62795          1448
      5.65756          1448
      5.65983          1448
      5.67057          1448
      5.67285          1448
       5.6774          1448
      5.68195          1448
       5.7031          1448
      5.70537          1448
      5.71611          1448
      5.71839          1448
      5.72522          1448
      5.72749          1448
      5.74864          1448
      5.75092          1448
      5.76393          1448
      5.76621          1448
      5.77304          1448
      5.77531          1448
      5.79418          1448
      5.79646          1448
      5.81175          1448
      5.81403          1448
      5.82086          1448
      5.82313          1448
      5.83972          1448
        5.842          1448
      5.85957          1448
      5.86185          1448
      5.86867          1448
      5.87095          1448
      5.88527          1448
      5.88754          1448
      5.90739          1448
      5.90967          1448
      5.91649          1448
      5.91877          1448
      5.93081          1448
      5.93309          1448
      5.95521          1448
      5.95748          1448
      5.96431          1448
      5.96659          1448
      5.97729          1448
      5.97957          1448
      6.00075          1448
      6.00303          1448
      6.00938          1448
      6.01118          1448
      6.02551          1448
      6.02731          1448
      6.04582          1448
      6.04762          1448
      6.05444          1448
      6.05624          1448
      6.07057          1448
      6.07237          1448
      6.09088          1448
      6.09268          1448
      6.09951          1448
      6.10131          1448
      6.11744          1448
      6.11923          1448
      6.13595          1448
      6.13774          1448
      6.14457          1448
      6.14637          1448
       6.1643          1448
       6.1661          1448
      6.18101          1448
      6.18281          1448
      6.18964          1448
      6.19144          1448
      6.21117          1448
      6.21296          1448
      6.22608          1448
      6.22788          1448
       6.2347          1448
       6.2365          1448
      6.25803          1448
      6.25983          1448
      6.27242          1448
      6.27422          1448
      6.27977          1448
      6.28157          1448
      6.30489          1448
      6.30669          1448
      6.31749          1448
      6.31929          1448
      6.32484          1448
      6.32663          1448
      6.34996          1448
      6.35176          1448
      6.36582          1448
      6.36762          1448
      6.37302          1448
      6.37482          1448
      6.39503          1448
      6.39682          1448
      6.41089          1448
      6.41269          1448
      6.41808          1448
      6.41988          1448
      6.44009          1448
      6.44189          1448
      6.45775          1448
      6.45955          1448
      6.46495          1448
      6.46675          1448
      6.48516          1448
      6.48696          1448
      6.50462          1448
      6.50642          1448
      6.51181          1448
      6.51361          1448
      6.53022          1448
      6.53202          1448
      6.55148          1448
      6.55328          1448
      6.55868          1448
      6.56048          1448
      6.57529          1448
      6.57709          1448
      6.59835          1448
      6.60015          1448
      6.60554          1448
      6.60734          1448
      6.62035          1448
      6.62215          1448
      6.64521          1448
      6.64701          1448
      6.65241          1448
      6.65421          1448
      6.66542          1448
      6.66722          1448
      6.69028          1448
      6.69207          1448
      6.69747          1448
      6.69927          1448
      6.71316          1448
      6.71496          1448
      6.73534          1448
      6.73714          1448
      6.74254          1448
      6.74434          1448
      6.76002          1448
      6.76182          1448
      6.78041          1448
      6.78221          1448
      6.78401          1448
       6.7876          1448
       6.7894          1448
      6.80689          1448
      6.80868          1448
      6.82547          1448
      6.82727          1448
      6.82907          1448
      6.83087          1448
      6.83447          1448
      6.83627          1448
      6.85375          1448
      6.85555          1448
      6.87234          1448
      6.87414          1448
      6.87594          1448
      6.87774          1448
      6.88133          1448
      6.88313          1448
      6.90062          1448
      6.90241          1448
       6.9192          1448
        6.921          1448
       6.9228          1448
       6.9246          1448
       6.9282          1448
         6.93          1448
      6.94748          1448
      6.94928          1448
      6.96607          1448
      6.96787          1448
      6.96966          1448
      6.97146          1448
      6.97506          1448
      6.97686          1448
      6.99434          1448
      6.99614          1448
      7.01274          1448
      7.01435          1448
      7.01634          1448
      7.01795          1448
      7.02174          1448
      7.02334          1448
      7.04102          1448
      7.04263          1448
      7.05922          1448
      7.06083          1448
      7.06282          1448
      7.06443          1448
      7.06822          1448
      7.06983          1448
       7.0875          1448
      7.08911          1448
      7.10571          1448
      7.10732          1448
      7.10931          1448
      7.11091          1448
       7.1147          1448
      7.11631          1448
      7.13399          1448
      7.13559          1448
       7.1372          1448
      7.15219          1448
       7.1538          1448
      7.15579          1448
       7.1574          1448
      7.16119          1448
      7.16262          1286
      7.20751          1448
      7.20911          1448
      7.21072          1448
      7.21233          1448
      7.21394          1448
      7.21555          1448
      7.21716          1448
      7.21877          1448
      7.22037          1448
      7.25399          1448
       7.2556          1448
      7.25721          1448
      7.25881          1448
      7.26042          1448
      7.26203          1448
      7.26364          1448
      7.26525          1448
      7.29886          1448
      7.30047          1448
      7.30208          1448
      7.30369          1448
       7.3053          1448
      7.30691          1448
      7.30851          1448
      7.31012          1448
      7.34374          1448
      7.34535          1448
      7.34696          1448
      7.34856          1448
      7.35017          1448
      7.35178          1448
      7.35339          1448
        7.355          1448
      7.38861          1448
      7.39022          1448
      7.39183          1448
      7.39344          1448
      7.39505          1448
      7.39666          1448
      7.39827          1448
      7.39987          1448
      7.40148          1448
      7.43349          1448
       7.4351          1448
       7.4367          1448
      7.43831          1448
      7.43992          1448
      7.44153          1448
      7.44314          1448
      7.44475          1448
      7.44636          1448
      7.44796          1448
      7.47997          1448
      7.48158          1448
      7.48319          1448
       7.4848          1448
      7.48641          1448
      7.48801          1448
      7.48962          1448
      7.49123          1448
      7.49284          1448
      7.49445          1448
      7.52646          1448
      7.52806          1448
      7.52967          1448
      7.53128          1448
      7.53289          1448
       7.5345          1448
      7.53611          1448
      7.53772          1448
      7.53932          1448
      7.54093          1448
      7.57294          1448
      7.57455          1448
      7.57616          1448
      7.57777          1448
      7.57937          1448
      7.58098          1448
      7.58259          1448
       7.5842          1448
      7.58581          1448
      7.58742          1448
      7.58903          1448
      7.61942          1448
      7.62103          1448
      7.62264          1448
      7.62425          1448
      7.62586          1448
      7.62746          1448
      7.62907          1448
      7.63068          1448
      7.63229          1448
       7.6339          1448
       7.6643          1448
      7.66591          1448
      7.66751          1448
      7.66912          1448
      7.67073          1448
      7.67234          1448
      7.67395          1448
      7.67556          1448
      7.67717          1448
      7.67877          1448
      7.71035          1448
      7.71195          1448
      7.71356          1448
      7.71517          1448
      7.71678          1448
      7.71839          1448
         7.72          1448
      7.72161          1448
      7.72321          1448
      7.72482          1448
      7.75683          1448
      7.75844          1448
      7.76005          1448
      7.76166          1448
      7.76326          1448
      7.76487          1448
      7.76648          1448
      7.76809          1448
       7.7697          1448
      7.77131          1448
      7.77292          1448
      7.80331          1448
      7.80492          1448
      7.80814          1448
      7.80975          1448
      7.81136          1448
      7.81297          1448
      7.81457          1448
      7.81618          1448
      7.81779          1448
       7.8194          1448
      7.82101          1448
      7.82262          1448
       7.8498          1448
      7.85141          1448
      7.85462          1448
      7.85623          1448
      7.85784          1448
      7.85945          1448
      7.86106          1448
      7.86267          1448
      7.86427          1448
      7.86588          1448
      7.86749          1448
       7.8691          1448
      7.89905          1448
      7.90066          1448
      7.90387          1448
      7.90709          1448
      7.91031          1448
      7.91352          1448
      7.91513          1448
      7.91674          1448
      7.91835          1448
      7.91996          1448
      7.92157          1448
      7.92317          1448
      7.92478          1448
      7.94553          1448
      7.94714          1448
      7.95197          1448
      7.95357          1448
       7.9584          1448
      7.96001          1448
      7.96162          1448
      7.96323          1448
      7.96483          1448
      7.96644          1448
      7.96805          1448
      7.96966          1448
      7.99201          1448
      7.99362          1448
      7.99845          1448
      8.00006          1448
      8.00488          1448
      8.00649          1448
       8.0081          1448
      8.00941          1448
      8.01073          1448
      8.01204          1448
      8.01336          1448
      8.01467          1448
      8.03761          1448
      8.03893          1448
      8.04024          1448
      8.04418          1448
       8.0455          1448
      8.05048          1448
       8.0518          1448
      8.05311          1448
      8.05442          1448
      8.05574          1448
      8.05705          1448
      8.05836          1448
      8.05968          1448
      8.08219          1448
      8.08351          1448
      8.08482          1448
      8.08614          1448
      8.09008          1448
      8.09139          1448
      8.09638          1448
      8.09769          1448
        8.099          1448
      8.10032          1448
      8.10163          1448
      8.10295          1448
      8.10426          1448
      8.10557          1448
      8.13052          1448
      8.13184          1448
      8.13446          1448
      8.13578          1448
      8.13709          1448
      8.13841          1448
      8.14227          1448
      8.14312           917
      8.18773          1448
      8.18904          1448
      8.19036          1448
      8.19167          1448
      8.19298          1448
       8.1943          1448
      8.19561          1448
      8.19693          1448
      8.19824          1448
      8.19955          1448
      8.20087          1448
      8.20218          1448
       8.2035          1448
      8.20744          1448
      8.21006          1448
      8.23362          1448
      8.23494          1448
      8.23625          1448
      8.23756          1448
      8.23888          1448
      8.24019          1448
      8.24151          1448
      8.24282          1448
      8.24413          1448
      8.24545          1448
      8.24676          1448
      8.24808          1448
      8.24939          1448
      8.25333          1448
      8.25464          1448
       8.2782          1448
      8.27952          1448
      8.28083          1448
      8.28214          1448
      8.28346          1448
      8.28477          1448
      8.28609          1448
       8.2874          1448
      8.28871          1448
      8.29003          1448
      8.29134          1448
      8.29265          1448
      8.29397          1448
      8.29528          1448
      8.29922          1448
      8.30054          1448
      8.32645          1448
      8.32776          1448
      8.33039          1448
      8.33302          1448
      8.33565          1448
      8.33827          1448
      8.33959          1448
       8.3409          1448
      8.34222          1448
      8.34353          1448
      8.34484          1448
      8.34616          1448
      8.34747          1448
      8.34878          1448
       8.3501          1448
      8.35141          1448
      8.37234          1448
      8.37366          1448
      8.37629          1448
      8.37891          1448
      8.38154          1448
      8.38417          1448
      8.38548          1448
       8.3868          1448
      8.38811          1448
      8.38942          1448
      8.39074          1448
      8.39205          1448
      8.39337          1448
      8.39468          1448
      8.39599          1448
      8.39731          1448
      8.39862          1448
      8.41824          1448
      8.41955          1448
      8.42349          1448
      8.42481          1448
      8.42875          1448
      8.43006          1448
      8.43138          1448
      8.43269          1448
        8.434          1448
      8.43532          1448
      8.43663          1448
      8.43795          1448
      8.43926          1448
      8.44057          1448
      8.44189          1448
       8.4432          1448
      8.44452          1448
      8.46282          1448
      8.46413          1448
      8.46807          1448
      8.46939          1448
      8.47333          1448
      8.47464          1448
      8.47596          1448
      8.47727          1448
      8.47859          1448
       8.4799          1448
      8.48121          1448
      8.48253          1448
      8.48384          1448
      8.48515          1448
      8.48647          1448
      8.48778          1448
       8.4891          1448
      8.49041          1448
      8.51119          1448
      8.51251          1448
      8.51645          1448
      8.51776          1448
       8.5217          1448
      8.52302          1448
      8.52564          1448
      8.52827          1448
       8.5309          1448
      8.53221          1448
      8.53353          1448
      8.53484          1448
      8.53615          1448
      8.53747          1448
      8.53878          1448
       8.5401          1448
      8.54141          1448
      8.54535          1448
      8.54798          1448
      8.55849          1448
       8.5598          1448
      8.56374          1448
      8.56506          1448
        8.569          1448
      8.57031          1448
      8.57425          1448
      8.57557          1448
      8.57819          1448
      8.58082          1448
      8.58345          1448
      8.58476          1448
      8.58608          1448
      8.58739          1448
      8.59133          1448
      8.59396          1448
      8.59659          1448
      8.59922          1448
      8.60447          1448
      8.60578          1448
      8.60973          1448
      8.61104          1448
      8.61498          1448
       8.6163          1448
      8.61892          1448
      8.62155          1448
      8.62418          1448
      8.62681          1448
      8.62943          1448
      8.63167          1448
      8.63298          1448
       8.6343          1448
      8.63561          1448
      8.63692          1448
      8.63824          1448
      8.64117          1448
      8.64134           138
       8.6881          1448
      8.68942          1448
      8.69204          1448
      8.69467          1448
       8.6973          1448
      8.69993          1448
      8.70255          1448
      8.70518          1448
      8.70781          1448
      8.71044          1448
      8.71307          1448
      8.71569          1448
      8.71832          1448
      8.71963          1448
      8.72095          1448
      8.72489          1448
      8.72752          1448
      8.73014          1448
      8.73277          1448
       8.7354          1448
      8.73803          1448
      8.74065          1448
      8.74328          1448
      8.74591          1448
      8.74854          1448
      8.75117          1448
      8.75379          1448
      8.75642          1448
      8.75905          1448
      8.76168          1448
       8.7643          1448
      8.76693          1448
      8.76956          1448
      8.77219          1448
      8.77481          1448
      8.77744          1448
      8.78007          1448
       8.7827          1448
      8.78532          1448
      8.78795          1448
      8.79058          1448
      8.79321          1448
      8.79583          1448
      8.79846          1448
      8.80109          1448
      8.80372          1448
      8.80634          1448
      8.80873          1448
      8.81004          1448
      8.81136          1448
      8.81267          1448
      8.81398          1448
       8.8153          1448
      8.81661          1448
      8.81792          1448
      8.81924          1448
      8.82202          1448
      8.82334          1448
      8.82728          1448
      8.82859          1448
      8.83253          1448
      8.83385          1448
      8.83779          1448
       8.8391          1448
      8.84304          1448
      8.84436          1448
      8.84567          1448
       8.8483          1448
      8.84961          1448
      8.85331          1448
      8.85462          1448
      8.85594          1448
      8.85725          1448
      8.85856          1448
      8.85988          1448
      8.86119          1448
       8.8625          1448
      8.86382          1448
      8.86513          1448
      8.86791          1448
      8.86923          1448
      8.87317          1448
      8.87448          1448
      8.87843          1448
      8.87974          1448
      8.88368          1448
      8.88499          1448
      8.88894          1448
      8.89025          1448
      8.89288          1448
      8.89419          1448
      8.89789          1448
       8.8992          1448
      8.90052          1448
      8.90183          1448
      8.90314          1448
      8.90446          1448
      8.90577          1448
      8.90708          1448
       8.9084          1448
      8.90971          1448
      8.91249          1448
      8.91381          1448
      8.91512          1448
      8.91775          1448
      8.91906          1448
      8.92301          1448
      8.92432          1448
      8.92826          1448
      8.92957          1448
      8.93352          1448
      8.93483          1448
      8.93746          1448
      8.93877          1448
      8.94247          1448
      8.94378          1448
       8.9451          1448
      8.94641          1448
      8.94772          1448
      8.94904          1448
      8.95035          1448
      8.95166          1448
      8.95298          1448
      8.95429          1448
      8.95707          1448
      8.95839          1448
       8.9597          1448
      8.96102          1448
      8.96364          1448
      8.96496          1448
       8.9689          1448
      8.97021          1448
      8.97415          1448
      8.97547          1448
      8.97941          1448
      8.98072          1448
      8.98204          1448
      8.98335          1448
      8.98466          1448
      8.98836          1448
      8.98968          1448
      8.99099          1448
       8.9923          1448
      8.99362          1448
      8.99493          1448
      8.99624          1448
      8.99756          1448
      8.99887          1448
      9.00019          1448
      9.00297          1448
      9.00428          1448
       9.0056          1448
      9.00691          1448
      9.01211          1448
      9.01599          1448
      9.01987          1448
      9.02375          1448
      9.02429           153
      9.07147          1448
      9.07535          1448
      9.07923          1448
      9.08311          1448
        9.087          1448
      9.09088          1448
      9.09476          1448
      9.09864          1448
      9.10253          1448
      9.10641          1448
      9.11029          1448
      9.11417          1448
      9.11806          1448
      9.12194          1448
      9.12582          1448
       9.1297          1448
      9.13359          1448
      9.13747          1448
      9.14135          1448
      9.14523          1448
      9.14912          1448
        9.153          1448
      9.15688          1448
      9.16076          1448
      9.16465          1448
      9.16853          1448
      9.17241          1448
      9.17629          1448
      9.18018          1448
      9.29276         39096
      9.35877         18824
      9.40147         21720
      9.45639         17376
       9.4958         18824
      9.50355          1448
      9.50743          1448
      9.51132          1448
       9.5152          1448
      9.51908          1448
      9.52296          1448
      9.53073          1448
      9.54295          1448
      9.55458          1448
      9.55847          1448
      9.56235          1448
      9.56623          1448
      9.57011          1448
        9.574          1448
      9.57788          1448
      9.59009          1448
      9.59398          1448
      9.60562          1448
       9.6095          1448
      9.61338          1448
      9.61726          1448
      9.62115          1448
      9.62503          1448
      9.63724          1448
      9.64113          1448
      9.65276          1448
      9.65665          1448
      9.66053          1448
      9.66441          1448
      9.66829          1448
      9.67218          1448
      9.68439          1448
      9.68828          1448
      9.69991          1448
      9.70379          1448
      9.70768          1448
      9.71156          1448
      9.71544          1448
      9.71932          1448
      9.73154          1448
      9.73542          1448
      9.74706          1448
      9.75094          1448
      9.75483          1448
      9.75871          1448
      9.76259          1448
      9.76647          1448
      9.77869          1448
      9.78257          1448
      9.78646          1448
      9.79421          1448
      9.79809          1448
      9.80198          1448
      9.80586          1448
      9.80974          1448
      9.81362          1448
      9.82584          1448
      9.82972          1448
       9.8336          1448
      9.83749          1448
      9.84524          1448
      9.84912          1448
      9.85301          1448
      9.85689          1448
      9.86077          1448
      9.86465          1448
      9.87687          1448
      9.88075          1448
      9.88463          1448
      9.88852          1448
      9.89627          1448
      9.90015          1448
      9.90404          1448
      9.90792          1448
       9.9118          1448
      9.91568          1448
       9.9279          1448
      9.93178          1448
      9.93567          1448
      9.93955          1448
       9.9473          1448
      9.95119          1448
      9.95507          1448
      9.95895          1448
      9.96283          1448
      9.96672          1448
      9.97893          1448
      9.98282          1448
       9.9867          1448
      9.99058          1448
      9.99834          1448
      10.0022          1448
      10.0061          1448
        10.01          1448
      10.0134          1448
      10.0168          1448
      10.0295          1448
      10.0303           297
       10.077          1448
      10.0804          1448
      10.0838          1448
      10.0872          1448
      10.0906          1448
       10.094          1448
      10.0974          1448
      10.1008          1448
      10.1042          1448
      10.1076          1448
       10.127          1448
      10.1304          1448
      10.1338          1448
      10.1372          1448
      10.1406          1448
       10.144          1448
      10.1474          1448
      10.1508          1448
      10.1542          1448
      10.1576          1448
       10.161          1448
      10.1771          1448
      10.1805          1448
      10.1839          1448
      10.1873          1448
      10.1907          1448
      10.1941          1448
      10.1975          1448
      10.2009          1448
      10.2043          1448
      10.2077          1448
      10.2238          1448
      10.2272          1448
      10.2306          1448
       10.234          1448
      10.2374          1448
      10.2408          1448
      10.2442          1448
      10.2476          1448
       10.251          1448
      10.2544          1448
      10.2704          1448
      10.2738          1448
      10.2772          1448
      10.2806          1448
       10.284          1448
      10.2874          1448
      10.2908          1448
      10.2942          1448
      10.2976          1448
       10.301          1448
      10.3171          1448
      10.3205          1448
      10.3239          1448
      10.3273          1448
      10.3307          1448
      10.3341          1448
      10.3375          1448
      10.3409          1448
      10.3443          1448
      10.3477          1448
      10.3638          1448
      10.3672          1448
      10.3706          1448
       10.374          1448
      10.3774          1448
      10.3808          1448
      10.3842          1448
      10.3876          1448
       10.391          1448
      10.3944          1448
      10.4104          1448
      10.4138          1448
      10.4172          1448
      10.4206          1448
       10.424          1448
      10.4274          1448
      10.4308          1448
      10.4342          1448
      10.4376          1448
       10.441          1448
      10.4571          1448
      10.4605          1448
      10.4639          1448
      10.4673          1448
      10.4707          1448
      10.4741          1448
      10.4775          1448
      10.4809          1448
      10.4843          1448
      10.4877          1448
      10.5038          1448
      10.5072          1448
      10.5106          1448
       10.514          1448
      10.5174          1448
      10.5208          1448
      10.5242          1448
      10.5276          1448
       10.531          1448
      10.5344          1448
      10.5504          1448
      10.5538          1448
      10.5572          1448
      10.5606          1448
       10.564          1448
      10.5674          1448
      10.5708          1448
      10.5742          1448
      10.5776          1448
       10.581          1448
      10.5971          1448
      10.6005          1448
      10.6039          1448
      10.6073          1448
      10.6107          1448
      10.6141          1448
      10.6175          1448
      10.6209          1448
      10.6243          1448
      10.6277          1448
      10.6438          1448
      10.6472          1448
      10.6506          1448
       10.654          1448
      10.6574          1448
      10.6608          1448
      10.6642          1448
      10.6676          1448
       10.671          1448
      10.6744          1448
      10.6904          1448
      10.6938          1448
      10.6972          1448
      10.7006          1448
       10.704          1448
      10.7074          1448
      10.7108          1448
      10.7142          1448
      10.7176          1448
       10.721          1448
      10.7371          1448
      10.7405          1448
      10.7439          1448
      10.7473          1448
      10.7507          1448
      10.7541          1448
      10.7575          1448
      10.7609          1448
      10.7643          1448
      10.7677          1448
      10.7838          1448
      10.7872          1448
      10.7906          1448
       10.794          1448
      10.7974          1448
      10.8008          1448
      10.8042          1448
      10.8076          1448
       10.811          1448
      10.8144          1448
      10.8304          1448
      10.8338          1448
      10.8372          1448
      10.8406          1448
       10.844          1448
      10.8474          1448
      10.8508          1448
      10.8542          1448
      10.8576          1448
       10.861          1448
      10.8771          1448
      10.8805          1448
      10.8839          1448
      10.8873          1448
      10.8907          1448
      10.8941          1448
      10.8975          1448
      10.9009          1448
      10.9043          1448
      10.9077          1448
      10.9238          1448
      10.9272          1448
      10.9306          1448
       10.934          1448
      10.9374          1448
      10.9408          1448
      10.9442          1448
      10.9476          1448
       10.951          1448
      10.9544          1448
      10.9704          1448
      10.9738          1448
      10.9772          1448
      10.9806          1448
       10.984          1448
      10.9874          1448
      10.9908          1448
      10.9942          1448
      10.9976          1448
       11.001          1448
      11.0162          1448
      11.0178           965
      11.0636          1448
       11.066          1448
      11.0685          1448
      11.0709          1448
      11.0734          1448
      11.0758          1448
      11.0783          1448
      11.0807          1448
      11.0832          1448
      11.0856          1448
      11.0881          1448
      11.1117          1448
      11.1142          1448
      11.1166          1448
      11.1191          1448
      11.1215          1448
       11.124          1448
      11.1265          1448
      11.1289          1448
      11.1314          1448
      11.1338          1448
      11.1574          1448
      11.1599          1448
      11.1624          1448
      11.1648          1448
      11.1673          1448
      11.1697          1448
      11.1722          1448
      11.1746          1448
      11.1771          1448
      11.1795          1448
      11.2032          1448
      11.2056          1448
      11.2081          1448
      11.2105          1448
       11.213          1448
      11.2154          1448
      11.2179          1448
      11.2203          1448
      11.2228          1448
      11.2253          1448
      11.2489          1448
      11.2513          1448
      11.2538          1448
      11.2563          1448
      11.2587          1448
      11.2612          1448
      11.2636          1448
      11.2661          1448
      11.2685          1448
       11.271          1448
      11.2946          1448
      11.2971          1448
      11.2995          1448
       11.302          1448
      11.3044          1448
      11.3069          1448
      11.3093          1448
      11.3118          1448
      11.3142          1448
      11.3167          1448
      11.3403          1448
      11.3428          1448
      11.3452          1448
      11.3477          1448
      11.3501          1448
      11.3526          1448
      11.3551          1448
      11.3575          1448
        11.36          1448
      11.3624          1448
       11.386          1448
      11.3885          1448
       11.391          1448
      11.3934          1448
      11.3959          1448
      11.3983          1448
      11.4008          1448
      11.4032          1448
      11.4057          1448
      11.4081          1448
      11.4318          1448
      11.4342          1448
      11.4367          1448
      11.4391          1448
      11.4416          1448
       11.444          1448
      11.4465          1448
      11.4489          1448
      11.4514          1448
      11.4539          1448
      11.4563          1448
      11.4775          1448
      11.4799          1448
      11.4824          1448
      11.4849          1448
      11.4873          1448
      11.4898          1448
      11.4922          1448
      11.4947          1448
      11.4971          1448
      11.4996          1448
       11.502          1448
      11.5045          1448
      11.5257          1448
      11.5281          1448
      11.5306          1448
       11.533          1448
      11.5355          1448
      11.5379          1448
      11.5404          1448
      11.5428          1448
      11.5453          1448
      11.5478          1448
      11.5502          1448
      11.5527          1448
      11.5738          1448
      11.5763          1448
      11.5787          1448
      11.5812          1448
      11.5837          1448
      11.5861          1448
      11.5886          1448
       11.591          1448
      11.5935          1448
      11.5959          1448
      11.5984          1448
      11.6008          1448
       11.622          1448
      11.6245          1448
      11.6269          1448
      11.6294          1448
      11.6318          1448
      11.6343          1448
      11.6367          1448
      11.6392          1448
      11.6417          1448
      11.6441          1448
      11.6466          1448
       11.649          1448
      11.6702          1448
      11.6726          1448
      11.6751          1448
      11.6776          1448
        11.68          1448
      11.6825          1448
      11.6849          1448
      11.6874          1448
      11.6898          1448
      11.6923          1448
      11.6947          1448
      11.6972          1448
      11.7163           606
       11.762          1448
      11.7645          1448
       11.767          1448
      11.7694          1448
      11.7719          1448
      11.7743          1448
      11.7768          1448
      11.7792          1448
      11.7817          1448
      11.7841          1448
      11.7866          1448
       11.789          1448
      11.8102          1448
      11.8127          1448
      11.8151          1448
      11.8176          1448
        11.82          1448
      11.8225          1448
      11.8249          1448
      11.8274          1448
      11.8299          1448
      11.8323          1448
      11.8348          1448
      11.8372          1448
      11.8584          1448
      11.8608          1448
      11.8633          1448
      11.8658          1448
      11.8682          1448
      11.8707          1448
      11.8731          1448
      11.8756          1448
       11.878          1448
      11.8805          1448
      11.8829          1448
      11.8854          1448
      11.9066          1448
       11.909          1448
      11.9115          1448
      11.9139          1448
      11.9164          1448
      11.9188          1448
      11.9213          1448
      11.9238          1448
      11.9262          1448
      11.9287          1448
      11.9311          1448
      11.9336          1448
      11.9547          1448
      11.9572          1448
      11.9597          1448
      11.9621          1448
      11.9646          1448
       11.967          1448
      11.9695          1448
      11.9719          1448
      11.9744          1448
      11.9768          1448
      11.9793          1448
      11.9817          1448
      12.0029          1448
      12.0054          1448
      12.0078          1448
      12.0105          1448
      12.0131          1448
      12.0157          1448
      12.0184          1448
       12.021          1448
      12.0236          1448
      12.0263          1448
      12.0289          1448
      12.0315          1448
      12.0513          1448
      12.0539          1448
      12.0565          1448
      12.0592          1448
      12.0618          1448
      12.0644          1448
      12.0671          1448
      12.0697          1448
      12.0723          1448
       12.075          1448
      12.0776          1448
      12.0802          1448
      12.0998          1448
      12.1024          1448
      12.1051          1448
      12.1077          1448
      12.1103          1448
       12.113          1448
      12.1156          1448
      12.1182          1448
      12.1209          1448
      12.1235          1448
      12.1261          1448
      12.1288          1448
      12.1483          1448
       12.151          1448
      12.1536          1448
      12.1562          1448
      12.1589          1448
      12.1615          1448
      12.1641          1448
      12.1668          1448
      12.1694          1448
       12.172          1448
      12.1747          1448
      12.1773          1448
      12.1969          1448
      12.1995          1448
      12.2021          1448
      12.2048          1448
      12.2074          1448
        12.21          1448
      12.2127          1448
      12.2153          1448
      12.2179          1448
      12.2206          1448
      12.2232          1448
      12.2259          1448
      12.2454          1448
       12.248          1448
      12.2507          1448
      12.2533          1448
      12.2559          1448
      12.2586          1448
      12.2612          1448
      12.2638          1448
      12.2665          1448
      12.2691          1448
      12.2718          1448
      12.2744          1448
      12.2939          1448
      12.2966          1448
      12.2992          1448
      12.3018          1448
      12.3045          1448
      12.3071          1448
      12.3097          1448
      12.3124          1448
       12.315          1448
      12.3177          1448
      12.3203          1448
      12.3229          1448
      12.3425          1448
      12.3451          1448
      12.3477          1448
      12.3504          1448
       12.353          1448
      12.3557          1448
      12.3583          1448
      12.3609          1448
      12.3636          1448
      12.3662          1448
      12.3688          1448
      12.3715          1448
       12.391          1448
      12.3936          1448
      12.3963          1448
      12.3989          1448
      12.4016          1448
      12.4042          1448
      12.4068          1448
      12.4095          1448
      12.4112           940
      12.4571          1448
      12.4597          1448
      12.4624          1448
       12.465          1448
      12.4676          1448
      12.4703          1448
      12.4729          1448
      12.4755          1448
      12.4782          1448
      12.4808          1448
      12.4834          1448
      12.4861          1448
      12.5056          1448
      12.5083          1448
      12.5109          1448
      12.5135          1448
      12.5162          1448
      12.5188          1448
      12.5214          1448
      12.5241          1448
      12.5267          1448
      12.5293          1448
       12.532          1448
      12.5346          1448
      12.5542          1448
      12.5568          1448
      12.5594          1448
      12.5621          1448
      12.5647          1448
      12.5673          1448
        12.57          1448
      12.5726          1448
      12.5752          1448
      12.5779          1448
      12.5805          1448
      12.5831          1448
      12.6027          1448
      12.6053          1448
       12.608          1448
      12.6106          1448
      12.6132          1448
      12.6159          1448
      12.6185          1448
      12.6211          1448
      12.6238          1448
      12.6264          1448
       12.629          1448
      12.6317          1448
      12.6512          1448
      12.6539          1448
      12.6565          1448
      12.6591          1448
      12.6618          1448
      12.6644          1448
       12.667          1448
      12.6697          1448
      12.6723          1448
      12.6749          1448
      12.6776          1448
      12.6802          1448
      12.6998          1448
      12.7024          1448
       12.705          1448
      12.7077          1448
      12.7103          1448
      12.7129          1448
      12.7156          1448
      12.7182          1448
      12.7208          1448
      12.7235          1448
      12.7261          1448
      12.7287          1448
      12.7483          1448
      12.7509          1448
      12.7536          1448
      12.7562          1448
      12.7588          1448
      12.7615          1448
      12.7641          1448
      12.7667          1448
      12.7694          1448
       12.772          1448
      12.7746          1448
      12.7773          1448
      12.7968          1448
      12.7995          1448
      12.8021          1448
      12.8047          1448
      12.8074          1448
        12.81          1448
      12.8126          1448
      12.8153          1448
      12.8179          1448
      12.8205          1448
      12.8232          1448
      12.8258          1448
      12.8454          1448
       12.848          1448
      12.8506          1448
      12.8533          1448
      12.8559          1448
      12.8585          1448
      12.8612          1448
      12.8638          1448
      12.8664          1448
      12.8691          1448
      12.8717          1448
      12.8744          1448
      12.8939          1448
      12.8965          1448
      12.8992          1448
      12.9018          1448
      12.9044          1448
      12.9071          1448
      12.9097          1448
      12.9123          1448
       12.915          1448
      12.9176          1448
      12.9203          1448
      12.9229          1448
      12.9424          1448
      12.9451          1448
      12.9477          1448
      12.9503          1448
       12.953          1448
      12.9556          1448
      12.9582          1448
      12.9609          1448
      12.9635          1448
      12.9662          1448
      12.9688          1448
      12.9714          1448
       12.991          1448
      12.9936          1448
      12.9962          1448
      12.9989          1448
      13.0015          1448
      13.0041          1448
      13.0068          1448
      13.0094          1448
      13.0118          1448
      13.0142          1448
      13.0171          1448
      13.0194          1448
      13.0393          1448
      13.0416          1448
      13.0445          1448
      13.0469          1448
      13.0498          1448
      13.0522          1448
      13.0551          1448
      13.0574          1448
      13.0598          1448
      13.0622          1448
      13.0651          1448
      13.0675          1448
      13.0873          1448
      13.0882           527
      13.1339          1448
      13.1362          1448
      13.1386          1448
       13.141          1448
      13.1434          1448
      13.1457          1448
      13.1481          1448
      13.1505          1448
      13.1529          1448
      13.1552          1448
      13.1576          1448
        13.16          1448
      13.1819          1448
      13.1843          1448
      13.1866          1448
       13.189          1448
      13.1914          1448
      13.1938          1448
      13.1961          1448
      13.1985          1448
      13.2009          1448
      13.2033          1448
      13.2056          1448
       13.208          1448
      13.2104          1448
      13.2299          1448
      13.2323          1448
      13.2347          1448
       13.237          1448
      13.2394          1448
      13.2418          1448
      13.2442          1448
      13.2465          1448
      13.2489          1448
      13.2513          1448
      13.2537          1448
       13.256          1448
      13.2755          1448
      13.2779          1448
      13.2803          1448
      13.2827          1448
       13.285          1448
      13.2874          1448
      13.2898          1448
      13.2922          1448
      13.2945          1448
      13.2969          1448
      13.2993          1448
      13.3017          1448
      13.3212          1448
      13.3236          1448
      13.3259          1448
      13.3283          1448
      13.3307          1448
      13.3331          1448
      13.3354          1448
      13.3378          1448
      13.3402          1448
      13.3426          1448
      13.3449          1448
      13.3473          1448
      13.3668          1448
      13.3692          1448
      13.3716          1448
       13.374          1448
      13.3763          1448
      13.3787          1448
      13.3811          1448
      13.3835          1448
      13.3858          1448
      13.3882          1448
      13.3906          1448
       13.393          1448
      13.4125          1448
      13.4148          1448
      13.4172          1448
      13.4196          1448
       13.422          1448
      13.4243          1448
      13.4267          1448
      13.4291          1448
      13.4315          1448
      13.4338          1448
      13.4362          1448
      13.4386          1448
      13.4581          1448
      13.4605          1448
      13.4629          1448
      13.4652          1448
      13.4676          1448
        13.47          1448
      13.4724          1448
      13.4747          1448
      13.4771          1448
      13.4795          1448
      13.4819          1448
      13.4842          1448
      13.4866          1448
      13.5038          1448
      13.5061          1448
      13.5085          1448
      13.5109          1448
      13.5133          1448
      13.5156          1448
       13.518          1448
      13.5204          1448
      13.5228          1448
      13.5251          1448
      13.5275          1448
      13.5299          1448
      13.5323          1448
      13.5346          1448
      13.5518          1448
      13.5541          1448
      13.5565          1448
      13.5589          1448
      13.5613          1448
      13.5636          1448
       13.566          1448
      13.5684          1448
      13.5708          1448
      13.5732          1448
      13.5755          1448
      13.5779          1448
      13.5803          1448
      13.5827          1448
      13.5998          1448
      13.6022          1448
      13.6045          1448
      13.6069          1448
      13.6093          1448
      13.6117          1448
       13.614          1448
      13.6164          1448
      13.6188          1448
      13.6212          1448
      13.6235          1448
      13.6259          1448
      13.6283          1448
      13.6307          1448
      13.6478          1448
      13.6502          1448
      13.6526          1448
      13.6549          1448
      13.6573          1448
      13.6597          1448
      13.6621          1448
      13.6644          1448
      13.6668          1448
      13.6692          1448
      13.6716          1448
      13.6739          1448
      13.6763          1448
      13.6787          1448
      13.6811          1448
      13.6958          1448
      13.6982          1448
      13.7006          1448
      13.7029          1448
      13.7053          1448
      13.7077          1448
      13.7101          1448
      13.7125          1448
      13.7148          1448
      13.7172          1448
      13.7196          1448
       13.722          1448
      13.7243          1448
      13.7267          1448
      13.7415          1448
      13.7438          1448
      13.7462          1448
      13.7486          1448
       13.751          1448
      13.7533          1448
      13.7557          1448
      13.7581          1448
      13.7605          1448
      13.7628          1448
      13.7644           959
      13.8101          1448
      13.8125          1448
      13.8149          1448
      13.8172          1448
      13.8196          1448
       13.822          1448
      13.8244          1448
      13.8268          1448
      13.8291          1448
      13.8315          1448
      13.8339          1448
      13.8363          1448
      13.8386          1448
       13.841          1448
      13.8434          1448
      13.8458          1448
      13.8581          1448
      13.8605          1448
      13.8629          1448
      13.8653          1448
      13.8676          1448
        13.87          1448
      13.8724          1448
      13.8748          1448
      13.8771          1448
      13.8795          1448
      13.8819          1448
      13.8843          1448
      13.8866          1448
       13.889          1448
      13.8914          1448
      13.8938          1448
      13.9062          1448
      13.9085          1448
      13.9109          1448
      13.9133          1448
      13.9157          1448
       13.918          1448
      13.9204          1448
      13.9228          1448
      13.9252          1448
      13.9275          1448
      13.9299          1448
      13.9323          1448
      13.9347          1448
       13.937          1448
      13.9394          1448
      13.9418          1448
      13.9542          1448
      13.9565          1448
      13.9589          1448
      13.9613          1448
      13.9637          1448
      13.9661          1448
      13.9684          1448
      13.9708          1448
      13.9732          1448
      13.9756          1448
      13.9779          1448
      13.9803          1448
      13.9827          1448
      13.9851          1448
      13.9874          1448
      13.9898          1448
      13.9922          1448
      14.0022          1448
      14.0046          1448
      14.0069          1448
      14.0093          1448
      14.0117          1448
      14.0141          1448
      14.0165          1448
      14.0189          1448
      14.0214          1448
      14.0238          1448
      14.0262          1448
      14.0286          1448
       14.031          1448
      14.0334          1448
      14.0358          1448
      14.0382          1448
      14.0479          1448
      14.0503          1448
      14.0527          1448
      14.0551          1448
      14.0575          1448
      14.0599          1448
      14.0623          1448
      14.0647          1448
      14.0671          1448
      14.0695          1448
      14.0719          1448
      14.0743          1448
      14.0767          1448
      14.0792          1448
      14.0816          1448
       14.084          1448
      14.0864          1448
      14.0935          1448
      14.0959          1448
      14.0983          1448
      14.1008          1448
      14.1032          1448
      14.1056          1448
       14.108          1448
      14.1104          1448
      14.1128          1448
      14.1152          1448
      14.1176          1448
        14.12          1448
      14.1224          1448
      14.1248          1448
      14.1272          1448
      14.1296          1448
       14.132          1448
      14.1344          1448
      14.1416          1448
       14.144          1448
      14.1464          1448
      14.1488          1448
      14.1512          1448
      14.1537          1448
      14.1561          1448
      14.1585          1448
      14.1609          1448
      14.1633          1448
      14.1657          1448
      14.1681          1448
      14.1705          1448
      14.1729          1448
      14.1753          1448
      14.1777          1448
      14.1801          1448
      14.1825          1448
      14.1897          1448
      14.1921          1448
      14.1945          1448
      14.1969          1448
      14.1993          1448
      14.2017          1448
      14.2041          1448
      14.2065          1448
      14.2089          1448
      14.2114          1448
      14.2138          1448
      14.2162          1448
      14.2186          1448
       14.221          1448
      14.2234          1448
      14.2258          1448
      14.2282          1448
      14.2306          1448
       14.233          1448
      14.2378          1448
      14.2402          1448
      14.2426          1448
       14.245          1448
      14.2474          1448
      14.2498          1448
      14.2522          1448
      14.2546          1448
       14.257          1448
      14.2594          1448
      14.2618          1448
      14.2642          1448
      14.2667          1448
      14.2691          1448
      14.2715          1448
      14.2739          1448
      14.2763          1448
      14.2787          1448
      14.2834          1448
      14.2859          1448
      14.2883          1448
      14.2907          1448
      14.2931          1448
      14.2955          1448
      14.2979          1448
      14.3003          1448
      14.3027          1448
      14.3051          1448
      14.3075          1448
      14.3099          1448
      14.3123          1448
      14.3147          1448
      14.3171          1448
      14.3195          1448
       14.322          1448
      14.3244          1448
      14.3268          1448
      14.3292          1448
      14.3316          1448
       14.334          1448
      14.3364          1448
      14.3388          1448
      14.3412          1448
      14.3436          1448
       14.346          1448
      14.3484          1448
      14.3508          1448
      14.3532          1448
      14.3556          1448
      14.3581          1448
      14.3605          1448
      14.3629          1448
      14.3653          1448
      14.3677          1448
      14.3701          1448
      14.3725          1448
      14.3749          1448
      14.3773          1448
      14.3797          1448
      14.3821          1448
      14.3845          1448
      14.3869          1448
      14.3893          1448
      14.3917          1448
      14.3942          1448
      14.3954           727
      14.4411          1448
      14.4435          1448
      14.4459          1448
      14.4483          1448
      14.4507          1448
      14.4531          1448
      14.4555          1448
      14.4579          1448
      14.4603          1448
      14.4627          1448
      14.4651          1448
      14.4676          1448
        14.47          1448
      14.4724          1448
      14.4748          1448
      14.4772          1448
      14.4796          1448
       14.482          1448
      14.4844          1448
      14.4868          1448
      14.4892          1448
      14.4916          1448
       14.494          1448
      14.4964          1448
      14.4988          1448
      14.5012          1448
      14.5037          1448
      14.5061          1448
      14.5085          1448
      14.5109          1448
      14.5133          1448
      14.5157          1448
      14.5181          1448
      14.5205          1448
      14.5229          1448
      14.5253          1448
      14.5277          1448
      14.5301          1448
      14.5325          1448
      14.5349          1448
      14.5373          1448
      14.5398          1448
      14.5422          1448
      14.5446          1448
       14.547          1448
      14.5494          1448
      14.5518          1448
      14.5542          1448
      14.5566          1448
       14.559          1448
      14.5614          1448
      14.5638          1448
      14.5662          1448
      14.5686          1448
       14.571          1448
      14.5734          1448
      14.5759          1448
      14.5783          1448
      14.5807          1448
      14.5831          1448
      14.5855          1448
      14.5879          1448
      14.5903          1448
      14.5927          1448
      14.5951          1448
      14.5975          1448
      14.5999          1448
      14.6023          1448
      14.6047          1448
      14.6071          1448
      14.6095          1448
       14.612          1448
      14.6144          1448
      14.6168          1448
      14.6192          1448
      14.6216          1448
       14.624          1448
      14.6264          1448
      14.6288          1448
      14.6312          1448
      14.6336          1448
       14.636          1448
      14.6384          1448
      14.6408          1448
      14.6432          1448
      14.6456          1448
       14.648          1448
      14.6505          1448
      14.6529          1448
      14.6553          1448
      14.6577          1448
      14.6601          1448
      14.6625          1448
      14.6649          1448
      14.6673          1448
      14.6697          1448
      14.6721          1448
      14.6745          1448
      14.6769          1448
      14.6793          1448
      14.6817          1448
      14.6841          1448
      14.6866          1448
       14.689          1448
      14.6914          1448
      14.6938          1448
      14.6962          1448
      14.6986          1448
       14.701          1448
      14.7034          1448
      14.7058          1448
      14.7082          1448
      14.7106          1448
       14.713          1448
      14.7154          1448
      14.7178          1448
      14.7202          1448
      14.7227          1448
      14.7251          1448
      14.7275          1448
      14.7299          1448
      14.7323          1448
      14.7347          1448
      14.7371          1448
      14.7395          1448
      14.7419          1448
      14.7443          1448
      14.7467          1448
      14.7491          1448
      14.7515          1448
      14.7539          1448
      14.7563          1448
      14.7588          1448
      14.7612          1448
      14.7636          1448
       14.766          1448
      14.7684          1448
      14.7708          1448
      14.7732          1448
      14.7756          1448
       14.778          1448
      14.7804          1448
      14.7828          1448
      14.7852          1448
      14.8526         40544
       14.855          1448
      14.8574          1448
      14.8598          1448
      14.8622          1448
      14.8646          1448
       14.867          1448
      14.8695          1448
      14.8742          1448
      14.8814          1448
      14.8839          1448
      14.8863          1448
      14.8887          1448
      14.8911          1448
      14.8935          1448
      14.8959          1448
      14.8983          1448
      14.9007          1448
      14.9031          1448
      14.9055          1448
      14.9079          1448
      14.9103          1448
      14.9127          1448
      14.9151          1448
      14.9199          1448
      14.9223          1448
      14.9295          1448
      14.9311           918
      14.9768          1448
      14.9792          1448
      14.9816          1448
       14.984          1448
      14.9864          1448
      14.9888          1448
      14.9912          1448
      14.9936          1448
       14.996          1448
      14.9984          1448
      15.0008          1448
      15.0032          1448
      15.0056          1448
       15.008          1448
      15.0116          1448
      15.0151          1448
      15.0186          1448
      15.0221          1448
      15.0259          1448
      15.0295          1448
       15.033          1448
      15.0365          1448
        15.04          1448
      15.0435          1448
       15.047          1448
      15.0506          1448
      15.0541          1448
      15.0576          1448
      15.0611          1448
      15.0646          1448
      15.0681          1448
      15.0716          1448
      15.0752          1448
      15.0787          1448
      15.0822          1448
      15.0857          1448
      15.0892          1448
      15.0927          1448
      15.0962          1448
      15.0998          1448
      15.1033          1448
      15.1068          1448
      15.1103          1448
      15.1138          1448
      15.1173          1448
      15.1208          1448
      15.1244          1448
      15.1279          1448
      15.1314          1448
      15.1349          1448
      15.1384          1448
      15.1419          1448
      15.1454          1448
       15.149          1448
      15.2263         31856
      15.2298          1448
      15.2333          1448
      15.2368          1448
      15.2403          1448
      15.2438          1448
       15.252          1448
      15.2555          1448
       15.259          1448
      15.2625          1448
       15.266          1448
      15.2696          1448
      15.2731          1448
      15.2766          1448
      15.2801          1448
      15.2836          1448
      15.2871          1448
      15.2906          1448
      15.2988          1448
      15.3023          1448
      15.3058          1448
      15.3093          1448
      15.3128          1448
      15.3163          1448
      15.3198          1448
      15.3234          1448
      15.3269          1448
      15.3304          1448
      15.3339          1448
      15.3374          1448
      15.3455          1448
      15.3491          1448
      15.3526          1448
      15.3561          1448
      15.3596          1448
      15.3631          1448
      15.3666          1448
      15.3701          1448
      15.3737          1448
      15.3772          1448
      15.3807          1448
      15.3842          1448
      15.3923          1448
      15.3958          1448
      15.3994          1448
      15.4029          1448
      15.4064          1448
      15.4099          1448
      15.4134          1448
      15.4169          1448
      15.4204          1448
       15.424          1448
      15.4275          1448
       15.431          1448
      15.4345          1448
      15.4391          1448
      15.4426          1448
      15.4461          1448
      15.4496          1448
      15.4532          1448
      15.4567          1448
      15.4602          1448
      15.4637          1448
      15.4672          1448
      15.4707          1448
      15.4742          1448
      15.4778          1448
      15.4813          1448
      15.4848          1448
      15.4894          1448
      15.4929          1448
      15.4964          1448
      15.4999          1448
      15.5035          1448
       15.507          1448
      15.5105          1448
       15.514          1448
      15.5175          1448
       15.521          1448
      15.5245          1448
      15.5281          1448
      15.5316          1448
      15.5351          1448
      15.5397          1448
      15.5432          1448
      15.5467          1448
      15.5502          1448
      15.5538          1448
      15.5573          1448
      15.5608          1448
      15.5643          1448
      15.5678          1448
      15.5713          1448
      15.5748          1448
      15.5784          1448
      15.5819          1448
      15.5854          1448
        15.59          1448
      15.5935          1448
       15.597          1448
      15.6005          1448
       15.604          1448
      15.6076          1448
      15.6111          1448
      15.6146          1448
      15.6181          1448
      15.6216          1448
      15.6251          1448
      15.6286          1448
      15.6322          1448
      15.6357          1448
      15.6392          1448
      15.6427          1448
      15.6462          1448
      15.6497          1448
      15.6532          1448
      15.6568          1448
      15.6603          1448
      15.6638          1448
      15.6673          1448
      15.6708          1448
      15.6743          1448
      15.6778          1448
      15.6814          1448
      15.6849          1448
      15.6884          1448
      15.6919          1448
      15.6954          1448
      15.6989          1448
      15.7025          1448
       15.706          1448
      15.7095          1448
       15.713          1448
      15.7165          1448
        15.72          1448
      15.7235          1448
      15.7271          1448
      15.7306          1448
      15.7341          1448
      15.7376          1448
      15.7411          1448
      15.7446          1448
      15.7481          1448
      15.7517          1448
      15.7552          1448
      15.7587          1448
      15.7622          1448
      15.7657          1448
      15.7692          1448
      15.7727          1448
      15.7763          1448
      15.7798          1448
      15.7833          1448
      15.7868          1448
      15.7903          1448
      15.7938          1448
      15.7973          1448
      15.8009          1448
      15.8044          1448
      15.8079          1448
      15.8114          1448
      15.8149          1448
      15.8184          1448
      15.8219          1448
      15.8255          1448
       15.829          1448
      15.8325          1448
       15.836          1448
      15.8395          1448
       15.843          1448
      15.8465          1448
      15.8501          1448
      15.8536          1448
      15.8571          1448
      15.8606          1448
      15.8641          1448
      15.8676          1448
      15.8711          1448
      15.8747          1448
      15.8782          1448
      15.8817          1448
      15.8852          1448
      15.8887          1448
      15.8922          1448
      15.8957          1448
      15.8993          1448
      15.9028          1448
      15.9045           686
      15.9513          1448
      15.9548          1448
      15.9583          1448
      15.9618          1448
      15.9654          1448
      15.9689          1448
      15.9724          1448
      15.9759          1448
      15.9794          1448
      15.9829          1448
      15.9864          1448
        15.99          1448
      15.9935          1448
       15.997          1448
      16.0005          1448
       16.004          1448
      16.0075          1448
      16.0113          1448
      16.0151          1448
      16.0189          1448
      16.0228          1448
      16.0266          1448
      16.0304          1448
      16.0342          1448
       16.038          1448
      16.0418          1448
      16.0456          1448
      16.0494          1448
      16.0532          1448
       16.057          1448
      16.0608          1448
      16.0646          1448
      16.0684          1448
      16.0722          1448
       16.076          1448
      16.0798          1448
      16.0837          1448
      16.0875          1448
      16.0913          1448
      16.0951          1448
      16.0989          1448
      16.1027          1448
      16.1065          1448
      16.1103          1448
      16.1141          1448
      16.1179          1448
      16.1217          1448
      16.1255          1448
      16.1293          1448
      16.1331          1448
      16.1369          1448
      16.1407          1448
      16.1445          1448
      16.1484          1448
      16.2207         27512
      16.2245          1448
      16.2283          1448
      16.2335          1448
      16.2449          1448
      16.2487          1448
      16.2525          1448
      16.2563          1448
      16.2601          1448
      16.2639          1448
      16.2678          1448
      16.2716          1448
      16.2754          1448
      16.2792          1448
       16.292          1448
      16.2958          1448
      16.2996          1448
      16.3034          1448
      16.3072          1448
       16.311          1448
      16.3148          1448
      16.3186          1448
      16.3224          1448
      16.3262          1448
      16.3391          1448
      16.3429          1448
      16.3467          1448
      16.3505          1448
      16.3543          1448
      16.3581          1448
      16.3619          1448
      16.3657          1448
      16.3695          1448
      16.3733          1448
      16.3771          1448
      16.3861          1448
      16.3899          1448
      16.3937          1448
      16.3976          1448
      16.4014          1448
      16.4052          1448
       16.409          1448
      16.4128          1448
      16.4166          1448
      16.4204          1448
      16.4242          1448
       16.428          1448
       16.437          1448
      16.4408          1448
      16.4446          1448
      16.4484          1448
      16.4522          1448
       16.456          1448
      16.4599          1448
      16.4637          1448
      16.4675          1448
      16.4713          1448
      16.4751          1448
      16.4789          1448
      16.4879          1448
      16.4917          1448
      16.4955          1448
      16.4993          1448
      16.5031          1448
      16.5069          1448
      16.5107          1448
      16.5145          1448
      16.5183          1448
      16.5221          1448
       16.526          1448
      16.5298          1448
      16.5336          1448
      16.5388          1448
      16.5426          1448
      16.5464          1448
      16.5502          1448
       16.554          1448
      16.5578          1448
      16.5616          1448
      16.5654          1448
      16.5692          1448
       16.573          1448
      16.5768          1448
      16.5806          1448
      16.5858          1448
      16.5896          1448
      16.5935          1448
      16.5973          1448
      16.6011          1448
      16.6049          1448
      16.6087          1448
      16.6125          1448
      16.6163          1448
      16.6201          1448
      16.6239          1448
      16.6277          1448
      16.6329          1448
      16.6367          1448
      16.6405          1448
      16.6443          1448
      16.6481          1448
      16.6519          1448
      16.6558          1448
      16.6596          1448
      16.6634          1448
      16.6672          1448
       16.671          1448
      16.6748          1448
      16.6786          1448
      16.6824          1448
      16.6862          1448
        16.69          1448
      16.6938          1448
      16.6976          1448
      16.7014          1448
      16.7052          1448
       16.709          1448
      16.7128          1448
      16.7167          1448
      16.7205          1448
      16.7243          1448
      16.7281          1448
      16.7319          1448
      16.7357          1448
      16.7395          1448
      16.7433          1448
      16.7471          1448
      16.7486           520
      16.7956          1448
      16.7994          1448
      16.8032          1448
      16.8071          1448
      16.8109          1448
      16.8147          1448
      16.8185          1448
      16.8223          1448
      16.8261          1448
      16.8299          1448
      16.8337          1448
      16.8375          1448
      16.8413          1448
      16.8451          1448
      16.8489          1448
      16.8527          1448
      16.8565          1448
      16.8603          1448
      16.8641          1448
       16.868          1448
      16.8718          1448
      16.8756          1448
      16.8794          1448
      16.8832          1448
       16.887          1448
      16.8908          1448
      16.8946          1448
      16.8984          1448
      16.9022          1448
       16.906          1448
      16.9098          1448
      16.9136          1448
      16.9174          1448
      16.9212          1448
       16.925          1448
      16.9289          1448
      16.9327          1448
      16.9365          1448
      16.9403          1448
      16.9441          1448
      16.9479          1448
      16.9517          1448
      16.9555          1448
      16.9593          1448
      16.9631          1448
      16.9669          1448
      16.9707          1448
      16.9745          1448
      16.9783          1448
      16.9821          1448
      16.9859          1448
      16.9898          1448
      16.9936          1448
      16.9974          1448
      17.0012          1448
       17.005          1448
      17.0088          1448
       17.013          1448
      17.0171          1448
      17.0213          1448
      17.0255          1448
      17.0296          1448
      17.0338          1448
       17.038          1448
      17.0421          1448
      17.0463          1448
      17.0505          1448
      17.0546          1448
      17.0588          1448
       17.063          1448
      17.0672          1448
      17.0713          1448
      17.0755          1448
      17.0797          1448
      17.0838          1448
       17.088          1448
      17.0922          1448
      17.0963          1448
      17.1005          1448
      17.1047          1448
      17.1088          1448
       17.113          1448
      17.1172          1448
      17.1214          1448
      17.1255          1448
      17.1297          1448
      17.1339          1448
       17.138          1448
      17.1422          1448
      17.1464          1448
      17.2214         26064
      17.2256          1448
      17.2298          1448
      17.2355          1448
       17.248          1448
      17.2522          1448
      17.2564          1448
      17.2605          1448
      17.2647          1448
      17.2689          1448
       17.273          1448
      17.2772          1448
      17.2814          1448
      17.2855          1448
      17.2955          1448
      17.2996          1448
      17.3038          1448
       17.308          1448
      17.3121          1448
      17.3163          1448
      17.3205          1448
      17.3246          1448
      17.3288          1448
       17.333          1448
      17.3429          1448
      17.3471          1448
      17.3512          1448
      17.3554          1448
      17.3596          1448
      17.3637          1448
      17.3679          1448
      17.3721          1448
      17.3762          1448
      17.3804          1448
      17.3903          1448
      17.3945          1448
      17.3987          1448
      17.4028          1448
       17.407          1448
      17.4112          1448
      17.4153          1448
      17.4195          1448
      17.4237          1448
      17.4278          1448
      17.4378          1448
      17.4419          1448
      17.4461          1448
      17.4503          1448
      17.4544          1448
      17.4586          1448
      17.4628          1448
      17.4669          1448
      17.4711          1448
      17.4753          1448
      17.4852          1448
      17.4894          1448
      17.4935          1448
      17.4977          1448
      17.5019          1448
       17.506          1448
      17.5102          1448
      17.5144          1448
      17.5185          1448
      17.5227          1448
      17.5326          1448
      17.5368          1448
       17.541          1448
      17.5451          1448
      17.5493          1448
      17.5535          1448
      17.5576          1448
      17.5618          1448
       17.566          1448
      17.5702          1448
      17.5801          1448
      17.5842          1448
      17.5884          1448
      17.5926          1448
      17.5967          1448
      17.6009          1448
      17.6051          1448
      17.6092          1448
      17.6134          1448
      17.6176          1448
      17.6275          1448
      17.6317          1448
      17.6358          1448
        17.64          1448
      17.6442          1448
      17.6483          1448
      17.6525          1448
      17.6567          1448
      17.6609          1448
       17.665          1448
      17.6749          1448
      17.6791          1448
      17.6833          1448
      17.6874          1448
      17.6916          1448
      17.6958          1448
         17.7          1448
      17.7041          1448
      17.7083          1448
      17.7125          1448
      17.7166          1448
      17.7224          1448
      17.7265          1448
      17.7307          1448
      17.7349          1448
       17.739          1448
      17.7432          1448
      17.7474          1448
      17.7516          1448
      17.7557          1448
      17.7599          1448
      17.7641          1448
      17.7682          1448
       17.774          1448
      17.7781          1448
      17.7823          1448
      17.7865          1448
      17.7907          1448
      17.7948          1448
       17.799          1448
      17.8032          1448
      17.8073          1448
      17.8115          1448
      17.8157          1448
      17.8198          1448
      17.8256          1448
      17.8298          1448
      17.8339          1448
      17.8381          1448
      17.8423          1448
      17.8464          1448
      17.8506          1448
      17.8548          1448
      17.8589          1448
      17.8631          1448
      17.8673          1448
      17.8714          1448
      17.8772          1448
      17.8814          1448
      17.8855          1448
      17.8897          1448
      17.8939          1448
       17.898          1448
      17.9022          1448
      17.9064          1448
      17.9105          1448
      17.9147          1448
      17.9189          1448
       17.923          1448
      17.9288          1448
       17.933          1448
      17.9371          1448
      17.9413          1448
      17.9455          1448
      17.9496          1448
      17.9538          1448
       17.958          1448
      17.9621          1448
      17.9663          1448
      17.9705          1448
      17.9747          1448
      17.9781           798
       18.025          1448
      18.0287          1448
      18.0324          1448
       18.036          1448
      18.0397          1448
      18.0434          1448
       18.047          1448
      18.0507          1448
      18.0544          1448
       18.058          1448
      18.0617          1448
      18.0654          1448
       18.069          1448
      18.0756          1448
      18.0793          1448
       18.083          1448
      18.0866          1448
      18.0903          1448
       18.094          1448
      18.0976          1448
      18.1013          1448
       18.105          1448
      18.1086          1448
      18.1123          1448
       18.116          1448
      18.1226          1448
      18.1262          1448
      18.1299          1448
      18.1336          1448
      18.1372          1448
      18.1409          1448
      18.1446          1448
      18.1482          1448
      18.1519          1448
      18.1556          1448
      18.1592          1448
      18.1629          1448
      18.1695          1448
      18.1732          1448
      18.1768          1448
      18.1805          1448
      18.1842          1448
      18.1878          1448
      18.1915          1448
      18.1952          1448
      18.1988          1448
      18.2025          1448
      18.2062          1448
      18.2099          1448
      18.2164          1448
      18.2201          1448
      18.2238          1448
      18.2274          1448
      18.2311          1448
      18.2348          1448
      18.2384          1448
      18.2421          1448
      18.2458          1448
      18.2494          1448
      18.2531          1448
      18.2568          1448
      18.2634          1448
       18.267          1448
      18.2707          1448
      18.2744          1448
       18.278          1448
      18.2817          1448
      18.2854          1448
       18.289          1448
      18.2927          1448
      18.2964          1448
      18.3001          1448
      18.3037          1448
      18.3103          1448
       18.314          1448
      18.3176          1448
      18.3213          1448
       18.325          1448
      18.3286          1448
      18.3323          1448
       18.336          1448
      18.3397          1448
      18.3433          1448
       18.347          1448
      18.3507          1448
      18.3572          1448
      18.3609          1448
      18.3646          1448
      18.3682          1448
      18.3719          1448
      18.3756          1448
      18.3792          1448
      18.3829          1448
      18.3866          1448
      18.3903          1448
      18.3939          1448
      18.3976          1448
      18.4042          1448
      18.4078          1448
      18.4115          1448
      18.4152          1448
      18.4188          1448
      18.4225          1448
      18.4262          1448
      18.4299          1448
      18.4335          1448
      18.4372          1448
      18.4409          1448
      18.4445          1448
      18.4511          1448
      18.4548          1448
      18.4584          1448
      18.4621          1448
      18.4658          1448
      18.4694          1448
      18.4731          1448
      18.4768          1448
      18.4805          1448
      18.4841          1448
      18.4878          1448
      18.4915          1448
       18.498          1448
      18.5017          1448
      18.5054          1448
       18.509          1448
      18.5127          1448
      18.5164          1448
      18.5201          1448
      18.5237          1448
      18.5274          1448
      18.5311          1448
      18.5347          1448
      18.5384          1448
       18.545          1448
      18.5486          1448
      18.5523          1448
       18.556          1448
      18.5597          1448
      18.5633          1448
       18.567          1448
      18.5707          1448
      18.5743          1448
       18.578          1448
      18.5817          1448
      18.5853          1448
      18.5919          1448
      18.5956          1448
      18.5992          1448
      18.6029          1448
      18.6066          1448
      18.6103          1448
      18.6139          1448
      18.6176          1448
      18.6213          1448
      18.6249          1448
      18.6286          1448
      18.6323          1448
      18.6388          1448
      18.6425          1448
      18.6462          1448
      18.6499          1448
      18.6535          1448
      18.6572          1448
      18.6609          1448
      18.6645          1448
      18.6682          1448
      18.6719          1448
      18.6755          1448
      18.6792          1448
      18.6817           184
      18.7286          1448
      18.7323          1448
       18.736          1448
      18.7397          1448
      18.7433          1448
       18.747          1448
      18.7507          1448
      18.7543          1448
       18.758          1448
      18.7617          1448
      18.7653          1448
       18.769          1448
      18.7727          1448
      18.7793          1448
      18.7829          1448
      18.7866          1448
      18.7903          1448
      18.7939          1448
      18.7976          1448
      18.8013          1448
      18.8049          1448
      18.8086          1448
      18.8123          1448
      18.8159          1448
      18.8196          1448
      18.8262          1448
      18.8299          1448
      18.8335          1448
      18.8372          1448
      18.8409          1448
      18.8445          1448
      18.8482          1448
      18.8519          1448
      18.8555          1448
      18.8592          1448
      18.8629          1448
      18.8665          1448
      18.8731          1448
      18.8768          1448
      18.8805          1448
      18.8841          1448
      18.8878          1448
      18.8915          1448
      18.8951          1448
      18.8988          1448
      18.9025          1448
      18.9061          1448
      18.9098          1448
      18.9135          1448
      18.9201          1448
      18.9237          1448
      18.9274          1448
      18.9311          1448
      18.9347          1448
      18.9384          1448
      18.9421          1448
      18.9457          1448
      18.9494          1448
      18.9531          1448
      18.9567          1448
      18.9604          1448
       18.967          1448
      18.9707          1448
      18.9743          1448
       18.978          1448
      18.9817          1448
      18.9853          1448
       18.989          1448
      18.9927          1448
      18.9963          1448
           19          1448
      19.0037          1448
      19.0074          1448
      19.0119          1448
      19.0135          1448
      19.0192          1448
      19.0208          1448
      19.0265          1448
      19.0282          1448
      19.0339          1448
      19.0355          1448
      19.0412          1448
      19.0428          1448
      19.0486          1448
      19.0502          1448
      19.0567          1448
      19.0584          1448
      19.0641          1448
      19.0657          1448
      19.0714          1448
       19.073          1448
      19.0788          1448
      19.0804          1448
      19.0861          1448
      19.0877          1448
      19.0934          1448
       19.095          1448
      19.1016          1448
      19.1032          1448
       19.109          1448
      19.1106          1448
      19.1163          1448
      19.1179          1448
      19.1236          1448
      19.1252          1448
       19.131          1448
      19.1326          1448
      19.1383          1448
      19.1399          1448
      19.1465          1448
      19.1481          1448
      19.1538          1448
      19.1554          1448
      19.1612          1448
      19.1628          1448
      19.1685          1448
      19.1701          1448
      19.1758          1448
      19.1775          1448
      19.1832          1448
      19.1848          1448
      19.1914          1448
       19.193          1448
      19.1987          1448
      19.2003          1448
       19.206          1448
      19.2077          1448
      19.2134          1448
       19.215          1448
      19.2207          1448
      19.2223          1448
      19.2281          1448
      19.2297          1448
      19.2362          1448
      19.2379          1448
      19.2436          1448
      19.2452          1448
      19.2509          1448
      19.2525          1448
      19.2583          1448
      19.2599          1448
      19.2656          1448
      19.2672          1448
      19.2729          1448
      19.2745          1448
      19.2811          1448
      19.2827          1448
      19.2885          1448
      19.2901          1448
      19.2958          1448
      19.2974          1448
      19.3031          1448
      19.3047          1448
      19.3105          1448
      19.3121          1448
      19.3178          1448
      19.3194          1448
       19.326          1448
      19.3276          1448
      19.3333          1448
      19.3349          1448
      19.3407          1448
      19.3423          1448
       19.348          1448
      19.3496          1448
      19.3553          1448
       19.357          1448
      19.3627          1448
      19.3634           620
      19.4083          1448
      19.4099          1448
      19.4115          1448
      19.4131          1448
      19.4147          1448
      19.4163          1448
      19.4179          1448
      19.4195          1448
      19.4212          1448
      19.4228          1448
      19.4244          1448
       19.426          1448
      19.4276          1448
      19.4548          1448
      19.4564          1448
       19.458          1448
      19.4596          1448
      19.4612          1448
      19.4628          1448
      19.4644          1448
       19.466          1448
      19.4676          1448
      19.4692          1448
      19.4709          1448
      19.4725          1448
      19.4996          1448
      19.5013          1448
      19.5029          1448
      19.5045          1448
      19.5061          1448
      19.5077          1448
      19.5093          1448
      19.5109          1448
      19.5125          1448
      19.5141          1448
      19.5157          1448
      19.5173          1448
      19.5445          1448
      19.5461          1448
      19.5477          1448
      19.5493          1448
       19.551          1448
      19.5526          1448
      19.5542          1448
      19.5558          1448
      19.5574          1448
       19.559          1448
      19.5606          1448
      19.5622          1448
      19.5894          1448
       19.591          1448
      19.5926          1448
      19.5942          1448
      19.5958          1448
      19.5974          1448
       19.599          1448
      19.6007          1448
      19.6023          1448
      19.6039          1448
      19.6055          1448
      19.6071          1448
      19.6343          1448
      19.6359          1448
      19.6375          1448
      19.6391          1448
      19.6407          1448
      19.6423          1448
      19.6439          1448
      19.6455          1448
      19.6471          1448
      19.6487          1448
      19.6504          1448
       19.652          1448
      19.6791          1448
      19.6808          1448
      19.6824          1448
       19.684          1448
      19.6856          1448
      19.6872          1448
      19.6888          1448
      19.6904          1448
       19.692          1448
      19.6936          1448
      19.6952          1448
      19.6968          1448
       19.724          1448
      19.7256          1448
      19.7272          1448
      19.7288          1448
      19.7305          1448
      19.7321          1448
      19.7337          1448
      19.7353          1448
      19.7369          1448
      19.7385          1448
      19.7401          1448
      19.7417          1448
      19.7689          1448
      19.7705          1448
      19.7721          1448
      19.7737          1448
      19.7753          1448
      19.7769          1448
      19.7785          1448
      19.7802          1448
      19.7818          1448
      19.7834          1448
       19.785          1448
      19.7866          1448
      19.8138          1448
      19.8154          1448
       19.817          1448
      19.8186          1448
      19.8202          1448
      19.8218          1448
      19.8234          1448
       19.825          1448
      19.8266          1448
      19.8283          1448
      19.8299          1448
      19.8315          1448
      19.8586          1448
      19.8603          1448
      19.8619          1448
      19.8635          1448
      19.8651          1448
      19.8667          1448
      19.8683          1448
      19.8699          1448
      19.8715          1448
      19.8731          1448
      19.8747          1448
      19.8763          1448
      19.9035          1448
      19.9051          1448
      19.9067          1448
      19.9083          1448
        19.91          1448
      19.9116          1448
      19.9132          1448
      19.9148          1448
      19.9164          1448
       19.918          1448
      19.9196          1448
      19.9212          1448
      19.9484          1448
        19.95          1448
      19.9516          1448
      19.9532          1448
      19.9548          1448
      19.9564          1448
      19.9568           261
      38.0109          1448
      38.0119          1448
      38.0128          1448
      38.0138          1448
      38.0147          1448
      38.0157          1448
      38.0166          1448
      38.0176          1448
      38.0185          1448
      38.0195          1448
      38.0204          1448
      38.0214          1448
      38.0223          1448
      38.0561          1448
       38.057          1448
       38.058          1448
      38.0589          1448
      38.0599          1448
      38.0608          1448
      38.0618          1448
      38.0628          1448
      38.0637          1448
      38.0647          1448
      38.0656          1448
      38.0666          1448
      38.0675          1448
      38.0685          1448
      38.0694          1448
      38.0704          1448
      38.0713          1448
      38.0723          1448
      38.1003          1448
      38.1013          1448
      38.1022          1448
      38.1032          1448
      38.1041          1448
      38.1051          1448
       38.106          1448
       38.107          1448
      38.1079          1448
      38.1089          1448
      38.1098          1448
      38.1108          1448
      38.1117          1448
      38.1127          1448
      38.1136          1448
      38.1146          1448
      38.1155          1448
      38.1165          1448
      38.1174          1448
      38.1184          1448
      38.1194          1448
      38.1203          1448
      38.1213          1448
      38.1222          1448
      38.1232          1448
      38.1241          1448
      38.1251          1448
      38.1445          1448
      38.1455          1448
      38.1464          1448
      38.1474          1448
      38.1483          1448
      38.1493          1448
      38.1502          1448
      38.1512          1448
      38.1521          1448
      38.1531          1448
       38.154          1448
       38.155          1448
       38.156          1448
      38.1569          1448
      38.1579          1448
      38.1588          1448
      38.1598          1448
      38.1607          1448
      38.1617          1448
      38.1626          1448
      38.1636          1448
      38.1645          1448
      38.1655          1448
      38.1664          1448
      38.1674          1448
      38.1683          1448
      38.1693          1448
      38.1702          1448
      38.1712          1448
      38.1721          1448
      38.1731          1448
       38.174          1448
       38.175          1448
       38.176          1448
      38.1769          1448
      38.1779          1448
      38.1788          1448
      38.1798          1448
      38.1807          1448
      38.1817          1448
      38.1826          1448
      38.1836          1448
      38.1897          1448
      38.1906          1448
      38.1916          1448
      38.1926          1448
      38.1935          1448
      38.1945          1448
      38.1954          1448
      38.1964          1448
      38.1973          1448
      38.1983          1448
      38.1992          1448
      38.2002          1448
      38.2011          1448
      38.2021          1448
       38.203          1448
       38.204          1448
      38.2049          1448
      38.2059          1448
      38.2068          1448
      38.2078          1448
      38.2087          1448
      38.2097          1448
      38.2106          1448
      38.2116          1448
      38.2126          1448
      38.2135          1448
      38.2145          1448
      38.2154          1448
      38.2164          1448
      38.2173          1448
      38.2183          1448
      38.2192          1448
      38.2202          1448
      38.2211          1448
      38.2221          1448
       38.223          1448
       38.224          1448
      38.2249          1448
      38.2259          1448
      38.2268          1448
      38.2278          1448
      38.2287          1448
      38.2297          1448
      38.2306          1448
      38.2316          1448
      38.2325          1448
      38.2335          1448
      38.2345          1448
      38.2354          1448
      38.2364          1448
      38.2373          1448
      38.2383          1448
      38.2392          1448
      38.2402          1448
      38.2411          1448
      38.2421          1448
       38.243          1448
       38.244          1448
      38.2449          1448
      38.2459          1448
      38.2468          1448
      38.2478          1448
      38.2487          1448
      38.2497          1448
      38.2506          1448
      38.2516          1448
      38.2525          1448
      38.2535          1448
      38.2545          1448
      38.2554          1448
      38.2564          1448
      38.2573          1448
      38.2583          1448
      38.2592          1448
      38.2602          1448
      38.2611          1448
      38.2621          1448
       38.263          1448
       38.264          1448
      38.2649          1448
      38.2659          1448
      38.2668          1448
      38.2678          1448
      38.2687          1448
      38.2697          1448
      38.2706          1448
      38.2716          1448
      38.2725          1448
      38.2735          1448
      38.2745          1448
      38.2754          1448
      38.2764          1448
      38.2773          1448
      38.2783          1448
      38.2792          1448
      38.2802          1448
      38.2811          1448
      38.2821          1448
       38.283          1448
       38.284          1448
      38.2849          1448
      38.2859          1448
      38.2868          1448
      38.2878          1448
      38.2887          1448
      38.2897          1448
      38.2906          1448
      38.2916          1448
      38.2925          1448
      38.2935          1448
      38.2944          1448
      38.2954          1448
      38.2964          1448
      38.2973          1448
      38.2983          1448
      38.2992          1448
      38.3002          1448
      38.3011          1448
      38.3021          1448
       38.303          1448
       38.304          1448
      38.3049          1448
      38.3059          1448
      38.3068          1448
      38.3078          1448
      38.4278        154936
      38.4878         75296
      38.5488         44944
      38.5935         73848
      38.6212         68056
      38.6609         58911
      41.7051          1448
      41.7061          1448
      41.7071          1448
      41.7081          1448
      41.7091          1448
      41.7101          1448
      41.7111          1448
      41.7121          1448
      41.7131          1448
      41.7141          1448
      41.7151          1448
      41.7161          1448
      41.7171          1448
      41.7181          1448
      41.7191          1448
      41.7201          1448
      41.7211          1448
       41.722          1448
       41.723          1448
       41.724          1448
       41.725          1448
       41.726          1448
       41.727          1448
       41.728          1448
       41.729          1448
        41.73          1448
       41.731          1448
       41.732          1448
      41.7504          1448
      41.7514          1448
      41.7524          1448
      41.7534          1448
      41.7544          1448
      41.7554          1448
      41.7564          1448
      41.7574          1448
      41.7583          1448
      41.7593          1448
      41.7603          1448
      41.7613          1448
      41.7623          1448
      41.7633          1448
      41.7643          1448
      41.7653          1448
      41.7663          1448
      41.7673          1448
      41.7683          1448
      41.7693          1448
      41.7703          1448
      41.7713          1448
      41.7723          1448
      41.7733          1448
      41.7743          1448
      41.7753          1448
      41.7763          1448
      41.7773          1448
      41.7783          1448
      41.7792          1448
      41.7802          1448
      41.7812          1448
      41.7822          1448
      41.7832          1448
      41.7842          1448
      41.7852          1448
      41.7862          1448
      41.7872          1448
      41.7882          1448
      41.7892          1448
      41.7902          1448
      41.7912          1448
      41.7956          1448
      41.7966          1448
      41.7976          1448
      41.7986          1448
      41.7996          1448
      41.8006          1448
      41.8016          1448
      41.8026          1448
      41.8036          1448
      41.8046          1448
      41.8056          1448
      41.8066          1448
      41.8076          1448
      41.8086          1448
      41.8096          1448
      41.8106          1448
      41.8116          1448
      41.8126          1448
      41.8136          1448
      41.8146          1448
      41.8155          1448
      41.8165          1448
      41.8175          1448
      41.8185          1448
      41.8195          1448
      41.8205          1448
      41.8215          1448
      41.8225          1448
      41.8235          1448
      41.8245          1448
      41.8255          1448
      41.8265          1448
      41.8275          1448
      41.8285          1448
      41.8295          1448
      41.8305          1448
      41.8315          1448
      41.8325          1448
      41.8335          1448
      41.8345          1448
      41.8355          1448
      41.8364          1448
      41.8374          1448
      41.8384          1448
      41.8394          1448
      41.8404          1448
      41.8414          1448
      41.8424          1448
      41.8434          1448
      41.8444          1448
      41.8454          1448
      41.8464          1448
      41.8474          1448
      41.8484          1448
      41.8494          1448
      41.8504          1448
      41.8514          1448
      41.8524          1448
      41.8534          1448
      41.8544          1448
      41.8554          1448
      41.8563          1448
      41.8573          1448
      41.8583          1448
      41.8593          1448
      41.8603          1448
      41.8613          1448
      41.8623          1448
      41.8633          1448
      41.8643          1448
      41.8653          1448
      41.8663          1448
      41.8673          1448
      41.8683          1448
      41.8693          1448
      41.8703          1448
      41.8713          1448
      41.8723          1448
      41.8733          1448
      41.8743          1448
      41.8753          1448
      41.8763          1448
      41.8772          1448
      41.8782          1448
      41.8792          1448
      41.8802          1448
      41.8812          1448
      41.8822          1448
      41.8832          1448
      41.8842          1448
      41.8852          1448
      41.8862          1448
      41.8872          1448
      41.8882          1448
      41.8892          1448
      41.8902          1448
      41.8912          1448
      41.8922          1448
      41.8932          1448
      41.8942          1448
      41.8952          1448
      41.8962          1448
      41.8972          1448
      41.8981          1448
      41.8991          1448
      41.9001          1448
      41.9011          1448
      41.9021          1448
      41.9031          1448
      41.9041          1448
      41.9051          1448
      41.9061          1448
      41.9071          1448
      41.9081          1448
      41.9091          1448
      41.9101          1448
      41.9111          1448
      41.9121          1448
      41.9131          1448
      41.9141          1448
      41.9151          1448
      41.9161          1448
      41.9171          1448
      41.9181          1448
       41.919          1448
        41.92          1448
       41.921          1448
       41.922          1448
       41.923          1448
       41.924          1448
       41.925          1448
       41.926          1448
       41.927          1448
       41.928          1448
       41.929          1448
        41.93          1448
       41.931          1448
       41.932          1448
       41.933          1448
       41.934          1448
       41.935          1448
       41.936          1448
       41.937          1448
       41.938          1448
       41.939          1448
      41.9399          1448
      41.9409          1448
      41.9419          1448
      41.9429          1448
      41.9439          1448
      41.9449          1448
      41.9459          1448
      41.9469          1448
      41.9479          1448
      41.9489          1448
      41.9499          1448
      41.9509          1448
      41.9519          1448
      41.9529          1448
      41.9539          1448
      41.9549          1448
      41.9559          1448
      41.9569          1448
      41.9579          1448
      41.9589          1448
      41.9599          1448
      41.9608          1448
      41.9618          1448
      41.9628          1448
      41.9638          1448
      41.9648          1448
      41.9658          1448
      41.9668          1448
      41.9678          1448
      41.9688          1448
      41.9698          1448
      41.9708          1448
      41.9718          1448
      41.9728          1448
      41.9738          1448
      41.9748          1448
      41.9758          1448
      41.9768          1448
      41.9778          1448
      41.9788          1448
      41.9798          1448
      41.9808          1448
      41.9817          1448
      41.9827          1448
      41.9837          1448
      41.9847          1448
      41.9857          1448
      41.9867          1448
      41.9877          1448
      41.9887          1448
      41.9897          1448
      41.9907          1448
      41.9917          1448
      41.9927          1448
      41.9937          1448
      41.9947          1448
      41.9957          1448
      41.9967          1448
      41.9977          1448
      41.9987          1448
      41.9997          1448
      42.0007          1448
      42.0016          1448
      42.0026          1448
      42.0036          1448
      42.0046          1448
      42.0056          1448
      42.0066          1448
      42.0076          1448
      42.0144          1448
      42.0213          1448
      42.0281          1448
      42.0349          1448
      42.0418          1448
      42.0486          1448
      42.0554          1448
      42.0622          1448
      42.0691          1448
      42.0895          1448
      42.1032          1448
      42.1169          1448
      42.6767         13032
      43.7525         14480
      43.8137         17376
      43.8205         11584
      43.8341         21720
      43.8477         14480
      43.8613          4344
      43.8749          8688
      43.8885         11584
      43.9021         68056
      43.9157          1448
      44.0309          4344
      44.0416          2896
      44.0572          2896
      44.0592          2896
      44.0612          2896
      44.0622          2896
      44.0632         20272
      44.0732         17251
      44.1174          1448
      44.1184          1448
      44.1194          1448
      44.1204          1448
      44.1214          1448
      44.1224          1448
      44.1234          1448
      44.1244          1448
      44.1254          1448
      44.1264          1448
      44.1274          1448
      44.1284          1448
      44.1294          1448
      44.1304          1448
      44.1314          1448
      44.1324          1448
      44.1334          1448
      44.1344          1448
      44.1354          1448
      44.1627          1448
      44.1637          1448
      44.1647          1448
      44.1657          1448
      44.1667          1448
      44.1677          1448
      44.1687          1448
      44.1697          1448
      44.1707          1448
      44.1717          1448
      44.1727          1448
      44.1737          1448
      44.1747          1448
      44.1757          1448
      44.1767          1448
      44.1777          1448
      44.1787          1448
      44.1797          1448
      44.1807          1448
       44.207          1448
       44.208          1448
       44.209          1448
        44.21          1448
       44.211          1448
       44.212          1448
       44.213          1448
       44.214          1448
       44.215          1448
       44.216          1448
       44.217          1448
       44.218          1448
       44.219          1448
        44.22          1448
       44.221          1448
       44.222          1448
       44.223          1448
       44.224          1448
       44.225          1448
       44.226          1448
      44.2522          1448
      44.2532          1448
      44.2542          1448
      44.2552          1448
      44.2562          1448
      44.2572          1448
      44.2582          1448
      44.2592          1448
      44.2602          1448
      44.2612          1448
      44.2622          1448
      44.2632          1448
      44.2642          1448
      44.2652          1448
      44.2662          1448
      44.2672          1448
      44.2682          1448
      44.2692          1448
      44.2702          1448
      44.2712          1448
      44.2722          1448
      44.2993          1448
      44.3003          1448
      44.3023          1448
      44.3043          1448
      44.3063          1448
      44.3083          1448
      44.3103          1448
      44.3123          1448
      44.3143          1448
      44.3163          1448
      44.3183          1448
      44.3203          1448
      44.3223          1448
      44.3243          1448
      44.3263          1448
      44.3283          1448
      44.3303          1448
      44.3323          1448
      44.3343          1448
      44.3363          1448
      44.3453          1448
      44.3463          1448
      44.3483          1448
      44.3503          1448
      44.3523          1448
      44.3543          1448
      44.3563          1448
      44.3582          1448
      44.3603          1448
      44.3622          1448
      44.3642          1448
      44.3662          1448
      44.3682          1448
      44.3702          1448
      44.3722          1448
      44.3742          1448
      44.3762          1448
      44.3782          1448
      44.3802          1448
      44.3822          1448
      44.3842          1448
      44.3912          1448
      44.3922          1448
      44.3942          1448
      44.3962          1448
      44.3982          1448
      44.4002          1448
      44.4022          1448
      44.4042          1448
      44.4062          1448
      44.4082          1448
      44.4102          1448
      44.4122          1448
      44.4142          1448
      44.4162          1448
      44.4182          1448
      44.4202          1448
      44.4222          1448
      44.4242          1448
      44.4262          1448
      44.4282          1448
      44.4302          1448
      44.4322          1448
      44.4382          1448
      44.4392          1448
      44.4422          1448
      44.4432          1448
      44.4462          1448
      44.4472          1448
      44.4502          1448
      44.4512          1448
      44.4542          1448
      44.4552          1448
      44.4582          1448
      44.4592          1448
      44.4622          1448
      44.4632          1448
      44.4662          1448
      44.4672          1448
      44.4702          1448
      44.4712          1448
      44.4742          1448
      44.4752          1448
      44.4782          1448
      44.4792          1448
      44.4852          1448
      44.4862          1448
      44.4892          1448
      44.4902          1448
      44.4932          1448
      44.4942          1448
      44.4972          1448
      44.4982          1448
      44.5002          1448
      44.5022          1448
      44.5042          1448
      44.5062          1448
      44.5082          1448
      44.5102          1448
      44.5122          1448
      44.5142          1448
      44.5162          1448
      44.5182          1448
      44.5202          1448
      44.5222          1448
      44.5242          1448
      44.5262          1448
      44.5282          1448
      44.5322          1448
      44.5332          1448
      44.5362          1448
      44.5372          1448
      44.5402          1448
      44.5412          1448
      44.5442          1448
      44.5452          1448
      44.5482          1448
      44.5492          1448
      44.5522          1448
      44.5532          1448
      44.5562          1448
      44.5572          1448
      44.5602          1448
      44.5612          1448
      44.5642          1448
      44.5652          1448
      44.5682          1448
      44.5692          1448
      44.5722          1448
      44.5732          1448
      44.5782          1448
      44.5792          1448
      44.5822          1448
      44.5832          1448
      44.5862          1448
      44.5872          1448
      44.5902          1448
      44.5912          1448
      44.5942          1448
      44.5952          1448
      44.5982          1448
      44.5992          1448
      44.6021          1448
      44.6031          1448
      44.6044          1448
      44.6054          1448
      44.6084          1448
      44.6094          1448
      44.6124          1448
      44.6134          1448
      44.6164          1448
      44.6174          1448
      44.6224          1448
      44.6234          1448
      44.6264          1448
      44.6274          1448
      44.6284          1448
      44.6304          1448
      44.6314          1448
      44.6344          1448
      44.6354          1448
      44.6384          1448
      44.6394          1448
      44.6424          1448
      44.6434          1448
      44.6464          1448
      44.6474          1448
      44.6487          1448
      44.6497          1448
      44.6527          1448
      44.6537          1448
      44.6567          1448
      44.6577          1448
      44.6607          1448
      44.6617          1448
      44.6667          1448
      44.6677          1448
      44.6707          1448
      44.6717          1448
      44.6727          1448
      44.6737          1448
      44.6757          1448
      44.6767          1448
      44.6797          1448
      44.6807          1448
      44.6837          1448
      44.6847          1448
      44.6877          1448
      44.6887          1448
      44.6916          1448
      44.6926          1448
       44.694          1448
       44.695          1448
       44.698          1448
       44.699          1448
       44.702          1448
       44.703          1448
       44.706          1448
       44.707          1448
       44.712          1448
       44.713          1448
       44.716          1448
       44.717          1448
       44.718          1448
       44.719          1448
       44.721          1448
       44.722          1448
       44.725          1448
       44.726          1448
       44.729          1448
        44.73          1448
       44.733          1448
       44.734          1448
      44.7369          1448
      44.7379          1448
      44.7392          1448
      44.7402          1448
      44.7432          1448
      44.7442          1448
      44.7472          1448
      44.7482          1448
      44.7512          1448
      44.7522          1448
      44.7572          1448
      44.7582          1448
      44.7612          1448
      44.7622          1448
      44.7632          1448
      44.7642          1448
      44.7662          1448
      44.7672          1448
      44.7702          1448
      44.7712          1448
      44.7722          1448
      44.7742          1448
      44.7752          1448
      44.7782          1448
      44.7792          1448
      44.7822          1448
      44.7832          1448
      44.7845          1448
      44.7855          1448
      44.7885          1448
      44.7895          1448
      44.7925          1448
      44.7935          1448
      44.7965          1448
      44.7975          1448
      44.8025          1448
      44.8035          1448
      44.8065          1448
      44.8075          1448
      44.8085          1448
      44.8095          1448
      44.8115          1448
      44.8125          1448
      44.8155          1448
      44.8165          1448
      44.8185          1448
      44.8195          1448
      44.8225          1448
      44.8235          1448
      44.8264          1448
      44.8274          1448
      44.8288          1448
      44.8298          1448
      44.8328          1448
      44.8338          1448
      44.8368          1448
      44.8378          1448
      44.8408          1448
      44.8418          1448
      44.8468          1448
      44.8478          1448
      44.8508          1448
      44.8518          1448
      44.8528          1448
      44.8538          1448
      44.8558          1448
      44.8568          1448
      44.8597          1448
      44.8608          1448
      44.8627          1448
      44.8637          1448
      44.8667          1448
      44.8677          1448
      44.8707          1448
      44.8717          1448
       44.873          1448
       44.874          1448
       44.877          1448
       44.878          1448
       44.881          1448
       44.882          1448
       44.885          1448
       44.886          1448
       44.891          1448
       44.892          1448
       44.895          1448
       44.896          1448
       44.897          1448
       44.898          1448
         44.9          1448
       44.901          1448
       44.904          1448
       44.905          1448
       44.907          1448
       44.908          1448
       44.911          1448
       44.912          1448
       44.915          1448
       44.916          1448
      44.9173          1448
      44.9183          1448
      44.9213          1448
      44.9223          1448
      44.9253          1448
      44.9263          1448
      44.9293          1448
      44.9303          1448
      44.9353          1448
      44.9363          1448
      44.9393          1448
      44.9403          1448
      44.9413          1448
      44.9423          1448
      44.9433          1448
      44.9443          1448
      44.9453          1448
      44.9483          1448
      44.9493          1448
      44.9513          1448
      44.9523          1448
      44.9553          1448
      44.9563          1448
      44.9592          1448
      44.9602          1448
      44.9616          1448
      44.9626          1448
      44.9656          1448
      44.9666          1448
      44.9696          1448
      44.9706          1448
      44.9736          1448
      44.9746          1448
      44.9796          1448
      44.9806          1448
      44.9836          1448
      44.9846          1448
      44.9848           256
      48.0289          1448
      48.0298          1448
      48.0307          1448
      48.0317          1448
      48.0326          1448
      48.0335          1448
      48.0344          1448
      48.0353          1448
      48.0362          1448
      48.0371          1448
       48.038          1448
      48.0389          1448
      48.0398          1448
      48.0407          1448
      48.0416          1448
      48.0425          1448
      48.0434          1448
      48.0443          1448
      48.0452          1448
      48.0461          1448
       48.047          1448
       48.048          1448
      48.0489          1448
      48.0498          1448
      48.0507          1448
      48.0516          1448
      48.0525          1448
       48.074          1448
      48.0749          1448
      48.0758          1448
      48.0767          1448
      48.0776          1448
      48.0785          1448
      48.0794          1448
      48.0804          1448
      48.0813          1448
      48.0822          1448
      48.0831          1448
       48.084          1448
      48.0849          1448
      48.0858          1448
      48.0867          1448
      48.0876          1448
      48.0885          1448
      48.0894          1448
      48.0903          1448
      48.0912          1448
      48.0921          1448
       48.093          1448
      48.0939          1448
      48.0948          1448
      48.0957          1448
      48.0967          1448
      48.0976          1448
      48.0985          1448
      48.1182          1448
      48.1191          1448
        48.12          1448
      48.1209          1448
      48.1218          1448
      48.1227          1448
      48.1236          1448
      48.1245          1448
      48.1254          1448
      48.1263          1448
      48.1272          1448
      48.1281          1448
      48.1291          1448
        48.13          1448
      48.1309          1448
      48.1318          1448
      48.1327          1448
      48.1336          1448
      48.1345          1448
      48.1354          1448
      48.1363          1448
      48.1372          1448
      48.1381          1448
       48.139          1448
      48.1399          1448
      48.1408          1448
      48.1417          1448
      48.1426          1448
      48.1624          1448
      48.1633          1448
      48.1642          1448
      48.1651          1448
       48.166          1448
      48.1669          1448
      48.1678          1448
      48.1687          1448
      48.1696          1448
      48.1705          1448
      48.1714          1448
      48.1723          1448
      48.1732          1448
      48.1741          1448
       48.175          1448
      48.1759          1448
      48.1768          1448
      48.1778          1448
      48.1787          1448
      48.1796          1448
      48.1805          1448
      48.1814          1448
      48.1823          1448
      48.1832          1448
      48.1841          1448
       48.185          1448
      48.1859          1448
      48.1868          1448
      48.2065          1448
      48.2074          1448
      48.2083          1448
      48.2092          1448
      48.2102          1448
      48.2111          1448
       48.212          1448
      48.2129          1448
      48.2138          1448
      48.2147          1448
      48.2156          1448
      48.2165          1448
      48.2174          1448
      48.2183          1448
      48.2192          1448
      48.2201          1448
       48.221          1448
      48.2219          1448
      48.2228          1448
      48.2237          1448
      48.2246          1448
      48.2255          1448
      48.2265          1448
      48.2274          1448
      48.2283          1448
      48.2292          1448
      48.2301          1448
       48.231          1448
      48.2507          1448
      48.2516          1448
      48.2525          1448
      48.2534          1448
      48.2543          1448
      48.2552          1448
      48.2561          1448
       48.257          1448
      48.2579          1448
      48.2589          1448
      48.2598          1448
      48.2607          1448
      48.2616          1448
      48.2625          1448
      48.2634          1448
      48.2643          1448
      48.2652          1448
      48.2661          1448
       48.267          1448
      48.2679          1448
      48.2688          1448
      48.2697          1448
      48.2706          1448
      48.2715          1448
      48.2724          1448
      48.2733          1448
      48.2742          1448
      48.2752          1448
      48.2949          1448
      48.2958          1448
      48.2967          1448
      48.2976          1448
      48.2985          1448
      48.2994          1448
      48.3003          1448
      48.3012          1448
      48.3021          1448
       48.303          1448
      48.3039          1448
      48.3048          1448
      48.3057          1448
      48.3066          1448
      48.3076          1448
      48.3085          1448
      48.3094          1448
      48.3103          1448
      48.3112          1448
      48.3121          1448
       48.313          1448
      48.3139          1448
      48.3148          1448
      48.3157          1448
      48.3166          1448
      48.3175          1448
      48.3184          1448
      48.3193          1448
       48.339          1448
        48.34          1448
      48.3409          1448
      48.3418          1448
      48.3427          1448
      48.3436          1448
      48.3445          1448
      48.3454          1448
      48.3463          1448
      48.3472          1448
      48.3481          1448
       48.349          1448
      48.3499          1448
      48.3508          1448
      48.3517          1448
      48.3526          1448
      48.3535          1448
      48.3544          1448
      48.3553          1448
      48.3563          1448
      48.3572          1448
      48.3581          1448
       48.359          1448
      48.3599          1448
      48.3608          1448
      48.3617          1448
      48.3626          1448
      48.3635          1448
      48.3832          1448
      48.3841          1448
       48.385          1448
      48.3859          1448
      48.3868          1448
      48.3877          1448
      48.3887          1448
      48.3896          1448
      48.3905          1448
      48.3914          1448
      48.3923          1448
      48.3932          1448
      48.3941          1448
       48.395          1448
      48.3959          1448
      48.3968          1448
      48.3977          1448
      48.3986          1448
      48.3995          1448
      48.4004          1448
      48.4013          1448
      48.4022          1448
      48.4031          1448
       48.404          1448
      48.4049          1448
      48.4059          1448
      48.4068          1448
      48.4077          1448
      48.4274          1448
      48.4283          1448
      48.4292          1448
      48.4301          1448
       48.431          1448
      48.4319          1448
      48.4328          1448
      48.4337          1448
      48.4346          1448
      48.4355          1448
      48.4364          1448
      48.4374          1448
      48.4383          1448
      48.4392          1448
      48.4401          1448
       48.441          1448
      48.4419          1448
      48.4428          1448
      48.4437          1448
      48.4446          1448
      48.4455          1448
      48.4464          1448
      48.4473          1448
      48.4482          1448
      48.4491          1448
        48.45          1448
      48.4509          1448
      48.4518          1448
      48.4527          1448
      48.4716          1448
      48.4725          1448
      48.4734          1448
      48.4743          1448
      48.4752          1448
      48.4761          1448
       48.477          1448
      48.4779          1448
      48.4788          1448
      48.4797          1448
      48.4806          1448
      48.4815          1448
      48.4824          1448
      48.4833          1448
      48.4842          1448
      48.4851          1448
       48.486          1448
       48.487          1448
      48.4879          1448
      48.4888          1448
      48.4897          1448
      48.4906          1448
      48.4915          1448
      48.4924          1448
      48.4933          1448
      48.4942          1448
      48.4951          1448
       48.496          1448
      48.4969          1448
      48.4978          1448
      48.5166          1448
      48.5175          1448
      48.5185          1448
      48.5194          1448
      48.5203          1448
      48.5212          1448
      48.5221          1448
       48.523          1448
      48.5239          1448
      48.5248          1448
      48.5257          1448
      48.5266          1448
      48.5275          1448
      48.5284          1448
      48.5293          1448
      48.5302          1448
      48.5311          1448
       48.532          1448
      48.5329          1448
      48.5338          1448
      48.5347          1448
      48.5357          1448
      48.5366          1448
      48.5375          1448
      48.5384          1448
      48.5393          1448
      48.5402          1448
      48.5411          1448
       48.542          1448
      48.5429          1448
      48.5617          1448
      48.5626          1448
      48.5635          1448
      48.5644          1448
      48.5653          1448
      48.5662          1448
      48.5671          1448
      48.5681          1448
       48.569          1448
      48.5699          1448
      48.5708          1448
      48.5717          1448
      48.5726          1448
      48.5735          1448
      48.5744          1448
      48.5753          1448
      48.5762          1448
      48.5771          1448
       48.578          1448
      48.5789          1448
      48.5798          1448
      48.5807          1448
      48.5816          1448
      48.5825          1448
      48.5834          1448
      48.5844          1448
      48.5853          1448
      48.5862          1448
      48.5871          1448
       48.588          1448
      48.6068          1448
      48.6077          1448
      48.6086          1448
      48.6095          1448
      48.6104          1448
      48.6113          1448
      48.6122          1448
      48.6131          1448
       48.614          1448
      48.6149          1448
      48.6158          1448
      48.6168          1448
      48.6177          1448
      48.6186          1448
      48.6195          1448
      48.6204          1448
      48.6213          1448
      48.6222          1448
      48.6231          1448
       48.624          1448
      48.6249          1448
      48.6258          1448
      48.6267          1448
      48.6276          1448
      48.6285          1448
      48.6294          1448
      48.6303          1448
      48.6312          1448
      48.6321          1448
      48.6331          1448
      48.6519          1448
      48.6519            52
      48.6961          1448
       48.697          1448
      48.6979          1448
      48.6989          1448
      48.6998          1448
      48.7007          1448
      48.7016          1448
      48.7025          1448
      48.7034          1448
      48.7043          1448
      48.7052          1448
      48.7061          1448
       48.707          1448
      48.7079          1448
      48.7088          1448
      48.7097          1448
      48.7106          1448
      48.7115          1448
      48.7124          1448
      48.7133          1448
      48.7142          1448
      48.7152          1448
      48.7161          1448
       48.717          1448
      48.7179          1448
      48.7188          1448
      48.7197          1448
      48.7206          1448
      48.7215          1448
      48.7224          1448
      48.7412          1448
      48.7421          1448
       48.743          1448
      48.7439          1448
      48.7448          1448
      48.7457          1448
      48.7466          1448
      48.7476          1448
      48.7485          1448
      48.7494          1448
      48.7503          1448
      48.7512          1448
      48.7521          1448
       48.753          1448
      48.7539          1448
      48.7548          1448
      48.7557          1448
      48.7566          1448
      48.7575          1448
      48.7584          1448
      48.7593          1448
      48.7602          1448
      48.7611          1448
       48.762          1448
      48.7629          1448
      48.7639          1448
      48.7648          1448
      48.7657          1448
      48.7666          1448
      48.7675          1448
      48.7863          1448
      48.7872          1448
      48.7881          1448
       48.789          1448
      48.7899          1448
      48.7908          1448
      48.7917          1448
      48.7926          1448
      48.7935          1448
      48.7944          1448
      48.7953          1448
      48.7963          1448
      48.7972          1448
      48.7981          1448
       48.799          1448
      48.7999          1448
      48.8008          1448
      48.8017          1448
      48.8026          1448
      48.8035          1448
      48.8044          1448
      48.8053          1448
      48.8062          1448
      48.8071          1448
       48.808          1448
      48.8089          1448
      48.8098          1448
      48.8107          1448
      48.8116          1448
      48.8126          1448
      48.8135          1448
      48.8314          1448
      48.8323          1448
      48.8332          1448
      48.8341          1448
       48.835          1448
      48.8359          1448
      48.8368          1448
      48.8377          1448
      48.8386          1448
      48.8395          1448
      48.8404          1448
      48.8413          1448
      48.8422          1448
      48.8431          1448
       48.844          1448
       48.845          1448
      48.8459          1448
      48.8468          1448
      48.8477          1448
      48.8486          1448
      48.8495          1448
      48.8504          1448
      48.8513          1448
      48.8522          1448
      48.8531          1448
       48.854          1448
      48.8549          1448
      48.8558          1448
      48.8567          1448
      48.8576          1448
      48.8755          1448
      48.8764          1448
      48.8774          1448
      48.8783          1448
      48.8792          1448
      48.8801          1448
       48.881          1448
      48.8819          1448
      48.8828          1448
      48.8837          1448
      48.8846          1448
      48.8855          1448
      48.8864          1448
      48.8873          1448
      48.8882          1448
      48.8891          1448
        48.89          1448
      48.8909          1448
      48.8918          1448
      48.8927          1448
      48.8937          1448
      48.8946          1448
      48.8955          1448
      48.8964          1448
      48.8973          1448
      48.8982          1448
      48.8991          1448
         48.9          1448
      48.9009          1448
      48.9018          1448
      48.9197          1448
      48.9206          1448
      48.9215          1448
      48.9224          1448
      48.9233          1448
      48.9242          1448
      48.9251          1448
      48.9261          1448
       48.927          1448
      48.9279          1448
      48.9288          1448
      48.9297          1448
      48.9306          1448
      48.9315          1448
      48.9324          1448
      48.9333          1448
      48.9342          1448
      48.9351          1448
       48.936          1448
      48.9369          1448
      48.9378          1448
      48.9387          1448
      48.9396          1448
      48.9405          1448
      48.9414          1448
      48.9424          1448
      48.9433          1448
      48.9442          1448
      48.9451          1448
       48.946          1448
      48.9639          1448
      48.9648          1448
      48.9657          1448
      48.9666          1448
      48.9675          1448
      48.9684          1448
      48.9693          1448
      48.9702          1448
      48.9711          1448
       48.972          1448
      48.9729          1448
      48.9738          1448
      48.9748          1448
      48.9757          1448
      48.9766          1448
      48.9775          1448
      48.9784          1448
      48.9793          1448
      48.9802          1448
      48.9811          1448
       48.982          1448
      48.9829          1448
      48.9838          1448
      48.9847          1448
      48.9856          1448
      48.9865          1448
      48.9874          1448
      48.9883          1448
      48.9892          1448
      48.9901          1448
      49.0085          1448
      49.0098          1448
      49.0111          1448
      49.0124          1448
      49.0138          1448
      49.0151          1448
      49.0164          1448
      49.0177          1448
      49.0191          1448
      49.0204          1448
      49.0217          1448
       49.023          1448
      49.0243          1448
      49.0257          1448
       49.027          1448
      49.0283          1448
      49.0296          1448
       49.031          1448
      49.0323          1448
      49.0336          1448
      49.0349          1448
      49.0363          1448
      49.0376          1448
      49.0389          1448
      49.0402          1448
      49.0415          1448
      49.0429          1448
      49.0442          1448
      49.0455          1448
      49.0468          1448
      49.0531          1448
      49.0544          1448
      49.0557          1448
       49.057          1448
      49.0584          1448
      49.0597          1448
       49.061          1448
      49.0623          1448
      49.0636          1448
       49.065          1448
      49.0663          1448
      49.0676          1448
      49.0689          1448
      49.0703          1448
      49.0716          1448
      49.0729          1448
      49.0742          1448
      49.0756          1448
      49.0769          1448
      49.0782          1448
      49.0795          1448
      49.0808          1448
      49.0822          1448
      49.0835          1448
      49.0848          1448
      49.0861          1448
      49.0875          1448
      49.0888          1448
      49.0901          1448
      49.0914          1448
      49.0927          1448
      49.0977          1448
       49.099          1448
      49.1003          1448
      49.1016          1448
      49.1029          1448
      49.1043          1448
      49.1056          1448
      49.1069          1448
      49.1082          1448
      49.1096          1448
      49.1109          1448
      49.1122          1448
      49.1135          1448
      49.1148          1448
      49.1162          1448
      49.1175          1448
      49.1188          1448
      49.1201          1448
      49.1228          1448
      49.1254          1448
      49.1281          1448
      49.1307          1448
      49.1334          1448
       49.136          1448
      49.1387          1448
      49.1413          1448
      49.1439          1448
      49.1466          1448
      49.1492          1448
      49.1519          1448
      49.1545          1448
      49.1572          1448
      49.1598          1448
      49.1625          1448
      49.1651          1448
      49.1678          1448
      49.1704          1448
      49.1731          1448
      49.1757          1448
      49.1783          1448
       49.181          1448
      49.1836          1448
      49.1863          1448
      49.1889          1448
      49.1916          1448
      49.1942          1448
      49.1969          1448
      49.1995          1448
      49.2022          1448
      49.2048          1448
      49.2074          1448
      49.2101          1448
      49.2127          1448
      49.2154          1448
       49.218          1448
      49.2207          1448
      49.2233          1448
       49.226          1448
      49.2286          1448
      49.2313          1448
      49.3238         50680
      49.3265          1448
      49.3291          1448
      49.3318          1448
      49.3926         28960
      49.4363         21720
      49.4389          1448
      49.4402          1448
      49.4429          1448
      49.4455          1448
      49.4482          1448
      49.4535          1448
      49.4588          1448
      49.4614          1448
      49.4693          1448
       49.472          1448
      49.4746          1448
      49.4773          1448
      49.4799          1448
      49.4826          1448
      49.4839          1448
      49.4852          1448
      49.4865          1448
      49.4879          1448
      49.4905          1448
      49.4918          1448
      49.4985          1448
      49.4998          1448
       49.506          1448
      49.5073          1448
      49.5166          1448
      49.5179          1448
      49.5219          1448
      49.5232          1448
      49.5272          1448
      49.5285          1448
      49.5298          1448
      49.5311          1448
      49.5325          1448
      49.5338          1448
      49.5364          1448
      49.5377          1448
      49.5444          1448
      49.5457          1448
      49.5511           959
      52.5969          1448
       52.599          1448
       52.601          1448
      52.6031          1448
      52.6051          1448
      52.6072          1448
      52.6092          1448
      52.6113          1448
      52.6133          1448
      52.6154          1448
      52.6174          1448
      52.6195          1448
      52.6215          1448
      52.6236          1448
      52.6256          1448
      52.6277          1448
      52.6443          1448
      52.6453          1448
      52.6463          1448
      52.6494          1448
      52.6504          1448
      52.6535          1448
      52.6545          1448
      52.6576          1448
      52.6586          1448
      52.6617          1448
      52.6627          1448
      52.6658          1448
      52.6668          1448
      52.6699          1448
      52.6709          1448
       52.674          1448
      52.6761          1448
      52.6781          1448
      52.6896          1448
      52.6906          1448
      52.6947          1448
      52.6958          1448
      52.6988          1448
      52.6999          1448
      52.7029          1448
       52.704          1448
       52.707          1448
      52.7081          1448
      52.7111          1448
      52.7121          1448
      52.7152          1448
      52.7162          1448
      52.7193          1448
      52.7203          1448
      52.7234          1448
      52.7244          1448
      52.7349          1448
      52.7359          1448
        52.74          1448
      52.7411          1448
      52.7441          1448
      52.7452          1448
      52.7482          1448
      52.7493          1448
      52.7523          1448
      52.7534          1448
      52.7564          1448
      52.7575          1448
      52.7605          1448
      52.7616          1448
      52.7646          1448
      52.7657          1448
      52.7687          1448
      52.7698          1448
      52.7802          1448
      52.7813          1448
      52.7854          1448
      52.7864          1448
      52.7895          1448
      52.7905          1448
      52.7936          1448
      52.7946          1448
      52.7977          1448
      52.7987          1448
      52.8018          1448
      52.8028          1448
      52.8059          1448
      52.8069          1448
        52.81          1448
       52.811          1448
      52.8141          1448
      52.8151          1448
      52.8256          1448
      52.8266          1448
      52.8307          1448
      52.8317          1448
      52.8348          1448
      52.8358          1448
      52.8389          1448
      52.8399          1448
       52.843          1448
       52.844          1448
      52.8471          1448
      52.8481          1448
      52.8512          1448
      52.8522          1448
      52.8553          1448
      52.8563          1448
      52.8594          1448
      52.8604          1448
      52.8709          1448
      52.8719          1448
       52.876          1448
       52.877          1448
      52.8801          1448
      52.8811          1448
      52.8842          1448
      52.8852          1448
      52.8883          1448
      52.8893          1448
      52.8924          1448
      52.8934          1448
      52.8965          1448
      52.8975          1448
      52.9006          1448
      52.9016          1448
      52.9047          1448
      52.9057          1448
      52.9162          1448
      52.9172          1448
      52.9213          1448
      52.9223          1448
      52.9254          1448
      52.9264          1448
      52.9295          1448
      52.9305          1448
      52.9336          1448
      52.9346          1448
      52.9377          1448
      52.9387          1448
      52.9418          1448
      52.9428          1448
      52.9459          1448
      52.9469          1448
        52.95          1448
       52.951          1448
       52.952          1448
      52.9615          1448
      52.9625          1448
      52.9666          1448
      52.9676          1448
      52.9707          1448
      52.9717          1448
      52.9748          1448
      52.9758          1448
      52.9789          1448
      52.9799          1448
       52.983          1448
       52.984          1448
      52.9871          1448
      52.9881          1448
      52.9912          1448
      52.9922          1448
      52.9953          1448
      52.9963          1448
      53.0058          1448
      53.0068          1448
      53.0109          1448
      53.0119          1448
       53.015          1448
       53.016          1448
      53.0191          1448
      53.0201          1448
      53.0232          1448
      53.0242          1448
      53.0273          1448
      53.0283          1448
      53.0314          1448
      53.0324          1448
      53.0355          1448
      53.0365          1448
      53.0396          1448
      53.0406          1448
      53.0501          1448
       53.051          1448
      53.0551          1448
      53.0561          1448
      53.0592          1448
      53.0602          1448
      53.0633          1448
      53.0643          1448
      53.0674          1448
      53.0684          1448
      53.0715          1448
      53.0725          1448
      53.0756          1448
      53.0766          1448
      53.0797          1448
      53.0807          1448
      53.0838          1448
      53.0848          1448
      53.0943          1448
      53.0953          1448
      53.0994          1448
      53.1004          1448
      53.1035          1448
      53.1045          1448
      53.1076          1448
      53.1086          1448
      53.1117          1448
      53.1127          1448
      53.1158          1448
      53.1168          1448
      53.1199          1448
      53.1209          1448
       53.124          1448
       53.125          1448
      53.1281          1448
      53.1291          1448
      53.1386          1448
      53.1396          1448
      53.1437          1448
      53.1447          1448
      53.1478          1448
      53.1488          1448
      53.1519          1448
      53.1529          1448
       53.156          1448
       53.157          1448
      53.1601          1448
      53.1611          1448
      53.1642          1448
      53.1652          1448
      53.1683          1448
      53.1693          1448
      53.1724          1448
      53.1734          1448
      53.1828          1448
      53.1838          1448
      53.1879          1448
      53.1889          1448
       53.192          1448
       53.193          1448
      53.1961          1448
      53.1971          1448
      53.2002          1448
      53.2012          1448
      53.2043          1448
      53.2053          1448
      53.2084          1448
      53.2094          1448
      53.2125          1448
      53.2135          1448
      53.2166          1448
      53.2176          1448
      53.2271          1448
      53.2281          1448
      53.2322          1448
      53.2332          1448
      53.2363          1448
      53.2373          1448
      53.2404          1448
      53.2414          1448
      53.2445          1448
      53.2455          1448
      53.2486          1448
      53.2496          1448
      53.2527          1448
      53.2537          1448
      53.2568          1448
      53.2578          1448
      53.2609          1448
      53.2619          1448
      53.2714          1448
      53.2724          1448
      53.2765          1448
      53.2775          1448
      53.2806          1448
      53.2815          1448
      53.2847          1448
      53.2856          1448
      53.2888          1448
      53.2897          1448
      53.2928          1448
      53.2938          1448
      53.2969          1448
      53.2979          1448
       53.301          1448
       53.302          1448
       53.303          1448
      53.3051          1448
      53.3061          1448
      53.3156          1448
      53.3166          1448
      53.3207          1448
      53.3217          1448
      53.3248          1448
      53.3258          1448
      53.3289          1448
      53.3299          1448
       53.333          1448
       53.334          1448
      53.3371          1448
      53.3381          1448
      53.3412          1448
      53.3422          1448
      53.3453          1448
      53.3463          1448
      53.3473          1448
      53.3483          1448
      53.3504          1448
      53.3514          1448
      53.3609          1448
      53.3619          1448
       53.366          1448
       53.367          1448
      53.3701          1448
      53.3711          1448
      53.3742          1448
      53.3752          1448
      53.3783          1448
      53.3793          1448
      53.3824          1448
      53.3834          1448
      53.3865          1448
      53.3875          1448
      53.3906          1448
      53.3916          1448
      53.3926          1448
      53.3935          1448
      53.3957          1448
      53.3967          1448
      53.4061          1448
      53.4071          1448
      53.4112          1448
      53.4122          1448
      53.4153          1448
      53.4163          1448
      53.4194          1448
      53.4204          1448
      53.4235          1448
      53.4245          1448
      53.4276          1448
      53.4286          1448
      53.4317          1448
      53.4327          1448
      53.4358          1448
      53.4368          1448
      53.4378          1448
      53.4388          1448
      53.4409          1448
      53.4419          1448
      53.4514          1448
      53.4524          1448
      53.4565          1448
      53.4575          1448
      53.4606          1448
      53.4616          1448
      53.4647          1448
      53.4657          1448
      53.4688          1448
      53.4698          1448
      53.4729          1448
      53.4739          1448
       53.477          1448
       53.478          1448
      53.4811          1448
      53.4821          1448
      53.4831          1448
      53.4833           339
      56.5658          1448
      56.5806          1448
      56.6101          1448
      56.6397          1448
      57.0466          7240
      57.0715          4344
       58.244        114392
      58.3565          1448
      58.6834          1448
      58.7397          1448
      58.8111          1448
      58.8392          1448
      58.8674          1448
      58.9237          1448
      58.9518          1448
      59.0081          1448
       59.023          1448
      59.2466          7240
      59.2913          4344
      59.4404          2896
      59.4702          5792
       59.515          1448
      59.5299          1448
      59.5597          1448
      59.5895          1448
      59.6193          1448
       59.828          8688
      60.0069          5792
      60.0594          1448
      60.0687          1448
      60.0779          1448
      60.1212          1448
      60.1304          1448
      60.1397          1448
      60.1767          1448
      60.1859          1448
      60.1951          1448
      60.2044          1448
      60.2414          1448
      60.2506          1448
      60.2598          1448
      60.2691          1448
      60.3061          1448
      60.3153          1448
      60.3245          1448
      60.3338          1448
      60.3708          1448
        60.38          1448
      60.3892          1448
      60.3985          1448
      60.4355          1448
      60.4447          1448
      60.4539          1448
      60.4632          1448
      60.5002          1448
      60.5094          1448
      60.5186          1448
      60.5279          1448
      60.5619          1448
      60.5712          1448
      60.5804          1448
      60.5896          1448
      60.6237          1448
      60.6329          1448
      60.6422          1448
      60.6514          1448
      60.6606          1448
      60.6854          1448
      60.6947          1448
      60.7039          1448
      60.7131          1448
      60.7379          1448
      60.7472          1448
      60.7564          1448
      60.7657          1448
      60.7904          1448
      60.7997          1448
      60.8089          1448
      60.8182          1448
      60.8429          1448
      60.8522          1448
      60.8707          1448
      60.8892          1448
      60.8984          1448
      60.9076          1448
      60.9232          1448
      60.9324          1448
      60.9602          1448
      60.9694          1448
      60.9879          1448
      60.9971          1448
      61.0232          1448
      61.0309          1448
      61.0388          1448
      61.0464          1448
      61.0741          1448
      61.0818          1448
      61.0897          1448
      61.0973          1448
       61.125          1448
      61.1327          1448
      61.1406          1448
      61.1482          1448
      61.1759          1448
      61.1836          1448
      61.1915          1448
      61.1991          1448
      61.2328          1448
      61.2405          1448
      61.2481          1448
      61.2557          1448
      61.2939          1448
      61.3015          1448
      61.3091          1448
      61.3168          1448
      61.3549          1448
      61.3625          1448
      61.3702          1448
      61.3778          1448
      61.4159          1448
      61.4236          1448
      61.4312          1448
      61.4388          1448
       61.477          1448
      61.4846          1448
      61.4922          1448
      61.4999          1448
       61.538          1448
      61.5456          1448
      61.5609          1448
      61.5685          1448
       61.599          1448
      61.6067          1448
      61.6219          1448
      61.6296          1448
      61.6601          1448
      61.6677          1448
       61.683          1448
      61.6906          1448
      61.7211          1448
      61.7287          1448
       61.744          1448
      61.7516          1448
      61.7821          1448
      61.7898          1448
       61.805          1448
      61.8127          1448
      61.8432          1448
      61.8508          1448
      61.8661          1448
      61.8813          1448
      61.9042          1448
      61.9118          1448
      61.9271          1448
      61.9424          1448
      61.9652          1448
      61.9729          1448
      61.9881          1448
      62.0034          1448
      62.0295          1448
      62.0388          1448
      62.0572          1448
      62.0757          1448
      62.0942          1448
      62.1127          1448
      62.1312          1448
      62.1404          1448
      62.1497          1448
      62.1589          1448
      62.1959          1448
      62.2051          1448
      62.2144          1448
      62.2236          1448
      62.2513          1448
      62.2606          1448
      62.2698          1448
      62.2791          1448
      62.3068          1448
       62.316          1448
      62.3253          1448
      62.3345          1448
      62.3715          1448
      62.3807          1448
        62.39          1448
      62.3992          1448
      62.4362          1448
      62.4454          1448
      62.4639          1448
      62.4732          1448
      62.5009          1448
      62.5101          1448
      62.5379          1448
      62.5471          1448
      62.5748          1448
      62.5841          1448
      62.6118          1448
      62.6303          1448
      62.6488          1448
      62.6673          1448
      62.6858          1448
      62.7043          1448
      62.7227          1448
      62.7412          1448
      62.7597          1448
      62.7782          1448
      62.7967          1448
      62.8152          1448
      62.8337          1448
      62.8521          1448
      62.8706          1448
      62.8891          1448
      62.9076          1448
      62.9261          1448
      62.9446          1448
      62.9631          1448
      62.9815          1448
           63          1448
      63.0215          1448
      63.0458          1448
      63.0702          1448
      63.0946          1448
       63.119          1448
      63.1433          1448
      63.1677          1448
      63.2896         10136
      63.3328          1448
       63.345          1448
      63.3572          1448
      63.4005          1448
      63.4127          1448
      63.4249          1448
      63.4736          1448
      63.4858          1448
       63.498          1448
      63.5102          1448
      63.5467          1448
      63.5589          1448
      63.5711          1448
      63.5833          1448
       63.632          1448
      63.6442          1448
      63.6564          1448
       63.693          1448
      63.7173          1448
      63.7417          1448
      63.7661          1448
      63.7905          1448
      63.8148          1448
      63.8392          1448
      63.8636          1448
      63.8879          1448
       63.904          1448
      63.9162          1448
      63.9284          1448
      63.9434          1448
      63.9556          1448
      63.9921          1448
      64.0043          1448
      64.0323          1448
       64.064          1448
      64.0956          1448
      64.1272          1448
      64.1588          1448
      64.1904          1448
       64.396         10136
      64.4434          1448
      64.4592          1448
       64.475          1448
      64.5225          1448
      64.5383          1448
      64.5857          1448
      64.6015          1448
      64.6648          1448
      64.6806          1448
      64.7122          1448
      64.7438          1448
      64.7754          1448
       64.807          1448
      64.8387          1448
      64.8703          1448
      64.9019          1448
      64.9335          1448
      64.9652          1448
      64.9968          1448
      65.0282          1448
      65.0596          1448
      65.0909          1448
      65.1222          1448
      65.1536          1448
      65.3729         10136
      65.4199          1448
      65.4512          1448
      65.4669          1448
      65.5296          1448
      65.5452          1448
      65.6079          1448
      65.6236          1448
      65.6862          1448
      65.7019          1448
      65.7332          1448
      65.7646          1448
      65.7959          1448
      65.8272          1448
      65.8586          1448
      65.8899          1448
      65.9212          1448
      65.9526          1448
      65.9839          1448
      66.0152          1448
      66.0388          1448
      66.0624          1448
       66.086          1448
      66.2511         10136
      66.2864          1448
      66.3218          1448
      66.3336          1448
      66.3926          1448
      66.4044          1448
      66.4633          1448
      66.4751          1448
      66.5341          1448
      66.5459          1448
      66.5577          1448
      66.6048          1448
      66.6166          1448
      66.6402          1448
      66.6638          1448
      66.6874          1448
      66.7109          1448
      66.7345          1448
      66.7581          1448
      66.7817          1448
      66.8053          1448
      66.8289          1448
      66.8525          1448
       66.876          1448
      66.8996          1448
      66.9232          1448
      66.9468          1448
      66.9704          1448
       66.994          1448
       67.157         10136
      67.1919          1448
      67.2267          1448
      67.2383          1448
      67.2964          1448
      67.3081          1448
      67.3662          1448
      67.3778          1448
      67.4359          1448
      67.4475          1448
      67.4708          1448
      67.5056          1448
      67.5172          1448
      67.5405          1448
      67.5637          1448
       67.587          1448
      67.6102          1448
      67.6334          1448
      67.6567          1448
      67.6799          1448
      67.7032          1448
      67.7264          1448
      67.7497          1448
      67.7613          1448
      67.7729          1448
      67.7961          1448
      67.8157          1448
      67.8273          1448
      67.8389          1448
      67.8505          1448
      67.8854          1448
       67.897          1448
      67.9203          1448
      67.9319          1448
      67.9667          1448
      67.9784          1448
      67.9794            79
      68.0326          1448
      68.0426          1448
      68.0526          1448
      68.0825          1448
      68.1024          1448
      68.1223          1448
      68.1323          1448
      68.1622          1448
      68.1721          1448
       68.202          1448
       68.212          1448
      68.2419          1448
      68.2518          1448
      68.2817          1448
      68.2917          1448
      68.3216          1448
      68.3316          1448
      68.3614          1448
      68.3814          1448
      68.4013          1448
      68.4212          1448
      68.4412          1448
      68.4611          1448
       68.481          1448
      68.5009          1448
      68.5209          1448
      68.5408          1448
      68.5607          1448
      68.5806          1448
      68.6006          1448
      68.6205          1448
      68.6404          1448
      68.6603          1448
      68.6803          1448
      68.7002          1448
      68.7201          1448
      68.7401          1448
        68.76          1448
      68.7799          1448
      68.7998          1448
      68.8198          1448
      68.8397          1448
      68.8596          1448
      68.8795          1448
      68.8995          1448
      68.9194          1448
      68.9393          1448
      68.9593          1448
      68.9792          1448
      68.9991          1448
      69.0185          1448
      69.0375          1448
      69.0564          1448
      69.0753          1448
      69.0942          1448
      69.1131          1448
      69.1321          1448
       69.151          1448
      69.1699          1448
      69.1888          1448
      69.2078          1448
      69.2267          1448
      69.2456          1448
      69.2645          1448
      69.2835          1448
      69.3024          1448
      69.3213          1448
      69.3402          1448
      69.3591          1448
      69.3781          1448
       69.397          1448
      69.4159          1448
      69.4348          1448
      69.4538          1448
      69.4727          1448
      69.4916          1448
      69.5105          1448
      69.5294          1448
      69.5484          1448
      69.5673          1448
      69.5862          1448
      69.6051          1448
      69.6241          1448
       69.643          1448
      69.6619          1448
      69.6808          1448
      69.6998          1448
      69.7187          1448
      69.7376          1448
      69.7565          1448
      69.7754          1448
      69.7944          1448
      69.8133          1448
      69.8322          1448
      69.8511          1448
      69.8701          1448
       69.889          1448
      69.9079          1448
      69.9268          1448
      69.9458          1448
      69.9647          1448
      69.9836          1448
      70.0025          1448
      70.0207          1448
       70.038          1448
      70.0554          1448
      70.0728          1448
      70.0901          1448
      70.1075          1448
      70.1248          1448
      70.1422          1448
      70.1596          1448
      70.1769          1448
      70.1943          1448
      70.2117          1448
       70.229          1448
      70.2464          1448
      70.2638          1448
      70.2811          1448
      70.2985          1448
      70.3159          1448
      70.3332          1448
      70.3506          1448
      70.3679          1448
      70.3853          1448
      70.4027          1448
        70.42          1448
      70.4374          1448
      70.4548          1448
      70.4721          1448
      70.4895          1448
      70.5069          1448
      70.5242          1448
      70.5416          1448
       70.559          1448
      70.5763          1448
      70.5937          1448
      70.7006         11584
      70.7526          1448
      70.7613          1448
      70.7787          1448
      70.8221          1448
      70.8307          1448
      70.8394          1448
      70.8828          1448
      70.8915          1448
      70.9002          1448
      70.9262          1448
      70.9523          1448
       70.961          1448
       70.987          1448
      70.9957          1448
      71.0262          1448
      71.0392          1448
      71.0654          1448
      71.0916          1448
      71.1178          1448
       71.144          1448
      71.1701          1448
      71.1963          1448
      71.2225          1448
      71.2487          1448
      71.3927         10136
      71.4228          1448
       71.449          1448
      71.4621          1448
      71.5185          1448
      71.5447          1448
      71.5879          1448
      71.6141          1448
      71.6534          1448
      71.6665          1448
      71.7319          1448
       71.745          1448
      71.8104          1448
      71.8235          1448
      71.8366          1448
       71.889          1448
      71.9021          1448
      71.9282          1448
      71.9544          1448
      71.9806          1448
      72.0068          1448
       72.031          1448
      72.0534          1448
      72.0758          1448
      72.0981          1448
      72.1205          1448
      72.1428          1448
      72.1652          1448
      72.1875          1448
      72.1987          1448
      72.2099          1448
      72.2546          1448
      72.2658          1448
      72.2769          1448
      72.2881          1448
      72.3217          1448
      72.3328          1448
       72.344          1448
      72.3552          1448
      72.3887          1448
      72.3999          1448
      72.4111          1448
      72.4223          1448
      72.4558          1448
       72.467          1448
      72.4781          1448
      72.4893          1448
      72.5229          1448
       72.534          1448
      72.5452          1448
      72.5564          1448
      72.6011          1448
      72.6123          1448
      72.6235          1448
       72.657          1448
      72.6793          1448
      72.7017          1448
      72.7241          1448
      72.7464          1448
      72.7688          1448
      72.7911          1448
      72.8135          1448
      72.8358          1448
      72.8582          1448
      72.8805          1448
      72.9029          1448
      72.9253          1448
      72.9476          1448
        72.97          1448
      72.9923          1448
      73.0147          1448
      73.0381          1448
      73.0615          1448
      73.0849          1448
      73.1083          1448
      73.1317          1448
      73.1551          1448
      73.1785          1448
      73.2019          1448
      73.2253          1448
      73.2487          1448
      73.2721          1448
      73.2955          1448
      73.3189          1448
      73.3423          1448
      73.3657          1448
      73.3891          1448
      73.4125          1448
      73.4359          1448
      73.4593          1448
      73.4827          1448
      73.5061          1448
      73.5295          1448
      73.5529          1448
      73.5763          1448
      73.5997          1448
      73.6231          1448
      73.6465          1448
      73.6699          1448
      73.6933          1448
      73.7167          1448
      73.7401          1448
      73.7635          1448
      73.7869          1448
      73.8103          1448
      73.8337          1448
      73.8571          1448
      73.8805          1448
      73.9039          1448
      73.9273          1448
      73.9507          1448
      73.9741          1448
      73.9975          1448
      74.0194          1448
      74.0399          1448
      74.0706          1448
      74.0808          1448
      74.1115          1448
      74.1218          1448
      74.1525          1448
      74.1627          1448
      74.1934          1448
      74.2037          1448
      74.2209          1448
      74.2311          1448
      74.2572          1448
      74.2674          1448
      74.2981          1448
      74.3083          1448
       74.339          1448
      74.3493          1448
        74.38          1448
      74.3902          1448
      74.4209          1448
      74.4312          1448
      74.4619          1448
      74.4721          1448
      74.5028          1448
       74.513          1448
      74.5335          1448
       74.554          1448
      74.5744          1448
      74.5949          1448
      74.6051          1448
      74.6359          1448
      74.6461          1448
      74.6768          1448
       74.687          1448
      74.7177          1448
       74.728          1448
      74.7587          1448
      74.7689          1448
      74.7996          1448
      74.8098          1448
      74.8406          1448
      74.8508          1448
      74.8815          1448
      74.8917          1448
      74.9224          1448
      74.9327          1448
      75.0866         11584
      75.1388          1448
      75.1478          1448
      75.1568          1448
      75.2018          1448
      75.2108          1448
      75.2631          1448
      75.2721          1448
      75.3261          1448
      75.3351          1448
      75.3441          1448
      75.3891          1448
      75.3981          1448
      75.4071          1448
      75.4341          1448
      75.4611          1448
      75.4701          1448
      75.4971          1448
      75.5061          1448
      75.5331          1448
      75.5421          1448
      75.5601          1448
      75.5781          1448
      75.5961          1448
      75.6141          1448
      75.6321          1448
      75.6501          1448
      75.6681          1448
      75.6861          1448
      75.7041          1448
      75.7221          1448
      75.7401          1448
      75.7581          1448
      75.7761          1448
      75.7941          1448
      75.8121          1448
      75.8301          1448
      75.8481          1448
      75.8661          1448
      75.8751          1448
      75.8841          1448
      75.8932          1448
      75.9112          1448
      75.9382          1448
      75.9472          1448
      75.9562          1448
      75.9652          1448
      75.9742          1448
      76.0012          1448
      76.0102          1448
      76.0198          1448
      76.0294          1448
       76.039          1448
      76.0679          1448
      76.0871          1448
      76.0967          1448
      76.1064          1448
      76.1352          1448
      76.1545          1448
      76.1737          1448
      76.1833          1448
      76.3469         11584
       76.395          1448
      76.4046          1448
      76.4142          1448
      76.4623          1448
      76.4719          1448
        76.52          1448
      76.5297          1448
      76.5778          1448
      76.5874          1448
       76.597          1448
      76.6451          1448
      76.6547          1448
      76.6644          1448
      76.6932          1448
      76.7221          1448
      76.7317          1448
      76.7606          1448
      76.7702          1448
       76.799          1448
      76.8087          1448
      76.8279          1448
      76.8471          1448
      76.8664          1448
      76.8856          1448
      76.9049          1448
      76.9241          1448
      76.9433          1448
       76.953          1448
      76.9626          1448
      76.9818          1448
      76.9915          1448
      77.0198          1448
       77.029          1448
      77.0381          1448
      77.0473          1448
      77.0723          1448
      77.0814          1448
      77.0906          1448
      77.0997          1448
      77.1392          1448
      77.1484          1448
      77.1575          1448
      77.1667          1448
      77.1758          1448
      77.2033          1448
      77.2216          1448
      77.2308          1448
      77.2399          1448
      77.2674          1448
      77.2857          1448
       77.304          1448
      77.3131          1448
      77.4687         11584
      77.5145          1448
      77.5236          1448
      77.5328          1448
      77.5785          1448
      77.5877          1448
      77.6334          1448
      77.6426          1448
      77.6883          1448
      77.6975          1448
      77.7066          1448
      77.7524          1448
      77.7615          1448
      77.7799          1448
      77.7982          1448
      77.8256          1448
      77.8348          1448
      77.8622          1448
      77.8714          1448
      77.8988          1448
       77.908          1448
      77.9354          1448
      77.9446          1448
      77.9629          1448
      77.9812          1448
      77.9995          1448
      78.0174          1448
      78.0351          1448
      78.0439          1448
      78.0527          1448
      78.0703          1448
      78.0791          1448
      78.1055          1448
      78.1144          1448
      78.1232          1448
       78.132          1448
      78.1672          1448
       78.176          1448
      78.1848          1448
      78.1936          1448
      78.2289          1448
      78.2377          1448
      78.2553          1448
      78.2641          1448
      78.2905          1448
      78.2994          1448
      78.3258          1448
      78.3346          1448
       78.361          1448
      78.3698          1448
      78.3963          1448
      78.5372         11584
      78.5724          1448
      78.5989          1448
      78.6077          1448
      78.6517          1448
      78.6605          1448
      78.6693          1448
      78.7134          1448
      78.7222          1448
       78.731          1448
      78.7574          1448
      78.7839          1448
      78.7927          1448
      78.8191          1448
      78.8279          1448
      78.8543          1448
      78.8632          1448
      78.8896          1448
      78.8984          1448
      78.9248          1448
      78.9336          1448
      78.9601          1448
      78.9689          1448
      78.9953          1448
      79.0041          1448
      79.0213          1448
      79.0382          1448
       79.055          1448
      79.0719          1448
      79.0803          1448
      79.0899          1448
      79.0983          1448
       79.132          1448
      79.1404          1448
      79.1488          1448
      79.1572          1448
      79.1836          1448
      79.1921          1448
      79.2005          1448
      79.2089          1448
      79.2353          1448
      79.2438          1448
      79.2522          1448
      79.2606          1448
      79.2954          1448
      79.3039          1448
      79.3123          1448
      79.3207          1448
      79.3628          1448
      79.3712          1448
      79.3796          1448
      79.3881          1448
      79.3965          1448
      79.4302          1448
      79.4386          1448
      79.4554          1448
      79.4639          1448
      79.4723          1448
      79.4975          1448
       79.506          1448
      79.5312          1448
      79.5415           270
      79.5931          1448
      79.6016          1448
      79.6184          1448
      79.6352          1448
      79.6521          1448
      79.6689          1448
      79.6858          1448
      79.7026          1448
      79.8373         11584
       79.889          1448
      79.8974          1448
      79.9143          1448
      79.9648          1448
      79.9732          1448
      80.0494          1448
      80.0664          1448
      80.1345          1448
      80.1515          1448
      80.1855          1448
      80.2196          1448
      80.2536          1448
      80.2877          1448
      80.3217          1448
      80.3557          1448
      80.3898          1448
      80.4068          1448
      80.4238          1448
      80.4408          1448
      80.4749          1448
      80.4919          1448
      80.5089          1448
      80.5259          1448
        80.56          1448
       80.577          1448
       80.594          1448
       80.611          1448
      80.6451          1448
      80.6621          1448
      80.6791          1448
      80.6961          1448
      80.7302          1448
      80.7472          1448
      80.7642          1448
      80.9514         10136
      81.4924          5792
      81.6526          1448
      81.6926          1448
      81.7727          1448
      81.8528          1448
      81.9329          1448
       81.973          1448
       82.013          1448
      82.0548          1448
      82.0757          1448
      82.0966          1448
      82.1175          1448
      82.1593          1448
      82.1802          1448
      82.2011          1448
       82.222          1448
      82.2847          1448
      82.3265          1448
      82.3474          1448
      82.6191          5792
      82.6609          5792
      82.7236          1448
      82.7654          1448
      82.7862          1448
      82.8698          1448
      82.8907          1448
      82.9743          1448
      82.9952          1448
      83.0562          1448
      83.1363          1448
      83.2164          1448
      83.6169          4344
      83.7836          1448
      83.8669          5792
       83.907          1448
      84.0271          1448
      84.0352          1448
      84.0785          1448
      84.0866          1448
      84.1298          1448
      84.1379          1448
      84.1812          1448
      84.1893          1448
      84.2325          1448
      84.2406          1448
      84.2487          1448
      84.2891          1448
      84.2972          1448
      84.3053          1448
      84.3134          1448
      84.3538          1448
      84.3619          1448
        84.37          1448
      84.3781          1448
      84.4185          1448
      84.4266          1448
      84.4347          1448
      84.4428          1448
      84.4832          1448
      84.4913          1448
      84.4994          1448
      84.5075          1448
      84.5479          1448
       84.556          1448
      84.5641          1448
      84.5721          1448
      84.6126          1448
      84.6207          1448
      84.6288          1448
      84.6368          1448
      84.6773          1448
      84.6854          1448
      84.6934          1448
      84.7015          1448
       84.742          1448
        84.75          1448
      84.7581          1448
      84.7662          1448
      84.8066          1448
      84.8147          1448
      84.8228          1448
      84.8309          1448
      84.8713          1448
      84.8794          1448
      84.8875          1448
      84.8956          1448
       84.936          1448
      84.9441          1448
      84.9522          1448
      84.9603          1448
      85.0007          1448
      85.0088          1448
      85.0176          1448
      85.0265          1448
      85.0706          1448
      85.0795          1448
      85.0883          1448
      85.0972          1448
      85.1413          1448
      85.1502          1448
       85.159          1448
      85.1678          1448
       85.212          1448
      85.2208          1448
      85.2297          1448
      85.2385          1448
      85.2827          1448
      85.2915          1448
      85.3004          1448
      85.3092          1448
      85.3534          1448
      85.3622          1448
       85.371          1448
      85.3799          1448
      85.4241          1448
      85.4329          1448
      85.4417          1448
      85.4506          1448
      85.4947          1448
      85.5036          1448
      85.5124          1448
      85.5212          1448
      85.5654          1448
      85.5743          1448
      85.5831          1448
      85.5919          1448
      85.6361          1448
      85.6449          1448
      85.6538          1448
      85.6626          1448
      85.7068          1448
      85.7156          1448
      85.7245          1448
      85.7333          1448
      85.7775          1448
      85.7863          1448
      85.7951          1448
       85.804          1448
      85.8384          1448
      85.8472          1448
      85.8561          1448
      85.8649          1448
      85.9091          1448
      85.9179          1448
      85.9268          1448
      85.9356          1448
      85.9798          1448
      85.9886          1448
      85.9974          1448
      86.0063          1448
      86.0602          1448
      86.0714          1448
      86.0827          1448
      86.1165          1448
       86.139          1448
      86.1615          1448
       86.184          1448
      86.2066          1448
      86.2291          1448
      86.2516          1448
      86.2741          1448
      86.2967          1448
      86.3192          1448
      86.3417          1448
      86.3642          1448
      86.3867          1448
      86.4093          1448
      86.4318          1448
      86.4543          1448
      86.4768          1448
      86.4994          1448
      86.5219          1448
      86.5444          1448
      86.5669          1448
      86.5894          1448
       86.612          1448
      86.6345          1448
       86.657          1448
      86.6795          1448
      86.7021          1448
      86.7246          1448
      86.7471          1448
      86.7696          1448
      86.7922          1448
      86.8147          1448
      86.8372          1448
      86.8597          1448
      86.8822          1448
      86.9048          1448
      86.9273          1448
      86.9498          1448
      86.9723          1448
      86.9949          1448
      87.0174          1448
      87.0371          1448
      87.0568          1448
      87.0765          1448
      87.0962          1448
       87.116          1448
      87.1357          1448
      87.1554          1448
      87.1751          1448
      87.1948          1448
      87.2145          1448
      87.2342          1448
       87.254          1448
      87.2737          1448
      87.2934          1448
      87.3131          1448
      87.3328          1448
      87.3525          1448
      87.3722          1448
       87.392          1448
      87.4117          1448
      87.4314          1448
      87.5694         11584
      87.6127          1448
      87.6225          1448
      87.6324          1448
      87.6756          1448
      87.6855          1448
      87.6954          1448
      87.7446          1448
      87.7545          1448
      87.7644          1448
      87.7742          1448
      87.8235          1448
      87.8334          1448
      87.8432          1448
      87.8531          1448
      87.9024          1448
      87.9122          1448
      87.9221          1448
      87.9319          1448
      87.9812          1448
      87.9911          1448
      88.0009          1448
      88.0108          1448
      88.0527          1448
      88.0611          1448
      88.0778          1448
      88.0862          1448
      88.1113          1448
      88.1281          1448
      88.1449          1448
      88.1532          1448
      88.1784          1448
      88.1951          1448
      88.2119          1448
      88.2203          1448
      88.2454          1448
      88.2622          1448
      88.2789          1448
      88.2873          1448
      88.3125          1448
      88.3292          1448
       88.346          1448
      88.3543          1448
      88.3795          1448
      88.3962          1448
       88.413          1448
      88.4298          1448
      88.4465          1448
      88.4633          1448
        88.48          1448
      88.6141         11584
       88.649          1448
      88.6658          1448
      88.6741          1448
      88.7174          1448
      88.7258          1448
       88.769          1448
      88.7774          1448
      88.8207          1448
      88.8291          1448
      88.8375          1448
      88.8723          1448
      88.8807          1448
      88.8891          1448
      88.8975          1448
      88.9394          1448
      88.9478          1448
      88.9561          1448
      88.9645          1448
      89.0064          1448
      89.0148          1448
       89.028          1448
      89.0413          1448
      89.0944          1448
      89.1076          1448
      89.1342          1448
      89.1607          1448
      89.1872          1448
      89.3729         10136
      89.4127          1448
      89.4294          1448
      89.4427          1448
      89.4957          1448
       89.509          1448
      89.5523          1448
      89.5655          1448
      89.6088          1448
       89.622          1448
      89.6653          1448
      89.6786          1448
      89.7218          1448
      89.7351          1448
      89.7484          1448
      89.8014          1448
      89.8147          1448
      89.8279          1448
      89.8677          1448
      89.8943          1448
      89.9208          1448
      89.9473          1448
      89.9738          1448
      90.0004          1448
      90.0231          1448
       90.042          1448
      90.0609          1448
      90.0893          1448
      90.0988          1448
      90.1272          1448
      90.1366          1448
       90.165          1448
      90.1745          1448
      90.2028          1448
      90.2123          1448
      90.2407          1448
      90.2502          1448
      90.2785          1448
       90.288          1448
      90.3164          1448
      90.3258          1448
      90.3542          1448
      90.3637          1448
      90.3921          1448
      90.4015          1448
      90.4179          1448
      90.4274          1448
      90.4543          1448
      90.4637          1448
      90.4921          1448
      90.5016          1448
        90.53          1448
      90.5394          1448
      90.5678          1448
      90.5773          1448
      90.6056          1448
      90.6151          1448
      90.6351           115
      90.7057          1448
      90.7151          1448
      90.7435          1448
       90.753          1448
      90.7814          1448
      90.7908          1448
      90.8192          1448
      90.8287          1448
      90.8571          1448
      90.8665          1448
      90.8949          1448
      90.9044          1448
      90.9328          1448
      90.9422          1448
      90.9706          1448
      90.9801          1448
      91.0084          1448
      91.0195          1448
      91.0528          1448
      91.0639          1448
      91.0971          1448
      91.1193          1448
      91.1415          1448
      91.1636          1448
      91.1858          1448
       91.208          1448
      91.2301          1448
      91.2523          1448
      91.2745          1448
      91.2967          1448
      91.3188          1448
       91.341          1448
      91.3632          1448
      91.3853          1448
      91.4075          1448
      91.4297          1448
      91.4518          1448
       91.474          1448
      91.4962          1448
      91.5184          1448
      91.5405          1448
      91.5627          1448
      91.5849          1448
       91.607          1448
      91.6292          1448
      91.6514          1448
      91.6735          1448
      91.6957          1448
      91.7179          1448
        91.74          1448
      91.7622          1448
      91.7844          1448
      91.8066          1448
      91.8287          1448
      91.8509          1448
      91.8731          1448
      91.8952          1448
      91.9174          1448
      91.9396          1448
      91.9617          1448
      91.9839          1448
      92.0061          1448
      92.0366          1448
      92.0755          1448
      92.1144          1448
      92.1533          1448
      92.1922          1448
       92.231          1448
      92.2699          1448
      92.3088          1448
      92.3477          1448
      92.3866          1448
      92.4255          1448
      92.4644          1448
      92.5033          1448
      92.5421          1448
       92.581          1448
      92.8532         10136
      92.8921          1448
       92.931          1448
      92.9505          1448
      93.0088          1448
      93.0182          1448
      93.0615          1448
      93.0709          1448
      93.1142          1448
      93.1236          1448
       93.133          1448
      93.1707          1448
      93.1801          1448
      93.1896          1448
       93.199          1448
      93.2461          1448
      93.2555          1448
       93.265          1448
      93.2744          1448
      93.3215          1448
      93.3309          1448
      93.3403          1448
      93.3498          1448
      93.3969          1448
      93.4063          1448
      93.4157          1448
      93.4252          1448
      93.4723          1448
      93.4817          1448
      93.4911          1448
      93.5006          1448
      93.5288          1448
      93.5477          1448
      93.5665          1448
      93.5854          1448
      93.6042          1448
      93.6231          1448
      93.6419          1448
      93.6608          1448
      93.6796          1448
      93.6985          1448
      93.7173          1448
      93.7362          1448
       93.755          1448
      93.7739          1448
      93.7927          1448
      93.8116          1448
      93.8304          1448
      93.8493          1448
      93.8681          1448
       93.887          1448
      93.9058          1448
      93.9247          1448
      93.9435          1448
      93.9624          1448
      93.9812          1448
           94          1448
       94.026          1448
      94.0591          1448
      94.0921          1448
      94.1252          1448
      94.1582          1448
      94.3896         10136
      94.4227          1448
      94.4557          1448
      94.4723          1448
      94.5218          1448
      94.5384          1448
       94.588          1448
      94.6045          1448
      94.6541          1448
      94.6706          1448
      94.6871          1448
      94.7367          1448
      94.7698          1448
      94.8028          1448
      94.8359          1448
      94.8689          1448
       94.902          1448
      94.9351          1448
      94.9681          1448
      95.0012          1448
      95.0289          1448
      95.0513          1448
      95.0736          1448
       95.096          1448
      95.1184          1448
      95.1408          1448
      95.2974         10136
      95.3295          1448
       95.363          1448
      95.3742          1448
      95.4287          1448
      95.4399          1448
      95.4958          1448
       95.507          1448
      95.5629          1448
      95.5741          1448
      95.5853          1448
      95.6301          1448
      95.6413          1448
      95.6636          1448
       95.686          1448
      95.7084          1448
      95.7308          1448
      95.7531          1448
      95.7755          1448
      95.7979          1448
      95.8203          1448
      95.8426          1448
       95.865          1448
      95.8874          1448
       95.904          1448
      95.9195          1448
      95.9307          1448
      95.9419          1448
      95.9754          1448
      95.9866          1448
       96.009          1448
      96.0322          1448
      96.0554          1448
      96.0786          1448
      96.1019          1448
      96.1251          1448
      96.1483          1448
      96.2992         10136
      96.3193          1448
      96.3541          1448
      96.3657          1448
       96.409          1448
      96.4206          1448
      96.4322          1448
       96.467          1448
      96.4786          1448
      96.4903          1448
      96.5019          1448
      96.5483          1448
      96.5599          1448
      96.5715          1448
      96.6064          1448
      96.6296          1448
      96.6528          1448
       96.676          1448
      96.6992          1448
      96.7224          1448
      96.7457          1448
      96.7689          1448
      96.7921          1448
      96.8153          1448
      96.8385          1448
      96.8618          1448
       96.885          1448
      96.9082          1448
      96.9314          1448
      96.9546          1448
      96.9779          1448
      97.0011          1448
      97.0254          1448
      97.1773         10136
      97.2279          1448
      97.2406          1448
      97.2533          1448
      97.2965          1448
      97.3092          1448
      97.3525          1448
      97.3651          1448
      97.4158          1448
      97.4284          1448
      97.4917          1448
      97.5044          1448
      97.5171          1448
      97.5677          1448
      97.5804          1448
      97.6057          1448
       97.631          1448
      97.6563          1448
      97.6817          1448
       97.707          1448
      97.7323          1448
      97.7576          1448
       97.783          1448
      97.8083          1448
      97.8336          1448
      97.8589          1448
      97.8843          1448
      98.0465         10136
      98.1016          1448
      98.1134          1448
      98.1253          1448
      98.1686          1448
      98.1804          1448
      98.2237          1448
      98.2356          1448
      98.2788          1448
      98.2907          1448
      98.3381          1448
        98.35          1448
      98.3619          1448
      98.4093          1448
      98.4212          1448
      98.4449          1448
      98.4686          1448
      98.4923          1448
      98.5161          1448
      98.5398          1448
      98.5635          1448
      98.5872          1448
       98.611          1448
      98.6347          1448
      98.6584          1448
      98.6821          1448
      98.7059          1448
      98.7296          1448
      98.7533          1448
       98.777          1448
      98.8007          1448
       98.955         10136
      99.0101          1448
      99.0225          1448
       99.035          1448
      99.0783          1448
      99.0907          1448
       99.134          1448
      99.1465          1448
      99.1897          1448
      99.2022          1448
      99.2521          1448
      99.2645          1448
       99.277          1448
      99.3269          1448
      99.3393          1448
      99.3642          1448
      99.3892          1448
      99.4141          1448
       99.439          1448
       99.464          1448
      99.4889          1448
      99.5138          1448
      99.5388          1448
      99.5637          1448
      99.5886          1448
      99.6135          1448
        99.63          1448
      99.6424          1448
      99.6549          1448
      99.6674          1448
      99.7048          1448
      99.7172          1448
      99.7422          1448
      99.7671          1448
       99.792          1448
      99.8169          1448
      99.8419          1448
      99.8668          1448
      99.8917          1448
      100.031          4641
      100.085          1448
      100.096          1448
      100.106          1448
       100.15          1448
       100.16          1448
      100.204          1448
      100.214          1448
      100.258          1448
      100.268          1448
      100.322          1448
      100.333          1448
      100.343          1448
      100.397          1448
      100.407          1448
      100.418          1448
      100.429          1448
      100.482          1448
      100.493          1448
      100.503          1448
      100.514          1448
      100.567          1448
      100.578          1448
      100.589          1448
      100.599          1448
      100.653          1448
      100.663          1448
      100.685          1448
      100.706          1448
      100.727          1448
      100.749          1448
       100.77          1448
      100.791          1448
      100.813          1448
      100.834          1448
      100.855          1448
      100.876          1448
      100.898          1448
      100.919          1448
       100.94          1448
      100.962          1448
      100.983          1448
      101.004          1448
      101.024          1448
      101.041          1448
      101.058          1448
      101.075          1448
      101.092          1448
      101.109          1448
      101.126          1448
      101.143          1448
       101.16          1448
      101.177          1448
      101.195          1448
      101.212          1448
      101.229          1448
      101.246          1448
      101.263          1448
       101.28          1448
      101.297          1448
      101.314          1448
      101.331          1448
      101.348          1448
      101.365          1448
      101.383          1448
        101.4          1448
      101.417          1448
      101.434          1448
      101.451          1448
      101.468          1448
      101.485          1448
      101.502          1448
      101.519          1448
      101.536          1448
      101.554          1448
      101.571          1448
      101.588          1448
      101.605          1448
      101.622          1448
      101.639          1448
      101.656          1448
      101.673          1448
       101.69          1448
      101.707          1448
      101.724          1448
      101.742          1448
      101.759          1448
      101.776          1448
      101.793          1448
       101.81          1448
      101.827          1448
      101.844          1448
      101.861          1448
      101.878          1448
      101.895          1448
      101.912          1448
       101.93          1448
      101.947          1448
      101.964          1448
      101.981          1448
      101.998          1448
      102.015          1448
      102.042          1448
      102.068          1448
      102.095          1448
      102.122          1448
      102.309         10136
      102.349          1448
      102.365          1448
      102.379          1448
      102.432          1448
      102.445          1448
      102.489          1448
      102.502          1448
      102.545          1448
      102.559          1448
      102.615          1448
      102.629          1448
      102.642          1448
      102.695          1448
      102.709          1448
      102.735          1448
      102.762          1448
      102.789          1448
      102.816          1448
      102.838          1448
      102.851          1448
      102.872          1448
      102.886          1448
      102.926          1448
      102.939          1448
      102.966          1448
      102.992          1448
      103.019          1448
      103.211         10136
      103.266          1448
       103.28          1448
      103.294          1448
      103.349          1448
      103.362          1448
      103.406          1448
      103.419          1448
      103.463          1448
      103.476          1448
       103.49          1448
      103.545          1448
      103.559          1448
      103.572          1448
      103.614          1448
      103.641          1448
      103.669          1448
      103.696          1448
      103.724          1448
      103.751          1448
      103.778          1448
      103.806          1448
      103.833          1448
      103.861          1448
      103.888          1448
      103.916          1448
      103.943          1448
      104.292          7240
      104.579          5792
      104.662          1448
      104.703          1448
      104.743          1448
      104.863          1448
      104.943          1448
      105.023          1448
      105.058          1448
      105.093          1448
      105.128          1448
      105.146          1448
      105.198          1448
      105.233          1448
      105.268          1448
      105.286          1448
      105.496          7240
      105.759          5792
      105.846          1448
      105.864          1448
      105.899          1448
      105.951          1448
      105.969          1448
      106.033          1448
      106.044          1448
      106.067          1448
      106.101          1448
      106.112          1448
      106.135          1448
      106.157          1448
       106.18          1448
      106.203          1448
      106.225          1448
      106.248          1448
      106.271          1448
      106.293          1448
      106.316          1448
      106.339          1448
      106.361          1448
      106.384          1448
      106.407          1448
      106.429          1448
      106.452          1448
      106.475          1448
      106.497          1448
       106.52          1448
      106.679         10136
      106.713          1448
      106.747          1448
      106.758          1448
      106.815          1448
      106.826          1448
      106.838          1448
      106.883          1448
      106.894          1448
      106.917          1448
       106.94          1448
      106.962          1448
      106.985          1448
      107.008          1448
       107.03          1448
      107.053          1448
      107.075          1448
      107.098          1448
       107.12          1448
      107.143          1448
      107.165          1448
      107.188          1448
       107.21          1448
      107.233          1448
      107.255          1448
      107.278          1448
        107.3          1448
      107.323          1448
      107.338          1448
      107.349          1448
       107.36          1448
      107.372          1448
      107.405          1448
      107.417          1448
      107.439          1448
      107.462          1448
      107.484          1448
      107.507          1448
      107.529          1448
      107.552          1448
      107.574          1448
      107.732         10136
      107.766          1448
      107.799          1448
      107.811          1448
      107.867          1448
      107.878          1448
      107.935          1448
      107.946          1448
      108.002          1448
      108.013          1448
      108.025          1448
      108.072          1448
      108.084          1448
      108.108          1448
      108.131          1448
      108.155          1448
      108.179          1448
      108.202          1448
      108.226          1448
      108.249          1448
      108.273          1448
      108.296          1448
       108.32          1448
      108.344          1448
      108.367          1448
      108.391          1448
      108.414          1448
      108.438          1448
      108.462          1448
      108.627         10136
      108.658          1448
      108.682          1448
      108.693          1448
      108.737          1448
      108.749          1448
      108.792          1448
      108.804          1448
      108.847          1448
      108.859          1448
      108.902          1448
      108.914          1448
      108.925          1448
      108.973          1448
      108.984          1448
      108.996          1448
      109.053          1448
      109.098          1448
      109.143          1448
      109.188          1448
       109.43          6866
       109.52          1448
      109.542          1448
      109.587          1448
      109.632          1448
      109.677          1448
      109.722          1448
      109.768          1448
      109.813          1448
      109.858          1448
      109.903          1448
      109.948          1448
      109.993          1448
      110.035          1448
      110.075          1448
      110.094          1448
      110.154          1448
      110.174          1448
      110.233          1448
      110.253          1448
      110.312          1448
      110.332          1448
      110.392          1448
      110.412          1448
      110.471          1448
      110.491          1448
       110.55          1448
       110.57          1448
       110.63          1448
       110.65          1448
      110.709          1448
      110.729          1448
      110.788          1448
      110.808          1448
      110.868          1448
      110.887          1448
      110.947          1448
      110.967          1448
      111.026          1448
      111.036          1448
      111.079          1448
      111.088          1448
      111.132          1448
      111.141          1448
      111.184          1448
      111.194          1448
      111.237          1448
      111.247          1448
       111.29          1448
      111.299          1448
      111.343          1448
      111.352          1448
      111.395          1448
      111.405          1448
      111.448          1448
      111.458          1448
      111.501          1448
       111.51          1448
      111.554          1448
      111.563          1448
      111.606          1448
      111.616          1448
      111.659          1448
      111.668          1448
      111.712          1448
      111.721          1448
      111.764          1448
      111.774          1448
      111.817          1448
      111.827          1448
       111.87          1448
      111.879          1448
      111.923          1448
      111.932          1448
      111.975          1448
      111.985          1448
       112.03          1448
      112.041          1448
      112.084          1448
      112.095          1448
      112.146          1448
      112.157          1448
      112.168          1448
      112.212          1448
      112.223          1448
      112.245          1448
      112.268          1448
       112.29          1448
      112.312          1448
      112.334          1448
      112.356          1448
      112.378          1448
      112.401          1448
      112.423          1448
      112.445          1448
      112.467          1448
      112.489          1448
      112.512          1448
      112.534          1448
      112.556          1448
      112.578          1448
        112.6          1448
      112.622          1448
      112.766         10136
      112.821          1448
      112.832          1448
      112.843          1448
      112.886          1448
      112.897          1448
      112.941          1448
      112.952          1448
      112.995          1448
      113.006          1448
      113.049          1448
       113.06          1448
      113.071          1448
      113.125          1448
      113.135          1448
      113.146          1448
      113.157          1448
      113.211          1448
      113.221          1448
      113.232          1448
      113.243          1448
      113.297          1448
      113.307          1448
      113.318          1448
      113.329          1448
      113.383          1448
      113.393          1448
      113.415          1448
      113.436          1448
      113.458          1448
      113.479          1448
      113.501          1448
      113.522          1448
      113.544          1448
      113.565          1448
      113.587          1448
      113.608          1448
       113.63          1448
      113.651          1448
      113.673          1448
      113.694          1448
      113.716          1448
      113.737          1448
      113.759          1448
       113.78          1448
      113.802          1448
      113.823          1448
      113.845          1448
      113.866          1448
      113.888          1448
      113.909          1448
      113.931          1448
      113.952          1448
      113.974          1448
      113.995          1448
      114.017          1448
      114.048          1448
      114.079          1448
       114.11          1448
      114.141          1448
      114.358         10136
      114.389          1448
      114.434          1327
       114.51          1448
      114.525          1448
      114.556          1448
      114.603          1448
      114.618          1448
       114.68          1448
      114.696          1448
      114.727          1448
      114.758          1448
      114.789          1448
       114.82          1448
      114.851          1448
      114.882          1448
      114.913          1448
      114.944          1448
      114.975          1448
      115.006          1448
      115.028          1448
      115.042          1448
      115.056          1448
       115.07          1448
      115.084          1448
      115.091          1448
      115.112          1448
      115.119          1448
      115.139          1448
      115.146          1448
      115.167          1448
      115.174          1448
      115.195          1448
      115.202          1448
      115.223          1448
       115.23          1448
      115.246          1448
      115.253          1448
      115.273          1448
       115.28          1448
      115.303          1448
      115.317          1448
      115.331          1448
      115.345          1448
      115.366          1448
      115.373          1448
      115.394          1448
      115.401          1448
      115.422          1448
      115.429          1448
      115.449          1448
      115.456          1448
      115.477          1448
      115.484          1448
      115.505          1448
      115.512          1448
      115.533          1448
       115.54          1448
      115.561          1448
      115.568          1448
      115.589          1448
      115.595          1448
      115.616          1448
      115.623          1448
      115.644          1448
      115.651          1448
      115.672          1448
      115.679          1448
        115.7          1448
      115.707          1448
      115.728          1448
      115.735          1448
      115.756          1448
      115.762          1448
      115.783          1448
       115.79          1448
      115.811          1448
      115.818          1448
      115.839          1448
      115.846          1448
      115.867          1448
      115.874          1448
      115.895          1448
      115.902          1448
      115.923          1448
      115.929          1448
       115.95          1448
      115.957          1448
      115.978          1448
      115.985          1448
      116.006          1448
      116.013          1448
      116.047          1448
      116.058          1448
       116.08          1448
      116.102          1448
      116.125          1448
      116.147          1448
       116.17          1448
      116.192          1448
      116.214          1448
      116.349         10136
      116.393          1448
      116.405          1448
      116.416          1448
      116.459          1448
       116.47          1448
      116.481          1448
      116.515          1448
      116.526          1448
      116.537          1448
      116.548          1448
      116.582          1448
      116.593          1448
      116.604          1448
      116.616          1448
       116.66          1448
      116.672          1448
      116.683          1448
      116.716          1448
      116.739          1448
      116.761          1448
      116.783          1448
      116.806          1448
      116.828          1448
      116.851          1448
      116.873          1448
      116.895          1448
      116.918          1448
       116.94          1448
      116.962          1448
      116.985          1448
      117.007          1448
       117.03          1448
      117.054          1448
      117.077          1448
      117.239         10136
      117.271          1448
      117.294          1448
      117.306          1448
      117.349          1448
      117.361          1448
      117.404          1448
      117.416          1448
      117.459          1448
      117.471          1448
      117.514          1448
      117.525          1448
      117.537          1448
      117.569          1448
       117.58          1448
      117.592          1448
      117.603          1448
      117.635          1448
      117.647          1448
      117.658          1448
       117.67          1448
      117.702          1448
      117.713          1448
      117.725          1448
      117.736          1448
      117.768          1448
       117.78          1448
      117.791          1448
      117.803          1448
      117.835          1448
      117.846          1448
      117.858          1448
      117.862           531
      117.917          1448
      117.929          1448
       117.94          1448
      117.952          1448
      117.964          1448
      117.984          1448
      117.995          1448
      118.007          1448
      118.019          1448
      118.033          1448
      118.039          1448
      118.056          1448
      118.063          1448
      118.083          1448
      118.089          1448
      118.106          1448
      118.112          1448
      118.132          1448
      118.138          1448
      118.155          1448
      118.161          1448
      118.181          1448
      118.188          1448
      118.205          1448
      118.211          1448
      118.231          1448
      118.237          1448
      118.254          1448
       118.26          1448
       118.28          1448
      118.286          1448
      118.304          1448
       118.31          1448
       118.33          1448
      118.336          1448
      118.353          1448
      118.359          1448
      118.379          1448
      118.385          1448
      118.402          1448
      118.409          1448
      118.429          1448
      118.435          1448
      118.452          1448
      118.458          1448
      118.478          1448
      118.484          1448
      118.501          1448
      118.507          1448
      118.527          1448
      118.534          1448
      118.551          1448
      118.557          1448
      118.577          1448
      118.583          1448
        118.6          1448
      118.606          1448
      118.626          1448
      118.633          1448
       118.65          1448
      118.656          1448
      118.676          1448
      118.682          1448
      118.699          1448
      118.705          1448
      118.725          1448
      118.731          1448
      118.748          1448
      118.755          1448
      118.775          1448
      118.781          1448
      118.798          1448
      118.804          1448
      118.824          1448
       118.83          1448
      118.847          1448
      118.853          1448
      118.874          1448
       118.88          1448
      118.897          1448
      118.903          1448
      118.923          1448
      118.929          1448
      118.946          1448
      118.952          1448
      118.972          1448
      118.979          1448
      118.996          1448
      119.002          1448
      119.027          1448
      119.039          1448
      119.051          1448
      119.063          1448
      119.083          1448
      119.094          1448
      119.106          1448
      119.118          1448
      119.138          1448
       119.15          1448
      119.161          1448
      119.173          1448
      119.193          1448
      119.205          1448
      119.217          1448
      119.228          1448
      119.248          1448
       119.26          1448
      119.272          1448
      119.284          1448
      119.303          1448
      119.315          1448
      119.327          1448
      119.339          1448
      119.358          1448
       119.37          1448
      119.382          1448
      119.394          1448
      119.413          1448
      119.425          1448
      119.437          1448
      119.449          1448
      119.469          1448
       119.48          1448
      119.492          1448
      119.504          1448
      119.524          1448
      119.536          1448
      119.547          1448
      119.559          1448
      119.579          1448
      119.591          1448
      119.602          1448
      119.614          1448
      119.634          1448
      119.646          1448
      119.658          1448
      119.669          1448
      119.689          1448
      119.701          1448
      119.713          1448
      119.725          1448
      119.744          1448
      119.756          1448
      119.768          1448
       119.78          1448
      119.799          1448
      119.811          1448
      119.823          1448
      119.835          1448
      119.854          1448
      119.866          1448
      119.878          1448
       119.89          1448
       119.91          1448
      119.921          1448
      119.933          1448
      119.945          1448
      119.965          1448
      119.977          1448
      119.988          1448
          120          1448
       120.02          1448
      120.033          1448
      120.045          1448
      120.058          1448
      120.076          1448
      120.089          1448
      120.101          1448
      120.114          1448
      120.132          1448
      120.144          1448
      120.157          1448
      120.169          1448
      120.188          1448
        120.2          1448
      120.213          1448
      120.225          1448
      120.243          1448
      120.256          1448
      120.268          1448
      120.281          1448
      120.299          1448
      120.312          1448
      120.324          1448
      120.336          1448
      120.374          1448
      120.386          1448
      120.411          1448
      120.424          1448
       120.46          1347
      120.529          1448
      120.542          1448
      120.567          1448
      120.592          1448
      120.617          1448
      120.641          1448
      120.816          8688
      120.983          5792
      121.035          1448
      121.043          1448
      121.052          1448
      121.095          1448
      121.103          1448
      121.112          1448
      121.147          1448
      121.155          1448
      121.164          1448
      121.172          1448
      121.207          1448
      121.215          1448
      121.224          1448
      121.232          1448
      121.267          1448
      121.275          1448
      121.284          1448
      121.292          1448
      121.334          1448
      121.343          1448
      121.351          1448
       121.36          1448
      121.402          1448
       121.41          1448
      121.418          1448
      121.427          1448
      121.477          1448
      121.486          1448
      121.494          1448
      121.503          1448
      121.528          1448
      121.553          1448
      121.562          1448
       121.57          1448
      121.595          1448
      121.621          1448
      121.629          1448
      121.637          1448
      121.663          1448
      121.688          1448
      121.696          1448
      121.705          1448
       121.73          1448
      121.755          1448
      121.764          1448
      121.772          1448
      121.797          1448
      121.823          1448
      121.831          1448
      121.848          1448
      121.865          1448
      121.882          1448
      121.898          1448
      121.915          1448
      121.932          1448
      121.949          1448
      121.966          1448
      121.983          1448
      122.102         11584
      122.145          1448
      122.154          1448
      122.162          1448
      122.206          1448
      122.214          1448
      122.257          1448
      122.266          1448
      122.309          1448
      122.318          1448
      122.326          1448
       122.37          1448
      122.378          1448
      122.387          1448
      122.395          1448
      122.438          1448
      122.446          1448
      122.455          1448
      122.464          1448
      122.506          1448
      122.515          1448
      122.523          1448
      122.532          1448
      122.583          1448
      122.592          1448
        122.6          1448
      122.609          1448
      122.634          1448
       122.66          1448
      122.669          1448
      122.677          1448
      122.703          1448
      122.728          1448
      122.737          1448
      122.747          1448
      122.756          1448
       122.78          1448
      122.789          1448
      122.814          1448
      122.823          1448
      122.849          1448
      122.857          1448
      122.883          1448
      122.891          1448
      122.917          1448
      122.926          1448
      122.943          1448
       122.96          1448
      122.977          1448
      122.994          1448
      123.011          1448
      123.051          1448
      123.091          1448
      123.311          5792
      123.335          5792
      123.375          1448
      123.398          1448
      123.418          1448
      123.461          1448
      123.481          1448
      123.561          1448
      123.581          1448
      123.642          1448
      123.662          1448
      123.682          1448
      123.742          1448
      123.782          1448
      123.822          1448
      123.862          1448
      123.902          1448
      123.942          1448
      123.982          1448
      124.273         10136
      124.335          1448
      124.356          1448
      124.363           457
      124.447          1448
      124.468          1448
      124.489          1448
      124.552          1448
      124.572          1448
      124.635          1448
      124.656          1448
      124.719          1448
       124.74          1448
      124.761          1448
      124.823          1448
      124.865          1448
      124.907          1448
      124.949          1448
       124.99          1448
      125.051          1448
      125.131          1448
      125.212          1448
      125.612          5792
      125.862          5792
      125.985          1448
       126.05          1448
        126.1          1448
      126.149          1448
      126.199          1448
      126.248          1448
      126.297          1448
      126.347          1448
      126.396          1448
      126.446          1448
      126.693          8688
      126.743          1448
      126.767          1448
      126.792          1448
      126.841          1448
      126.866          1448
      126.916          1448
       126.94          1448
       126.99          1448
      127.014          1448
      127.039          1448
      127.045          1448
      127.051          1448
      127.088          1448
      127.094          1448
        127.1          1448
      127.105          1448
      127.143          1448
      127.149          1448
      127.155          1448
       127.16          1448
      127.198          1448
      127.204          1448
      127.209          1448
      127.215          1448
      127.253          1448
      127.259          1448
      127.264          1448
       127.27          1448
      127.308          1448
      127.314          1448
      127.319          1448
      127.325          1448
      127.363          1448
      127.368          1448
      127.374          1448
       127.38          1448
      127.418          1448
      127.423          1448
      127.429          1448
      127.435          1448
      127.472          1448
      127.478          1448
      127.484          1448
       127.49          1448
      127.527          1448
      127.533          1448
      127.539          1448
      127.545          1448
      127.582          1448
      127.588          1448
      127.594          1448
        127.6          1448
      127.637          1448
      127.643          1448
      127.649          1448
      127.655          1448
      127.692          1448
      127.698          1448
      127.704          1448
       127.71          1448
      127.747          1448
      127.753          1448
      127.759          1448
      127.765          1448
      127.802          1448
      127.808          1448
      127.814          1448
       127.82          1448
      127.857          1448
      127.863          1448
      127.869          1448
      127.875          1448
      127.912          1448
      127.918          1448
      127.924          1448
      127.929          1448
      127.967          1448
      127.973          1448
      127.979          1448
      127.984          1448
      128.022          1448
      128.028          1448
      128.033          1448
      128.039          1448
      128.077          1448
      128.082          1448
      128.088          1448
      128.094          1448
      128.132          1448
      128.137          1448
      128.143          1448
      128.149          1448
      128.186          1448
      128.192          1448
      128.198          1448
      128.204          1448
      128.241          1448
      128.247          1448
      128.253          1448
      128.259          1448
      128.296          1448
      128.302          1448
      128.308          1448
      128.314          1448
      128.351          1448
      128.357          1448
      128.363          1448
      128.369          1448
      128.406          1448
      128.412          1448
      128.418          1448
      128.424          1448
      128.461          1448
      128.467          1448
      128.473          1448
      128.478          1448
      128.516          1448
      128.522          1448
      128.527          1448
      128.533          1448
      128.571          1448
      128.577          1448
      128.582          1448
      128.588          1448
      128.626          1448
      128.631          1448
      128.637          1448
      128.643          1448
      128.681          1448
      128.686          1448
      128.692          1448
      128.698          1448
      128.735          1448
      128.741          1448
      128.747          1448
      128.753          1448
       128.79          1448
      128.796          1448
      128.802          1448
      128.808          1448
      128.845          1448
      128.851          1448
      128.857          1448
      128.863          1448
        128.9          1448
      128.906          1448
      128.912          1448
      128.918          1448
      128.955          1448
      128.961          1448
      128.967          1448
      128.972          1448
       129.01          1448
      129.642          1448
      130.275          1448
      130.291          1448
      130.308          1448
      130.325          1448
      130.342          1448
      130.359          1448
      130.375          1448
      130.392          1448
        130.4          1448
      130.409          1448
      130.417          1448
      130.426          1448
      130.444          1448
      130.453          1448
      130.461          1448
      130.469          1448
      130.478          1448
      130.486          1448
      130.494          1448
      130.504          1448
      130.513          1448
      130.521          1448
      130.529          1448
      130.538          1448
      130.546          1448
      130.556          1448
      130.564          1448
      130.567           380
      130.618          1448
      130.627          1448
      130.635          1448
      130.643          1448
      130.652          1448
       130.66          1448
      130.669          1448
      130.677          1448
      130.685          1448
      130.694          1448
      130.702          1448
      130.711          1448
      130.719          1448
      130.727          1448
      130.736          1448
      130.744          1448
      130.752          1448
      130.761          1448
      130.769          1448
      130.778          1448
      130.786          1448
      130.794          1448
      130.803          1448
      130.811          1448
      130.819          1448
      130.828          1448
      130.836          1448
      130.845          1448
      130.853          1448
      130.861          1448
       130.87          1448
      130.878          1448
      130.886          1448
      130.895          1448
      130.903          1448
      130.912          1448
       130.92          1448
      130.928          1448
      130.937          1448
      130.945          1448
      130.954          1448
      130.962          1448
       130.97          1448
      130.979          1448
      130.987          1448
      131.112         18824
      131.122          1448
      131.132          1448
      131.142          1448
      131.152          1448
      131.162          1448
      131.172          1448
      131.182          1448
      131.192          1448
      131.201          1448
      131.211          1448
      131.221          1448
      131.231          1448
      131.241          1448
      131.251          1448
      131.261          1448
      131.271          1448
      131.281          1448
      131.291          1448
      131.301          1448
      131.311          1448
      131.321          1448
      131.331          1448
      131.341          1448
      131.351          1448
      131.361          1448
      131.371          1448
      131.381          1448
      131.391          1448
      131.401          1448
      131.411          1448
      131.421          1448
      131.431          1448
      131.441          1448
      131.451          1448
      131.461          1448
       131.47          1448
       131.48          1448
       131.49          1448
        131.5          1448
       131.51          1448
       131.52          1448
       131.53          1448
       131.54          1448
       131.55          1448
       131.56          1448
       131.57          1448
       131.58          1448
       131.59          1448
        131.6          1448
       131.71         15928
      131.733          1448
      131.743          1448
      131.753          1448
      131.763          1448
      131.773          1448
      131.796          1448
      131.806          1448
      131.816          1448
      131.826          1448
      131.849          1448
      131.859          1448
      131.869          1448
      131.879          1448
      131.903          1448
      131.913          1448
      131.923          1448
      131.932          1448
      131.956          1448
      131.966          1448
      131.976          1448
      131.986          1448
      131.996          1448
      132.009          1448
      132.019          1448
      132.028          1448
      132.038          1448
      132.048          1448
      132.058          1448
      132.071          1448
      132.081          1448
      132.091          1448
        132.1          1448
      132.111          1448
       132.12          1448
      132.133          1448
      132.143          1448
      132.153          1448
      132.162          1448
      132.173          1448
      132.182          1448
      132.196          1448
      132.203          1061
      132.255          1448
      132.265          1448
      132.274          1448
      132.284          1448
      132.293          1448
      132.303          1448
      132.318          1448
      132.327          1448
      132.337          1448
      132.346          1448
      132.355          1448
      132.365          1448
      132.374          1448
      132.384          1448
      132.393          1448
      132.403          1448
      132.412          1448
      132.422          1448
      132.431          1448
      132.441          1448
       132.45          1448
       132.46          1448
      132.469          1448
      132.478          1448
      132.488          1448
      132.497          1448
      132.507          1448
      132.516          1448
      132.526          1448
      132.535          1448
      132.545          1448
      132.554          1448
      132.564          1448
      132.573          1448
      132.583          1448
      132.592          1448
      132.601          1448
      132.611          1448
       132.62          1448
       132.63          1448
      132.639          1448
      132.649          1448
      132.658          1448
      132.668          1448
      132.677          1448
      132.687          1448
      132.696          1448
      132.706          1448
      132.715          1448
      132.724          1448
      132.734          1448
      132.743          1448
      132.753          1448
      132.762          1448
      132.772          1448
      132.781          1448
      132.791          1448
        132.8          1448
       132.81          1448
      132.819          1448
      132.829          1448
      132.838          1448
      132.847          1448
      132.857          1448
      132.866          1448
      132.876          1448
      132.885          1448
      132.895          1448
      132.904          1448
      132.914          1448
      132.923          1448
      132.933          1448
      132.942          1448
      132.952          1448
      132.961          1448
       132.97          1448
       132.98          1448
      132.989          1448
      132.999          1448
      133.008          1448
      133.019          1448
       133.03          1448
      133.042          1448
      133.053          1448
      133.064          1448
      133.075          1448
      133.086          1448
      133.097          1448
      133.108          1448
      133.119          1448
       133.13          1448
      133.141          1448
      133.152          1448
      133.163          1448
      133.175          1448
      133.186          1448
      133.197          1448
      133.208          1448
      133.219          1448
       133.23          1448
      133.241          1448
      133.252          1448
      133.263          1448
      133.274          1448
      133.285          1448
      133.296          1448
      133.308          1448
      133.319          1448
       133.33          1448
      133.341          1448
      133.352          1448
      133.363          1448
      133.374          1448
      133.385          1448
      133.396          1448
      133.407          1448
      133.418          1448
       133.43          1448
      133.441          1448
      133.452          1448
      133.463          1448
      133.474          1448
      133.485          1448
      133.496          1448
      133.529          1448
      133.551          1448
      133.563          1448
      133.574          1448
      133.607          1448
      133.618          1448
      133.629          1448
      133.762         10136
      133.884          7240
      133.939          1448
      133.951          1448
      133.962          1448
      133.995          1448
      134.017          1448
      134.032          1448
      134.039          1448
      134.062          1448
      134.069          1448
      134.091          1448
      134.099          1448
      134.121          1448
      134.128          1448
      134.151          1448
      134.158          1448
       134.18          1448
      134.188          1448
       134.21          1448
      134.218          1448
       134.24          1448
      134.247          1448
       134.27          1448
      134.277          1448
      134.299          1448
      134.307          1448
      134.329          1448
      134.336          1448
      134.359          1448
      134.366          1448
      134.381          1448
      134.396          1448
      134.411          1448
      134.425          1448
       134.44          1448
      134.455          1448
       134.47          1448
      134.485          1448
        134.5          1448
      134.512          1448
       134.52          1448
      134.527          1448
      134.535          1448
       134.55          1448
      134.558          1448
       134.58          1448
      134.588          1448
      134.602          1448
      134.617          1448
      134.632          1448
      134.647          1448
      134.662          1448
      134.677          1448
      134.692          1448
       134.81         13032
      134.854          1448
      134.861          1448
      134.868          1448
      134.876          1448
      134.912          1448
      134.919          1448
      134.927          1448
      134.934          1448
       134.97          1448
      134.977          1448
      134.985          1448
      134.992          1448
       135.03          1448
      135.039          1448
      135.049          1448
      135.058          1448
      135.087          1448
      135.105          1448
      135.124          1448
      135.134          1448
      135.162          1448
      135.171          1448
        135.2          1448
      135.209          1448
      135.232           588
      135.299          1448
      135.309          1448
      135.337          1448
      135.356          1448
      135.375          1448
      135.394          1448
      135.544         11584
      135.578          1448
      135.597          1448
      135.607          1448
       135.65          1448
      135.659          1448
      135.703          1448
      135.712          1448
      135.755          1448
      135.765          1448
      135.808          1448
      135.817          1448
      135.827          1448
      135.861          1448
       135.87          1448
      135.879          1448
      135.889          1448
      135.923          1448
      135.932          1448
      135.942          1448
      135.951          1448
      135.985          1448
      135.994          1448
      136.004          1448
      136.013          1448
      136.044          1448
      136.051          1448
      136.063          1448
       136.07          1448
      136.102          1448
      136.109          1448
      136.121          1448
      136.127          1448
      136.159          1448
      136.166          1448
      136.173          1448
       136.18          1448
      136.187          1448
      136.216          1448
      136.223          1448
       136.23          1448
      136.237          1448
      136.266          1448
      136.273          1448
       136.28          1448
      136.287          1448
      136.316          1448
      136.323          1448
       136.33          1448
      136.337          1448
      136.367          1448
      136.374          1448
      136.381          1448
      136.388          1448
      136.417          1448
      136.424          1448
      136.431          1448
      136.438          1448
      136.467          1448
      136.474          1448
      136.481          1448
      136.488          1448
      136.517          1448
      136.524          1448
      136.531          1448
      136.538          1448
      136.568          1448
      136.575          1448
      136.582          1448
      136.588          1448
      136.618          1448
      136.625          1448
      136.632          1448
      136.639          1448
      136.668          1448
      136.675          1448
      136.682          1448
      136.689          1448
      136.718          1448
      136.725          1448
      136.732          1448
      136.739          1448
      136.768          1448
      136.775          1448
      136.782          1448
      136.789          1448
      136.819          1448
      136.826          1448
      136.833          1448
       136.84          1448
      136.869          1448
      136.876          1448
      136.883          1448
       136.89          1448
      136.919          1448
      136.926          1448
      136.933          1448
       136.94          1448
      136.969          1448
      136.976          1448
      136.983          1448
       136.99          1448
      137.024          1448
      137.035          1448
      137.046          1448
      137.057          1448
      137.078          1448
      137.089          1448
      137.101          1448
      137.112          1448
      137.133          1448
      137.144          1448
      137.155          1448
      137.166          1448
      137.187          1448
      137.198          1448
       137.21          1448
      137.221          1448
      137.242          1448
      137.253          1448
      137.264          1448
      137.275          1448
      137.296          1448
      137.307          1448
      137.318          1448
       137.33          1448
      137.351          1448
      137.362          1448
      137.373          1448
      137.384          1448
      137.405          1448
      137.416          1448
      137.427          1448
      137.439          1448
      137.459          1448
      137.471          1448
      137.482          1448
      137.493          1448
      137.514          1448
      137.525          1448
      137.536          1448
      137.547          1448
      137.568          1448
       137.58          1448
      137.591          1448
      137.602          1448
      137.623          1448
      137.634          1448
      137.645          1448
      137.656          1448
      137.677          1448
      137.688          1448
        137.7          1448
      137.711          1448
      137.732          1448
      137.743          1448
      137.754          1448
      137.765          1448
      137.786          1448
      137.797          1448
      137.809          1448
       137.82          1448
      137.841          1448
      137.852          1448
      137.863          1448
      137.874          1448
      137.895          1448
      137.906          1448
      137.917          1448
      137.929          1448
       137.95          1448
      137.961          1448
      137.972          1448
      137.983          1448
      138.004          1448
      138.015          1448
      138.027          1448
      138.038          1448
      138.059          1448
      138.071          1448
      138.082          1448
      138.094          1448
      138.114          1448
      138.125          1448
      138.137          1448
      138.149          1448
      138.169          1448
       138.18          1448
      138.192          1448
      138.203          1448
      138.224          1448
      138.235          1448
      138.247          1448
      138.258          1448
      138.278          1448
       138.29          1448
      138.302          1448
      138.313          1448
      138.333          1448
      138.345          1448
      138.356          1448
      138.368          1448
      138.388          1448
        138.4          1448
      138.411          1448
      138.423          1448
      138.443          1448
      138.455          1448
      138.466          1448
      138.478          1448
      138.498          1448
       138.51          1448
      138.521          1448
      138.533          1448
      138.553          1448
      138.564          1448
      138.576          1448
      138.588          1448
       138.63          1448
      138.653          1448
      138.677          1448
        138.7          1448
      138.717           712
      138.787          1448
      138.799          1448
      138.822          1448
      138.845          1448
      138.868          1448
      138.892          1448
      139.038         11584
      139.076          1448
      139.088          1448
      139.094          1448
      139.144          1448
       139.15          1448
      139.156          1448
      139.193          1448
      139.199          1448
      139.205          1448
      139.211          1448
      139.249          1448
      139.255          1448
      139.261          1448
      139.267          1448
       139.31          1448
      139.316          1448
      139.323          1448
      139.329          1448
      139.372          1448
      139.378          1448
      139.384          1448
       139.39          1448
      139.427          1448
      139.434          1448
       139.44          1448
      139.446          1448
      139.483          1448
      139.489          1448
      139.495          1448
      139.502          1448
      139.508          1448
      139.539          1448
      139.545          1448
      139.551          1448
      139.557          1448
      139.588          1448
      139.594          1448
        139.6          1448
      139.607          1448
      139.638          1448
      139.644          1448
       139.65          1448
      139.656          1448
      139.687          1448
      139.693          1448
      139.699          1448
      139.705          1448
      139.736          1448
      139.743          1448
      139.749          1448
      139.755          1448
      139.786          1448
      139.792          1448
      139.798          1448
      139.804          1448
      139.835          1448
      139.841          1448
      139.848          1448
      139.854          1448
       139.86          1448
      139.885          1448
      139.891          1448
      139.897          1448
      139.903          1448
      139.909          1448
      139.915          1448
       139.94          1448
      139.946          1448
      139.953          1448
      139.959          1448
      139.965          1448
      139.971          1448
      139.996          1448
      140.002          1448
      140.008          1448
       140.02          1448
      140.032          1448
      140.044          1448
      140.057          1448
      140.069          1448
      140.081          1448
      140.093          1448
      140.105          1448
      140.116          1448
      140.128          1448
       140.14          1448
      140.152          1448
      140.164          1448
      140.176          1448
      140.188          1448
      140.199          1448
      140.211          1448
      140.223          1448
      140.235          1448
      140.247          1448
      140.259          1448
      140.271          1448
      140.283          1448
      140.294          1448
      140.306          1448
      140.318          1448
       140.33          1448
      140.342          1448
      140.354          1448
      140.366          1448
      140.377          1448
      140.389          1448
      140.401          1448
      140.413          1448
      140.425          1448
      140.437          1448
      140.449          1448
       140.46          1448
      140.472          1448
      140.484          1448
      140.496          1448
      140.508          1448
       140.52          1448
      140.532          1448
      140.543          1448
      140.555          1448
      140.567          1448
      140.579          1448
      140.591          1448
      140.603          1448
      140.615          1448
      140.627          1448
      140.638          1448
       140.65          1448
      140.662          1448
      140.674          1448
      140.686          1448
      140.698          1448
       140.71          1448
      140.721          1448
      140.733          1448
      140.745          1448
      140.757          1448
      140.769          1448
      140.781          1448
      140.793          1448
      140.804          1448
      140.816          1448
      140.828          1448
       140.84          1448
      140.852          1448
      140.864          1448
      140.876          1448
      140.887          1448
      140.899          1448
      140.911          1448
      140.923          1448
      140.935          1448
      140.947          1448
      140.959          1448
      140.971          1448
      140.982          1448
      140.994          1448
      141.006          1448
      141.018          1448
      141.024          1448
       141.03          1448
      141.044          1448
       141.05          1448
      141.067          1448
      141.073          1448
       141.08          1448
      141.086          1448
      141.099          1448
      141.105          1448
      141.123          1448
      141.129          1448
      141.135          1448
      141.141          1448
      141.155          1448
      141.161          1448
      141.178          1448
      141.184          1448
      141.191          1448
      141.197          1448
       141.21          1448
      141.216          1448
      141.234          1448
       141.24          1448
      141.246          1448
      141.252          1448
      141.266          1448
      141.272          1448
      141.289          1448
      141.295          1448
      141.302          1448
      141.308          1448
      141.321          1448
      141.327          1448
      141.345          1448
      141.351          1448
      141.357          1448
      141.363          1448
      141.377          1448
      141.383          1448
        141.4          1448
      141.406          1369
      141.456          1448
      141.462          1448
      141.468          1448
      141.474          1448
       141.48          1448
      141.486          1448
      141.511          1448
      141.517          1448
      141.523          1448
      141.529          1448
      141.536          1448
      141.542          1448
      141.567          1448
      141.573          1448
      141.579          1448
      141.585          1448
      141.591          1448
      141.597          1448
      141.622          1448
      141.628          1448
      141.634          1448
       141.64          1448
      141.647          1448
      141.653          1448
      141.678          1448
      141.684          1448
       141.69          1448
      141.696          1448
      141.702          1448
      141.708          1448
      141.733          1448
      141.739          1448
      141.745          1448
      141.751          1448
      141.758          1448
      141.764          1448
      141.789          1448
      141.795          1448
      141.801          1448
      141.807          1448
      141.813          1448
      141.819          1448
      141.844          1448
       141.85          1448
      141.856          1448
      141.862          1448
      141.869          1448
      141.875          1448
        141.9          1448
      141.906          1448
      141.912          1448
      141.918          1448
      141.924          1448
       141.93          1448
      141.955          1448
      141.961          1448
      141.967          1448
      141.973          1448
       141.98          1448
      141.986          1448
      142.011          1448
      142.019          1448
      142.027          1448
      142.036          1448
      142.044          1448
      142.053          1448
      142.071          1448
      142.079          1448
      142.088          1448
      142.096          1448
      142.104          1448
      142.113          1448
      142.131          1448
      142.139          1448
      142.148          1448
      142.156          1448
      142.164          1448
      142.173          1448
      142.191          1448
      142.199          1448
      142.208          1448
      142.216          1448
      142.225          1448
      142.233          1448
      142.251          1448
      142.259          1448
      142.268          1448
      142.276          1448
      142.285          1448
      142.293          1448
      142.311          1448
       142.32          1448
      142.328          1448
      142.336          1448
      142.345          1448
      142.353          1448
      142.371          1448
       142.38          1448
      142.388          1448
      142.396          1448
      142.405          1448
      142.413          1448
      142.431          1448
       142.44          1448
      142.448          1448
      142.457          1448
      142.465          1448
      142.473          1448
      142.507          1448
      142.516          1448
      142.532          1448
      142.549          1448
      142.566          1448
      142.583          1448
        142.6          1448
      142.617          1448
      142.751         10136
      142.872          7240
      142.898          1448
      142.923          1448
      142.932          1448
       142.94          1448
      142.991          1448
      142.999          1448
      143.007          1448
       143.04          1448
      143.062          1448
      143.084          1448
      143.105          1448
      143.127          1448
      143.149          1448
       143.17          1448
      143.323         10136
      143.355          1448
      143.377          1448
      143.388          1448
      143.431          1448
      143.442          1448
      143.485          1448
      143.496          1448
       143.55          1448
      143.561          1448
      143.615          1448
      143.626          1448
      143.681          1448
      143.691          1448
      143.746          1448
      143.757          1448
      143.767          1448
      143.811          1448
      143.822          1448
      143.843          1448
      143.865          1448
      143.887          1448
      143.909          1448
       143.93          1448
      143.952          1448
      143.974          1448
      143.996          1448
      144.017          1448
      144.097          1448
      144.178          1448
      144.258          1448
      144.658          5792
       145.04          5792
      145.104          1448
      145.125          1448
      145.166          1448
      145.208          1448
      145.229          1448
      145.292          1448
      145.313          1448
      145.375          1448
      145.396          1448
      145.459          1448
       145.48          1448
      145.501          1448
      145.563          1448
      145.584          1448
      145.605          1448
      145.641          1448
      145.662          1448
      145.683          1448
      145.705          1448
      145.726          1448
      145.747          1448
      145.768          1448
       145.79          1448
      145.811          1448
      145.832          1448
      145.853          1448
      145.875          1448
      145.889           941
      145.953          1448
      145.974          1448
      145.995          1448
      146.016          1448
      146.057          1448
      146.097          1448
      146.137          1448
      146.177          1448
      146.218          1448
      146.258          1448
      146.298          1448
      146.338          1448
      146.378          1448
      146.418          1448
      146.458          1448
      146.498          1448
      146.538          1448
      146.578          1448
      146.618          1448
      146.658          1448
      146.698          1448
      146.738          1448
      146.778          1448
      146.818          1448
      146.858          1448
      146.898          1448
      146.939          1448
      146.979          1448
      147.019          1448
      147.027          1448
      147.035          1448
      147.043          1448
      147.078          1448
      147.086          1448
      147.094          1448
      147.103          1448
      147.138          1448
      147.146          1448
      147.154          1448
      147.162          1448
      147.197          1448
      147.205          1448
      147.213          1448
      147.222          1448
      147.257          1448
      147.265          1448
      147.273          1448
      147.281          1448
      147.316          1448
      147.324          1448
      147.332          1448
      147.341          1448
      147.376          1448
      147.384          1448
      147.392          1448
        147.4          1448
      147.435          1448
      147.443          1448
      147.451          1448
       147.46          1448
      147.495          1448
      147.503          1448
      147.511          1448
      147.519          1448
      147.554          1448
      147.562          1448
       147.57          1448
      147.579          1448
      147.614          1448
      147.622          1448
       147.63          1448
      147.638          1448
      147.673          1448
      147.681          1448
       147.69          1448
      147.698          1448
      147.733          1448
      147.741          1448
      147.749          1448
      147.757          1448
      147.792          1448
        147.8          1448
      147.809          1448
      147.817          1448
      147.852          1448
       147.86          1448
      147.868          1448
      147.876          1448
      147.911          1448
      147.919          1448
      147.928          1448
      147.936          1448
      147.971          1448
      147.979          1448
      147.987          1448
      147.995          1448
       148.04          1448
      148.058          1448
      148.076          1448
      148.094          1448
      148.119          1448
      148.137          1448
      148.155          1448
      148.173          1448
      148.191          1448
      148.209          1448
      148.227          1448
      148.245          1448
      148.263          1448
      148.281          1448
      148.299          1448
      148.317          1448
      148.335          1448
      148.353          1448
      148.371          1448
      148.389          1448
      148.407          1448
      148.425          1448
      148.443          1448
      148.461          1448
      148.479          1448
      148.497          1448
      148.515          1448
      148.533          1448
       148.55          1448
      148.568          1448
      148.586          1448
      148.604          1448
      148.622          1448
       148.64          1448
      148.658          1448
      148.676          1448
      148.694          1448
      148.748          1448
      148.784          1448
      149.058          5792
      149.138          2896
      149.378          7240
      149.418          1448
      149.498          1448
      149.538          1448
      149.578          1448
      149.618          1448
      149.658          1448
      149.698          1448
      149.738          1448
      149.778          1448
      149.819          1448
      149.859          1448
      149.899          1448
      149.939          1448
      149.979          1448
