     Time_Now Bytes Received 
      2.08939          1448
        2.097          1448
      2.10461          1448
      2.11222          1448
      2.11984          1448
      2.12745          1448
      2.13506          1448
      2.14267          1448
      2.15028          1448
       2.1579          1448
      2.16551          1448
      2.17312          1448
      2.18073          1448
      2.18835          1448
      2.19596          1448
      2.20357          1448
      2.40149         21720
      2.45478         10136
      2.47761         11584
      2.54118          8688
      2.57811          7240
      2.58953          8688
      2.62254         14480
      2.63015          1448
      2.63396          1448
      2.63776          1448
      2.64157          1448
      2.64538          1448
      2.64918          1448
      2.65299          1448
      2.66441          1448
      2.66821          1448
      2.67963          1448
      2.68344          1448
      2.68724          1448
      2.69105          1448
      2.69486          1448
      2.69866          1448
      2.70247          1448
      2.70627          1448
      2.71769          1448
      2.72531          1448
      2.73292          1448
      2.74053          1448
      2.74434          1448
      2.74814          1448
      2.75195          1448
      2.75575          1448
      2.75956          1448
      2.77098          1448
      2.77859          1448
       2.7862          1448
      2.79382          1448
      2.80143          1448
      2.80523          1448
      2.80904          1448
      2.81285          1448
      2.81665          1448
      2.82807          1448
      2.83568          1448
      2.92703         20272
      2.93845          1448
      2.94987          1448
      2.95367          1448
       2.9689          1448
       2.9727          1448
      2.97651          1448
      2.98032          1448
      2.99173          1448
      3.00315          1448
      3.00696          1448
      3.02327          1448
      3.02744          1448
      3.03578          1448
      3.04412          1448
      3.05246          1448
       3.0608          1448
      3.06914          1448
      3.07748          1448
      3.08581          1448
      3.09337          1448
      3.09755          1448
      3.10171          1448
      3.10823          1448
       3.1124          1448
      3.12491          1448
      3.12908          1448
      3.14499          1448
      3.15333          1448
      3.16167          1448
         3.17          1448
      3.17834          1448
      3.18668          1448
      3.19502          1448
      3.20336          1448
       3.2117          1448
      3.21999          1433
      3.26746          1448
      3.27163          1448
      3.27997          1448
      3.28831          1448
      3.29664          1448
      3.30498          1448
      3.31332          1448
      3.32166          1448
         3.33          1448
      3.33834          1448
      3.34668          1448
      3.35501          1448
      3.36335          1448
      3.37169          1448
      3.46342         15928
      3.48585          1448
      3.49419          1448
      3.50253          1448
      3.51087          1448
      3.51504          1448
      3.54164          1448
      3.54581          1448
      3.55832          1448
      3.56249          1448
      3.59325          1448
      3.59741          1448
      3.60575          1448
      3.60992          1448
      3.64068          1448
      3.64485          1448
      3.65736          1448
      3.66153          1448
      3.68812          1448
      3.69229          1448
      3.70896          1448
      3.71313          1448
      3.73555          1448
      3.73972          1448
      3.74389          1448
      3.76057          1448
      3.76891          1448
      3.78975          1448
      3.79392          1448
      3.79809          1448
      3.80226          1448
      3.81634          1448
      3.82051          1448
      3.84136          1448
      3.84553          1448
       3.8497          1448
      3.85387          1448
      3.86795          1448
      3.87212          1448
      3.89296          1448
      3.89713          1448
       3.9013          1448
      3.90547          1448
      3.91955          1448
      3.92372          1448
      3.94457          1448
      3.94874          1448
      3.95291          1448
      3.95708          1448
      3.97116          1448
      3.97533          1448
      3.99617          1448
      4.00034          1448
      4.00451          1448
      4.00868          1448
      4.02226          1448
      4.02593          1448
      4.04728          1448
      4.05095          1448
      4.05562          1448
      4.05929          1448
      4.07287          1448
      4.07654          1448
      4.08387          1448
      4.09788          1448
      4.10155          1448
      4.10622          1448
      4.10989          1448
      4.12347          1448
      4.12714          1448
      4.15215          1448
      4.15582          1448
      4.16315          1448
      4.17049          1448
      4.17783          1448
      4.18517          1448
      4.19984          1448
      4.20351          1448
      4.21452          1448
      4.21819          1448
       4.2292          1448
      4.23287          1448
      4.25121          1448
      4.25488          1448
      4.26589          1448
      4.26956          1448
      4.28056          1448
      4.28423          1448
      4.30258          1448
      4.30625          1448
      4.31725          1448
      4.32092          1448
      4.33193          1448
       4.3356          1448
      4.35394          1448
      4.35761          1448
      4.36862          1448
      4.37229          1448
       4.3833          1448
      4.38696          1448
      4.40531          1448
      4.40898          1448
      4.41998          1448
      4.42365          1448
      4.43466          1448
      4.43833          1448
      4.45667          1448
      4.46034          1448
      4.47135          1448
      4.47502          1448
      4.48603          1448
       4.4897          1448
      4.50361          1448
      4.50728          1448
      4.51829          1448
      4.52196          1448
      4.53296          1448
      4.53663          1448
      4.55758          1448
      4.56125          1448
      4.57226          1448
      4.57592          1448
      4.58693          1448
       4.5906          1448
      4.60895          1448
      4.61261          1448
      4.62362          1448
      4.62729          1448
       4.6383          1448
      4.64197          1448
      4.66031          1448
      4.66398          1448
      4.67499          1448
      4.67866          1448
      4.68966          1448
      4.69333          1448
      4.71168          1448
      4.71535          1448
      4.72635          1448
      4.73002          1448
      4.74103          1448
       4.7447          1448
      4.76304          1448
      4.76671          1448
      4.77772          1448
      4.78139          1448
       4.7924          1448
      4.79606          1448
      4.81441          1448
      4.81808          1448
      4.82909          1448
      4.83275          1448
      4.84376          1448
      4.84743          1448
      4.86578          1448
      4.86945          1448
      4.88045          1448
      4.88412          1448
      4.89078          1448
      4.89445          1448
      4.91271          1448
      4.91638          1448
      4.92739          1448
      4.93106          1448
      4.94206          1448
      4.94573          1448
      4.96408          1448
      4.96775          1448
      4.97875          1448
      4.98242          1448
      4.99343          1448
       4.9971          1448
      5.01266          1448
      5.01494          1448
      5.02518          1448
      5.02746          1448
      5.03986          1448
      5.04213          1448
      5.06048          1448
      5.06275          1448
        5.073          1448
      5.07528          1448
      5.08767          1448
      5.08995          1448
       5.1083          1448
      5.11057          1448
      5.12082          1448
      5.12309          1448
      5.13549          1448
      5.13777          1448
      5.15611          1448
      5.15839          1448
      5.16864          1448
      5.17091          1448
      5.18331          1448
      5.18559          1448
      5.20393          1448
      5.20621          1448
      5.21645          1448
      5.21873          1448
      5.23113          1448
      5.23341          1448
      5.25175          1448
      5.25403          1448
      5.26359          1448
      5.26587          1448
      5.27667          1448
      5.27895          1448
       5.2973          1448
      5.29957          1448
      5.31144          1448
        5.316          1448
       5.3251          1448
      5.32738          1448
      5.34284          1448
      5.34511          1448
      5.35926          1448
      5.36154          1448
      5.37292          1448
      5.37519          1448
      5.38838          1448
      5.39066          1448
      5.40708          1448
      5.40936          1448
       5.4192           434
      5.46856          1448
      5.47083          1448
      5.47311          1448
      5.47994          1448
      5.48221          1448
      5.48449          1448
      5.48677          1448
      5.51638          1448
      5.51865          1448
      5.52776          1448
      5.53003          1448
      5.53231          1448
      5.53458          1448
      5.56419          1448
      5.56647          1448
      5.57557          1448
      5.57785          1448
      5.58013          1448
       5.5824          1448
      5.61201          1448
      5.61429          1448
      5.62112          1448
      5.62339          1448
      5.62567          1448
      5.62795          1448
      5.65756          1448
      5.65983          1448
      5.67057          1448
      5.67285          1448
       5.6774          1448
      5.68195          1448
       5.7031          1448
      5.70537          1448
      5.71611          1448
      5.71839          1448
      5.72522          1448
      5.72749          1448
      5.74864          1448
      5.75092          1448
      5.76393          1448
      5.76621          1448
      5.77304          1448
      5.77531          1448
      5.79418          1448
      5.79646          1448
      5.81175          1448
      5.81403          1448
      5.82086          1448
      5.82313          1448
      5.83972          1448
        5.842          1448
      5.85957          1448
      5.86185          1448
      5.86867          1448
      5.87095          1448
      5.88527          1448
      5.88754          1448
      5.90739          1448
      5.90967          1448
      5.91649          1448
      5.91877          1448
      5.93081          1448
      5.93309          1448
      5.95521          1448
      5.95748          1448
      5.96431          1448
      5.96659          1448
      5.97729          1448
      5.97957          1448
      6.00075          1448
      6.00303          1448
      6.00938          1448
      6.01118          1448
      6.02236          1448
      6.02416          1448
      6.04582          1448
      6.04762          1448
      6.05444          1448
      6.05624          1448
      6.06742          1448
      6.06922          1448
      6.09088          1448
      6.09268          1448
      6.09951          1448
      6.10131          1448
      6.11249          1448
      6.11429          1448
      6.13595          1448
      6.13774          1448
      6.14457          1448
      6.14637          1448
      6.15755          1448
      6.15935          1448
      6.18101          1448
      6.18281          1448
      6.18964          1448
      6.19144          1448
      6.20262          1448
      6.20442          1448
      6.22608          1448
      6.22788          1448
       6.2347          1448
       6.2365          1448
      6.24768          1448
      6.24948          1448
      6.27114          1448
      6.27294          1448
      6.27977          1448
      6.28157          1448
      6.29275          1448
      6.29455          1448
      6.31621          1448
      6.31801          1448
      6.32484          1448
      6.32663          1448
      6.33781          1448
      6.33961          1448
      6.36127          1448
      6.36307          1448
       6.3699          1448
       6.3717          1448
      6.38288          1448
      6.38468          1448
      6.40634          1448
      6.40814          1448
      6.41497          1448
      6.41677          1448
      6.42795          1448
      6.42974          1448
      6.45141          1448
       6.4532          1448
      6.46003          1448
      6.46183          1448
      6.47301          1448
      6.47481          1448
      6.49647          1448
      6.49827          1448
       6.5051          1448
       6.5069          1448
      6.51808          1448
      6.51987          1448
      6.54154          1448
      6.54333          1448
      6.55016          1448
      6.55196          1448
      6.56314          1448
      6.56494          1448
       6.5866          1448
       6.5884          1448
      6.59523          1448
      6.59703          1448
      6.60821          1448
      6.61001          1448
      6.63167          1448
      6.63347          1448
      6.64029          1448
      6.64209          1448
      6.65327          1448
      6.65507          1448
      6.67673          1448
      6.67853          1448
      6.68536          1448
      6.68716          1448
      6.69834          1448
      6.70014          1448
       6.7218          1448
       6.7236          1448
      6.73043          1448
      6.73222          1448
       6.7434          1448
       6.7452          1448
      6.76686          1448
      6.76866          1448
      6.77549          1448
      6.77729          1448
      6.78847          1448
      6.79027          1448
      6.79207          1448
      6.81193          1448
      6.81373          1448
      6.82056          1448
      6.82235          1448
      6.83353          1448
      6.83533          1448
      6.83713          1448
      6.83893          1448
      6.85879          1448
      6.86059          1448
      6.86742          1448
      6.86922          1448
       6.8804          1448
       6.8822          1448
        6.884          1448
       6.8858          1448
      6.90566          1448
      6.90746          1448
      6.91428          1448
      6.91608          1448
      6.92726          1448
      6.92906          1448
      6.93086          1448
      6.93266          1448
      6.95252          1448
      6.95432          1448
      6.96115          1448
      6.96295          1448
      6.97413          1448
      6.97593          1448
      6.97773          1448
      6.97952          1448
      6.99939          1448
      7.00119          1448
      7.00801          1448
      7.00962          1448
       7.0208          1448
      7.02241          1448
       7.0244          1448
      7.02601          1448
      7.04606          1448
      7.04767          1448
       7.0545          1448
      7.05611          1448
      7.06729          1448
      7.06889          1448
      7.07088          1448
      7.07249          1448
      7.09254          1448
      7.09415          1448
      7.10098          1448
      7.10259          1448
      7.11377          1448
      7.11538          1448
      7.11737          1448
      7.11898          1448
      7.13903          1448
      7.14064          1448
      7.14224          1448
      7.14747          1448
      7.14907          1448
      7.16025          1448
      7.16169          1286
      7.20657          1448
      7.20818          1448
      7.20979          1448
       7.2114          1448
        7.213          1448
      7.21461          1448
      7.21622          1448
      7.21783          1448
      7.21944          1448
      7.25305          1448
      7.25466          1448
      7.25627          1448
      7.25788          1448
      7.25949          1448
       7.2611          1448
      7.26271          1448
      7.26431          1448
      7.29793          1448
      7.29954          1448
      7.30115          1448
      7.30276          1448
      7.30436          1448
      7.30597          1448
      7.30758          1448
      7.30919          1448
       7.3428          1448
      7.34441          1448
      7.34602          1448
      7.34763          1448
      7.34924          1448
      7.35085          1448
      7.35246          1448
      7.35406          1448
      7.38768          1448
      7.38929          1448
       7.3909          1448
       7.3925          1448
      7.39411          1448
      7.39572          1448
      7.39733          1448
      7.39894          1448
      7.40055          1448
      7.43255          1448
      7.43416          1448
      7.43577          1448
      7.43738          1448
      7.43899          1448
       7.4406          1448
      7.44221          1448
      7.44381          1448
      7.44542          1448
      7.44703          1448
      7.47904          1448
      7.48065          1448
      7.48226          1448
      7.48386          1448
      7.48547          1448
      7.48708          1448
      7.48869          1448
       7.4903          1448
      7.49191          1448
      7.49352          1448
      7.52552          1448
      7.52713          1448
      7.52874          1448
      7.53035          1448
      7.53196          1448
      7.53356          1448
      7.53517          1448
      7.53678          1448
      7.53839          1448
         7.54          1448
        7.572          1448
      7.57361          1448
      7.57522          1448
      7.57683          1448
      7.57844          1448
      7.58005          1448
      7.58166          1448
      7.58326          1448
      7.58487          1448
      7.58648          1448
      7.58809          1448
      7.61849          1448
       7.6201          1448
      7.62171          1448
      7.62331          1448
      7.62492          1448
      7.62653          1448
      7.62814          1448
      7.62975          1448
      7.63136          1448
      7.63297          1448
      7.66336          1448
      7.66497          1448
      7.66658          1448
      7.66819          1448
       7.6698          1448
      7.67141          1448
      7.67302          1448
      7.67462          1448
      7.67623          1448
      7.67784          1448
      7.70824          1448
      7.70985          1448
      7.71146          1448
      7.71306          1448
      7.71467          1448
      7.71628          1448
      7.71789          1448
       7.7195          1448
      7.72111          1448
      7.72272          1448
      7.75311          1448
      7.75472          1448
      7.75633          1448
      7.75794          1448
      7.75955          1448
      7.76116          1448
      7.76276          1448
      7.76437          1448
      7.76598          1448
      7.76759          1448
       7.7692          1448
      7.79799          1448
       7.7996          1448
      7.80121          1448
      7.80281          1448
      7.80442          1448
      7.80603          1448
      7.80764          1448
      7.80925          1448
      7.81086          1448
      7.81247          1448
      7.81407          1448
      7.81568          1448
      7.84447          1448
      7.84608          1448
      7.84769          1448
       7.8493          1448
      7.85091          1448
      7.85252          1448
      7.85412          1448
      7.85573          1448
      7.85734          1448
      7.85895          1448
      7.86056          1448
      7.86217          1448
      7.89095          1448
      7.89256          1448
      7.89417          1448
      7.89578          1448
      7.89739          1448
        7.899          1448
      7.90061          1448
      7.90221          1448
      7.90382          1448
      7.90543          1448
      7.90704          1448
      7.90865          1448
      7.91026          1448
      7.93744          1448
      7.93905          1448
      7.94066          1448
      7.94226          1448
      7.94387          1448
      7.94548          1448
      7.94709          1448
       7.9487          1448
      7.95031          1448
      7.95192          1448
      7.95352          1448
      7.95513          1448
      7.98231          1448
      7.98392          1448
      7.98553          1448
      7.98714          1448
      7.98875          1448
      7.99036          1448
      7.99197          1448
      7.99357          1448
      7.99518          1448
      7.99679          1448
       7.9984          1448
      8.00001          1448
      8.02689          1448
      8.02821          1448
      8.02952          1448
      8.03084          1448
      8.03215          1448
      8.03346          1448
      8.03478          1448
      8.03655          1448
      8.03786          1448
      8.03976          1448
      8.04108          1448
      8.04298          1448
      8.04429          1448
      8.07147          1448
      8.07279          1448
       8.0741          1448
      8.07542          1448
      8.07673          1448
      8.07804          1448
      8.07936          1448
      8.08067          1448
      8.08244          1448
      8.08375          1448
      8.08566          1448
      8.08697          1448
      8.08887          1448
      8.09019          1448
      8.11737          1448
      8.11868          1448
         8.12          1448
      8.12131          1448
      8.12262          1448
      8.12394          1448
      8.12525          1448
       8.1261           917
      8.17071          1448
      8.17202          1448
      8.17334          1448
      8.17465          1448
      8.17597          1448
      8.17728          1448
      8.17859          1448
      8.17991          1448
      8.18122          1448
      8.18253          1448
      8.18385          1448
      8.18516          1448
      8.18648          1448
      8.18779          1448
       8.1891          1448
       8.2166          1448
      8.21792          1448
      8.21923          1448
      8.22055          1448
      8.22186          1448
      8.22317          1448
      8.22449          1448
       8.2258          1448
      8.22711          1448
      8.22843          1448
      8.22974          1448
      8.23106          1448
      8.23237          1448
      8.23368          1448
      8.26118          1448
       8.2625          1448
      8.26381          1448
      8.26513          1448
      8.26644          1448
      8.26775          1448
      8.26907          1448
      8.27038          1448
      8.27169          1448
      8.27301          1448
      8.27432          1448
      8.27564          1448
      8.27695          1448
      8.27826          1448
      8.27958          1448
      8.30576          1448
      8.30708          1448
      8.30839          1448
      8.30971          1448
      8.31102          1448
      8.31233          1448
      8.31365          1448
      8.31496          1448
      8.31627          1448
      8.31759          1448
       8.3189          1448
      8.32022          1448
      8.32153          1448
      8.32284          1448
      8.32416          1448
      8.32547          1448
      8.35166          1448
      8.35297          1448
      8.35429          1448
       8.3556          1448
      8.35691          1448
      8.35823          1448
      8.35954          1448
      8.36086          1448
      8.36217          1448
      8.36348          1448
       8.3648          1448
      8.36611          1448
      8.36743          1448
      8.36874          1448
      8.37005          1448
      8.37137          1448
      8.37268          1448
      8.39755          1448
      8.39887          1448
      8.40018          1448
      8.40149          1448
      8.40281          1448
      8.40412          1448
      8.40544          1448
      8.40675          1448
      8.40806          1448
      8.40938          1448
      8.41069          1448
      8.41201          1448
      8.41332          1448
      8.41463          1448
      8.41595          1448
      8.41726          1448
      8.44213          1448
      8.44345          1448
      8.44476          1448
      8.44608          1448
      8.44739          1448
       8.4487          1448
      8.45002          1448
      8.45133          1448
      8.45264          1448
      8.45396          1448
      8.45527          1448
      8.45659          1448
       8.4579          1448
      8.45921          1448
      8.46053          1448
      8.46184          1448
      8.46315          1448
      8.48671          1448
      8.48803          1448
      8.48934          1448
      8.49066          1448
      8.49197          1448
      8.49328          1448
       8.4946          1448
      8.49591          1448
      8.49722          1448
      8.49854          1448
      8.49985          1448
      8.50117          1448
      8.50248          1448
      8.50379          1448
      8.50511          1448
      8.50642          1448
      8.50773          1448
      8.50905          1448
      8.53261          1448
      8.53392          1448
      8.53524          1448
      8.53655          1448
      8.53786          1448
      8.53918          1448
      8.54049          1448
       8.5418          1448
      8.54312          1448
      8.54443          1448
      8.54575          1448
      8.54706          1448
      8.54837          1448
      8.54969          1448
        8.551          1448
      8.55231          1448
      8.55363          1448
      8.55494          1448
      8.55626          1448
       8.5785          1448
      8.57981          1448
      8.58113          1448
      8.58244          1448
      8.58376          1448
      8.58507          1448
      8.58638          1448
       8.5877          1448
      8.58901          1448
      8.59033          1448
      8.59164          1448
      8.59295          1448
      8.59427          1448
      8.59558          1448
      8.59689          1448
      8.59821          1448
      8.59952          1448
      8.60084          1448
      8.62308          1448
      8.62439          1448
      8.62571          1448
      8.62702          1448
      8.62834          1448
      8.62965          1448
      8.63096          1448
      8.63228          1448
      8.63359          1448
      8.63491          1448
      8.63622          1448
      8.63753          1448
      8.63885          1448
      8.64016          1448
      8.64147          1448
      8.64279          1448
       8.6441          1448
      8.64542          1448
      8.64673          1448
      8.66766          1448
      8.66898          1448
      8.67029          1448
       8.6716          1448
      8.67292          1448
      8.67423          1448
      8.67554          1448
      8.67686          1448
      8.67817          1448
      8.67949          1448
       8.6808          1448
      8.68211          1448
      8.68343          1448
      8.68474          1448
      8.68605          1448
      8.68737          1448
      8.68868          1448
         8.69          1448
      8.69131          1448
      8.69262          1448
      8.71356          1448
      8.71487          1448
      8.71618          1448
       8.7175          1448
      8.71881          1448
      8.72012          1448
      8.72144          1448
      8.72275          1448
      8.72407          1448
      8.72538          1448
      8.72669          1448
      8.72801          1448
      8.72932          1448
      8.73063          1448
      8.73195          1448
      8.73326          1448
      8.73458          1448
      8.73589          1448
       8.7372          1448
      8.73852          1448
      8.73983          1448
      8.75945          1448
      8.76076          1448
      8.76208          1448
      8.76339          1448
       8.7647          1448
      8.76602          1448
      8.76733          1448
      8.76865          1448
      8.76996          1448
      8.77127          1448
      8.77259          1448
       8.7739          1448
      8.77521          1448
      8.77653          1448
      8.77784          1448
      8.77916          1448
      8.78047          1448
      8.78178          1448
       8.7831          1448
      8.78441          1448
      8.78573          1448
      8.80403          1448
      8.80534          1448
      8.80666          1448
      8.80797          1448
      8.80928          1448
       8.8106          1448
      8.81191          1448
      8.81323          1448
      8.81454          1448
      8.81585          1448
      8.81717          1448
      8.81848          1448
       8.8198          1448
      8.82111          1448
      8.82242          1448
      8.82374          1448
      8.82505          1448
      8.82636          1448
      8.82768          1448
      8.82899          1448
      8.83031          1448
      8.83162          1448
      8.84992          1448
      8.85124          1448
      8.85255          1448
      8.85387          1448
      8.85518          1448
      8.85649          1448
      8.85781          1448
      8.85912          1448
      8.86043          1448
      8.86175          1448
      8.86306          1448
      8.86438          1448
      8.86569          1448
        8.867          1448
      8.86832          1448
      8.86963          1448
      8.87095          1448
      8.87226          1448
      8.87357          1448
      8.87489          1448
       8.8762          1448
      8.87751          1448
      8.87883          1448
      8.89582          1448
      8.89713          1448
      8.89845          1448
      8.89976          1448
      8.90107          1448
      8.90239          1448
       8.9037          1448
      8.90502          1448
      8.90633          1448
      8.90764          1448
      8.90896          1448
      8.91027          1448
      8.91158          1448
       8.9129          1448
      8.91421          1448
      8.91553          1448
      8.91684          1448
      8.91815          1448
      8.91947          1448
      8.92078          1448
      8.92209          1448
      8.92341          1448
      8.92472          1448
       8.9404          1448
      8.94171          1448
      8.94303          1448
      8.94434          1448
      8.94565          1448
      8.94697          1448
      8.94828          1448
       8.9496          1448
      8.95091          1448
      8.95222          1448
      8.95354          1448
      8.95485          1448
      8.95616          1448
      8.95748          1448
      8.95879          1448
      8.96011          1448
      8.96142          1448
      8.96273          1448
      8.96405          1448
      8.96536          1448
      8.96667          1448
      8.96799          1448
       8.9693          1448
      8.97062          1448
      8.98629          1448
      8.98761          1448
      8.98892          1448
      8.99023          1448
      8.99155          1448
      8.99286          1448
      8.99418          1448
      8.99549          1448
       8.9968          1448
      8.99812          1448
      8.99943          1448
      9.00074          1448
      9.00206          1448
      9.00337          1448
      9.00469          1448
        9.006          1448
      9.00731          1448
       9.0112          1448
      9.01508          1448
      9.01896          1448
      9.02284          1448
      9.02673          1448
      9.03061          1448
      9.03449          1448
      9.03837          1448
      9.04226          1448
      9.04614          1448
      9.05002          1448
       9.0539          1448
      9.05778          1448
      9.06167          1448
      9.06555          1448
      9.06943          1448
      9.07331          1448
       9.0772          1448
      9.08108          1448
      9.08496          1448
      9.08884          1448
      9.09273          1448
      9.09661          1448
      9.10049          1448
      9.10437          1448
      9.10825          1448
      9.11214          1448
      9.11602          1448
       9.1199          1448
      9.12378          1448
      9.12767          1448
      9.13155          1448
      9.13543          1448
      9.13931          1448
       9.1432          1448
      9.21943         28412
      9.26661          1448
      9.27049          1448
      9.27437          1448
      9.27825          1448
      9.28214          1448
      9.28602          1448
       9.2899          1448
      9.29378          1448
      9.29767          1448
      9.30155          1448
      9.30543          1448
      9.31764          1448
      9.32152          1448
       9.3254          1448
      9.32929          1448
      9.33317          1448
      9.33705          1448
      9.34093          1448
      9.34482          1448
       9.3487          1448
      9.35258          1448
      9.35646          1448
      9.36479          1448
      9.36867          1448
      9.37255          1448
      9.37643          1448
      9.38032          1448
       9.3842          1448
      9.38808          1448
      9.39196          1448
      9.39585          1448
      9.39973          1448
      9.40361          1448
      9.40749          1448
      9.41137          1448
      9.41582          1448
       9.4197          1448
      9.42358          1448
      9.42746          1448
      9.43135          1448
      9.43523          1448
      9.43911          1448
      9.44299          1448
      9.44688          1448
      9.45076          1448
      9.45464          1448
      9.45852          1448
      9.46241          1448
      9.46629          1448
      9.47017          1448
      9.47405          1448
      9.47794          1448
      9.48182          1448
       9.4857          1448
      9.48958          1448
      9.49347          1448
      9.49735          1448
      9.50123          1448
      9.50511          1448
        9.509          1448
      9.51288          1448
      9.51676          1448
      9.52064          1448
      9.52453          1448
      9.52841          1448
      9.53229          1448
      9.53617          1448
      9.54005          1448
      9.54394          1448
      9.54782          1448
       9.5517          1448
      9.55558          1448
      9.55947          1448
      9.56335          1448
      9.56723          1448
      9.57111          1448
        9.575          1448
      9.57888          1448
      9.58276          1448
      9.58664          1448
      9.59052          1448
      9.59441          1448
      9.59829          1448
      9.60217          1448
      9.60605          1448
      9.60994          1448
      9.61382          1448
       9.6177          1448
      9.62158          1448
      9.62547          1448
      9.62935          1448
      9.63323          1448
      9.63711          1448
        9.641          1448
      9.64488          1448
      9.64876          1448
      9.65264          1448
      9.65653          1448
      9.66041          1448
      9.66429          1448
      9.66817          1448
      9.67206          1448
      9.67594          1448
      9.67982          1448
       9.6837          1448
      9.68759          1448
      9.69147          1448
      9.69535          1448
      9.69923          1448
      9.70312          1448
      9.77688         27512
      9.78076          1448
      9.78464          1448
       9.7891          1448
      9.80074          1448
      9.80463          1448
      9.80851          1448
      9.81239          1448
      9.81627          1448
      9.82016          1448
      9.82404          1448
      9.82792          1448
       9.8318          1448
      9.83569          1448
      9.84789          1448
      9.85177          1448
      9.85566          1448
      9.85954          1448
      9.86342          1448
       9.8673          1448
      9.87119          1448
      9.87507          1448
      9.87895          1448
      9.88284          1448
      9.89504          1448
      9.89892          1448
      9.90281          1448
      9.90669          1448
      9.91057          1448
      9.91445          1448
      9.91834          1448
      9.92222          1448
       9.9261          1448
      9.92998          1448
      9.94219          1448
      9.94607          1448
      9.94995          1448
      9.95384          1448
      9.95772          1448
       9.9616          1448
      9.96548          1448
      9.96937          1448
      9.97325          1448
      9.97713          1448
      9.98934          1448
      9.99322          1448
       9.9971          1448
       10.001          1448
      10.0049          1448
      10.0088          1448
      10.0122          1448
      10.0156          1448
       10.019          1448
      10.0224          1448
      10.0258          1448
       10.036          1448
      10.0394          1448
      10.0438          1448
      10.0472          1448
      10.0515          1448
      10.0549          1448
      10.0588          1448
      10.0622          1448
      10.0656          1448
       10.069          1448
      10.0724          1448
      10.0758          1448
      10.0861          1448
      10.0895          1448
      10.0938          1448
      10.0972          1448
      10.1016          1448
       10.105          1448
      10.1089          1448
      10.1123          1448
      10.1157          1448
      10.1191          1448
      10.1225          1448
      10.1259          1448
      10.1361          1448
      10.1395          1448
      10.1439          1448
      10.1473          1448
      10.1517          1448
      10.1551          1448
       10.159          1448
      10.1624          1448
      10.1658          1448
      10.1692          1448
      10.1726          1448
       10.176          1448
      10.1862          1448
      10.1896          1448
       10.194          1448
      10.1974          1448
      10.2017          1448
      10.2051          1448
       10.209          1448
      10.2124          1448
      10.2158          1448
      10.2192          1448
      10.2226          1448
       10.226          1448
      10.2363          1448
      10.2397          1448
      10.2431          1448
      10.2465          1448
      10.2499          1448
      10.2533          1448
      10.2567          1448
      10.2601          1448
      10.2635          1448
      10.2669          1448
      10.2703          1448
      10.2737          1448
      10.2771          1448
      10.2863          1448
      10.2897          1448
      10.2931          1448
      10.2965          1448
      10.2999          1448
      10.3033          1448
      10.3067          1448
      10.3101          1448
      10.3135          1448
      10.3169          1448
      10.3203          1448
      10.3237          1448
       10.333          1448
      10.3364          1448
      10.3398          1448
      10.3432          1448
      10.3466          1448
        10.35          1448
      10.3534          1448
      10.3568          1448
      10.3602          1448
      10.3636          1448
       10.367          1448
      10.3704          1448
      10.3797          1448
      10.3831          1448
      10.3865          1448
      10.3899          1448
      10.3933          1448
      10.3967          1448
      10.4001          1448
      10.4035          1448
      10.4069          1448
      10.4103          1448
      10.4137          1448
      10.4171          1448
      10.4263          1448
      10.4297          1448
      10.4331          1448
      10.4365          1448
      10.4399          1448
      10.4433          1448
      10.4467          1448
      10.4501          1448
      10.4535          1448
      10.4569          1448
      10.4603          1448
      10.4637          1448
       10.473          1448
      10.4764          1448
      10.4798          1448
      10.4832          1448
      10.4866          1448
        10.49          1448
      10.4934          1448
      10.4968          1448
      10.5002          1448
      10.5036          1448
       10.507          1448
      10.5104          1448
      10.5197          1448
      10.5231          1448
      10.5265          1448
      10.5299          1448
      10.5333          1448
      10.5367          1448
      10.5401          1448
      10.5435          1448
      10.5469          1448
      10.5503          1448
      10.5537          1448
      10.5571          1448
      10.5663          1448
      10.5697          1448
      10.5731          1448
      10.5765          1448
      10.5799          1448
      10.5833          1448
      10.5867          1448
      10.5901          1448
      10.5935          1448
      10.5969          1448
      10.6003          1448
      10.6037          1448
      10.6071          1448
       10.613          1448
      10.6164          1448
      10.6198          1448
      10.6232          1448
      10.6266          1448
        10.63          1448
      10.6334          1448
      10.6368          1448
      10.6402          1448
      10.6436          1448
       10.647          1448
      10.6504          1448
      10.6538          1448
      10.6572          1448
      10.6631          1448
      10.6665          1448
      10.6699          1448
      10.6733          1448
      10.6767          1448
      10.6801          1448
      10.6835          1448
      10.6869          1448
      10.6903          1448
      10.6937          1448
      10.6971          1448
      10.7005          1448
      10.7039          1448
      10.7073          1448
      10.7131          1448
      10.7165          1448
      10.7199          1448
      10.7233          1448
      10.7267          1448
      10.7301          1448
      10.7335          1448
      10.7369          1448
      10.7403          1448
      10.7437          1448
      10.7471          1448
      10.7505          1448
      10.7539          1448
      10.7573          1448
      10.7632          1448
      10.7666          1448
        10.77          1448
      10.7734          1448
      10.7768          1448
      10.7802          1448
      10.7836          1448
       10.787          1448
      10.7904          1448
      10.7938          1448
      10.7972          1448
      10.8006          1448
       10.804          1448
      10.8074          1448
      10.8133          1448
      10.8167          1448
      10.8201          1448
      10.8235          1448
      10.8269          1448
      10.8303          1448
      10.8337          1448
      10.8371          1448
      10.8405          1448
      10.8439          1448
      10.8473          1448
      10.8507          1448
      10.8541          1448
      10.8575          1448
      10.8633          1448
      10.8667          1448
      10.8701          1448
      10.8735          1448
      10.8769          1448
      10.8803          1448
      10.8837          1448
      10.8871          1448
      10.8905          1448
      10.8939          1448
      10.8973          1448
      10.9007          1448
      10.9041          1448
      10.9075          1448
      10.9134          1448
      10.9168          1448
      10.9202          1448
      10.9236          1448
       10.927          1448
      10.9304          1448
      10.9338          1448
      10.9372          1448
      10.9406          1448
       10.944          1448
      10.9474          1448
      10.9508          1448
      10.9542          1448
      10.9576          1448
      10.9635          1448
      10.9669          1448
      10.9703          1448
      10.9737          1448
      10.9771          1448
      10.9805          1448
      10.9839          1448
      10.9873          1448
      10.9907          1448
      10.9941          1448
      10.9975          1448
      11.0009          1448
      11.0043          1448
      11.0077          1448
      11.0126          1448
       11.015          1448
      11.0194          1448
      11.0218          1448
      11.0262          1448
      11.0286          1448
       11.033          1448
      11.0354          1448
      11.0398          1448
      11.0422          1448
      11.0466          1448
       11.049          1448
      11.0534          1448
      11.0558          1448
      11.0608          1448
      11.0632          1448
      11.0676          1448
        11.07          1448
      11.0744          1448
      11.0768          1448
      11.0812          1448
      11.0836          1448
       11.088          1448
      11.0904          1448
      11.0948          1448
      11.0972          1448
      11.1016          1448
       11.104          1448
      11.1089          1448
      11.1114          1448
      11.1157          1448
      11.1182          1448
      11.1225          1448
       11.125          1448
      11.1293          1448
      11.1318          1448
      11.1361          1448
      11.1386          1448
      11.1429          1448
      11.1454          1448
      11.1497          1448
      11.1522          1448
      11.1571          1448
      11.1596          1448
      11.1639          1448
      11.1664          1448
      11.1707          1448
      11.1732          1448
      11.1775          1448
        11.18          1448
      11.1843          1448
      11.1868          1448
      11.1911          1448
      11.1936          1448
      11.1979          1448
      11.2004          1448
      11.2053          1448
      11.2077          1448
      11.2121          1448
      11.2145          1448
      11.2189          1448
      11.2213          1448
      11.2257          1448
      11.2281          1448
      11.2325          1448
      11.2349          1448
      11.2393          1448
      11.2417          1448
      11.2461          1448
      11.2485          1448
      11.2535          1448
      11.2559          1448
      11.2603          1448
      11.2627          1448
      11.2671          1448
      11.2695          1448
      11.2739          1448
      11.2763          1448
      11.2807          1448
      11.2831          1448
      11.2875          1448
      11.2899          1448
      11.2943          1448
      11.2967          1448
      11.3004           940
      11.3461          1448
      11.3486          1448
       11.351          1448
      11.3535          1448
       11.356          1448
      11.3584          1448
      11.3609          1448
      11.3633          1448
      11.3658          1448
      11.3682          1448
      11.3707          1448
      11.3731          1448
      11.3756          1448
       11.378          1448
      11.3943          1448
      11.3968          1448
      11.3992          1448
      11.4017          1448
      11.4041          1448
      11.4066          1448
       11.409          1448
      11.4115          1448
      11.4139          1448
      11.4164          1448
      11.4189          1448
      11.4213          1448
      11.4238          1448
      11.4262          1448
      11.4425          1448
      11.4449          1448
      11.4474          1448
      11.4498          1448
      11.4523          1448
      11.4548          1448
      11.4572          1448
      11.4597          1448
      11.4621          1448
      11.4646          1448
       11.467          1448
      11.4695          1448
      11.4719          1448
      11.4744          1448
      11.4907          1448
      11.4931          1448
      11.4956          1448
       11.498          1448
      11.5005          1448
      11.5029          1448
      11.5054          1448
      11.5078          1448
      11.5103          1448
      11.5127          1448
      11.5152          1448
      11.5177          1448
      11.5201          1448
      11.5226          1448
      11.5388          1448
      11.5413          1448
      11.5437          1448
      11.5462          1448
      11.5487          1448
      11.5511          1448
      11.5536          1448
       11.556          1448
      11.5585          1448
      11.5609          1448
      11.5634          1448
      11.5658          1448
      11.5683          1448
      11.5707          1448
       11.587          1448
      11.5895          1448
      11.5919          1448
      11.5944          1448
      11.5968          1448
      11.5993          1448
      11.6017          1448
      11.6042          1448
      11.6066          1448
      11.6091          1448
      11.6116          1448
       11.614          1448
      11.6165          1448
      11.6189          1448
      11.6352          1448
      11.6376          1448
      11.6401          1448
      11.6425          1448
       11.645          1448
      11.6475          1448
      11.6499          1448
      11.6524          1448
      11.6548          1448
      11.6573          1448
      11.6597          1448
      11.6622          1448
      11.6646          1448
      11.6671          1448
      11.6834          1448
      11.6858          1448
      11.6883          1448
      11.6907          1448
      11.6932          1448
      11.6956          1448
      11.6981          1448
      11.7005          1448
       11.703          1448
      11.7054          1448
      11.7079          1448
      11.7104          1448
      11.7128          1448
      11.7153          1448
      11.7315          1448
       11.734          1448
      11.7364          1448
      11.7389          1448
      11.7414          1448
      11.7438          1448
      11.7463          1448
      11.7487          1448
      11.7512          1448
      11.7536          1448
      11.7561          1448
      11.7585          1448
       11.761          1448
      11.7634          1448
      11.7797          1448
      11.7822          1448
      11.7846          1448
      11.7871          1448
      11.7895          1448
       11.792          1448
      11.7944          1448
      11.7969          1448
      11.7993          1448
      11.8018          1448
      11.8042          1448
      11.8067          1448
      11.8092          1448
      11.8116          1448
      11.8279          1448
      11.8303          1448
      11.8328          1448
      11.8352          1448
      11.8377          1448
      11.8402          1448
      11.8426          1448
      11.8451          1448
      11.8475          1448
        11.85          1448
      11.8524          1448
      11.8549          1448
      11.8573          1448
      11.8598          1448
      11.8761          1448
      11.8785          1448
       11.881          1448
      11.8834          1448
      11.8859          1448
      11.8883          1448
      11.8908          1448
      11.8932          1448
      11.8957          1448
      11.8981          1448
      11.9006          1448
      11.9031          1448
      11.9055          1448
       11.908          1448
      11.9242          1448
      11.9267          1448
      11.9291          1448
      11.9316          1448
       11.934          1448
      11.9365          1448
       11.939          1448
      11.9414          1448
      11.9439          1448
      11.9463          1448
      11.9488          1448
      11.9512          1448
      11.9537          1448
      11.9561          1448
      11.9724          1448
      11.9749          1448
      11.9773          1448
      11.9798          1448
      11.9822          1448
      11.9847          1448
      11.9871          1448
      11.9896          1448
       11.992          1448
      11.9945          1448
       11.997          1448
      11.9994          1448
      12.0019          1448
      12.0043          1448
      12.0208          1448
      12.0234          1448
       12.026          1448
      12.0287          1448
      12.0313          1448
      12.0339          1448
      12.0366          1448
      12.0392          1448
      12.0418          1448
      12.0445          1448
      12.0471          1448
      12.0497          1448
      12.0524          1448
       12.055          1448
      12.0693          1448
      12.0719          1448
      12.0746          1448
      12.0772          1448
      12.0798          1448
      12.0825          1448
      12.0851          1448
      12.0877          1448
      12.0904          1448
       12.093          1448
      12.0956          1448
      12.0983          1448
      12.1009          1448
      12.1035          1448
      12.1062          1448
      12.1178          1448
      12.1205          1448
      12.1231          1448
      12.1257          1448
      12.1284          1448
       12.131          1448
      12.1336          1448
      12.1363          1448
      12.1389          1448
      12.1415          1448
      12.1442          1448
      12.1468          1448
      12.1494          1448
      12.1521          1448
      12.1637          1448
      12.1664          1448
       12.169          1448
      12.1716          1448
      12.1743          1448
      12.1769          1448
      12.1795          1448
      12.1822          1448
      12.1848          1448
      12.1874          1448
      12.1901          1448
      12.1927          1448
      12.1953          1448
       12.198          1448
      12.2096          1448
      12.2123          1448
      12.2149          1448
      12.2175          1448
      12.2202          1448
      12.2228          1448
      12.2254          1448
      12.2281          1448
      12.2307          1448
      12.2333          1448
       12.236          1448
      12.2386          1448
      12.2412          1448
      12.2439          1448
      12.2555          1448
      12.2582          1448
      12.2608          1448
      12.2634          1448
      12.2661          1448
      12.2687          1448
      12.2713          1448
       12.274          1448
      12.2766          1448
      12.2792          1448
      12.2819          1448
      12.2845          1448
      12.2871          1448
      12.2898          1448
      12.3014          1448
      12.3041          1448
      12.3067          1448
      12.3093          1448
       12.312          1448
      12.3146          1448
      12.3172          1448
      12.3199          1448
      12.3225          1448
      12.3251          1448
      12.3278          1448
      12.3304          1448
       12.333          1448
      12.3357          1448
      12.3473          1448
        12.35          1448
      12.3526          1448
      12.3552          1448
      12.3579          1448
      12.3605          1448
      12.3631          1448
      12.3658          1448
      12.3684          1448
       12.371          1448
      12.3737          1448
      12.3763          1448
      12.3789          1448
      12.3816          1448
      12.3932          1448
      12.3959          1448
      12.3985          1448
      12.4011          1448
      12.4038          1448
      12.4064          1448
       12.409          1448
      12.4117          1448
      12.4143          1448
      12.4169          1448
      12.4196          1448
      12.4222          1448
      12.4248          1448
      12.4275          1448
      12.4391          1448
      12.4418          1448
      12.4444          1448
       12.447          1448
      12.4497          1448
      12.4523          1448
      12.4549          1448
      12.4576          1448
      12.4602          1448
      12.4628          1448
      12.4655          1448
      12.4681          1448
      12.4707          1448
      12.4734          1448
       12.485          1448
      12.4877          1448
      12.4903          1448
      12.4929          1448
      12.4956          1448
      12.4982          1448
      12.5008          1448
      12.5035          1448
      12.5061          1448
      12.5087          1448
      12.5114          1448
       12.514          1448
      12.5166          1448
      12.5193          1448
      12.5309          1448
      12.5336          1448
      12.5362          1448
      12.5388          1448
      12.5415          1448
      12.5441          1448
      12.5467          1448
      12.5494          1448
       12.552          1448
      12.5546          1448
      12.5573          1448
      12.5599          1448
      12.5625          1448
      12.5652          1448
      12.5768          1448
      12.5795          1448
      12.5821          1448
      12.5847          1448
      12.5874          1448
        12.59          1448
      12.5926          1448
      12.5953          1448
      12.5979          1448
      12.6005          1448
      12.6032          1448
      12.6058          1448
      12.6084          1448
      12.6111          1448
      12.6227          1448
      12.6254          1448
       12.628          1448
      12.6306          1448
      12.6333          1448
      12.6359          1448
      12.6385          1448
      12.6412          1448
      12.6438          1448
      12.6464          1448
      12.6491          1448
      12.6517          1448
      12.6543          1448
       12.657          1448
      12.6686          1448
      12.6713          1448
      12.6739          1448
      12.6765          1448
      12.6792          1448
      12.6818          1448
      12.6844          1448
      12.6871          1448
      12.6897          1448
      12.6923          1448
       12.695          1448
      12.6976          1448
      12.7002          1448
      12.7029          1448
      12.7145          1448
      12.7172          1448
      12.7198          1448
      12.7224          1448
      12.7251          1448
      12.7277          1448
      12.7303          1448
       12.733          1448
      12.7356          1448
      12.7382          1448
      12.7409          1448
      12.7435          1448
      12.7461          1448
      12.7488          1448
      12.7604          1448
      12.7631          1448
      12.7657          1448
      12.7683          1448
       12.771          1448
      12.7736          1448
      12.7762          1448
      12.7789          1448
      12.7815          1448
      12.7841          1448
      12.7868          1448
      12.7894          1448
       12.792          1448
      12.7947          1448
      12.8063          1448
       12.809          1448
      12.8116          1448
      12.8142          1448
      12.8169          1448
      12.8195          1448
      12.8221          1448
      12.8248          1448
      12.8274          1448
        12.83          1448
      12.8327          1448
      12.8353          1448
      12.8379          1448
      12.8406          1448
      12.8522          1448
      12.8549          1448
      12.8575          1448
      12.8601          1448
      12.8628          1448
      12.8654          1448
       12.868          1448
      12.8707          1448
      12.8733          1448
      12.8759          1448
      12.8786          1448
      12.8812          1448
      12.8838          1448
      12.8865          1448
      12.8981          1448
      12.9008          1448
      12.9034          1448
       12.906          1448
      12.9087          1448
      12.9113          1448
      12.9139          1448
      12.9166          1448
      12.9192          1448
      12.9218          1448
      12.9245          1448
      12.9271          1448
      12.9297          1448
      12.9324          1448
       12.944          1448
      12.9467          1448
      12.9493          1448
      12.9519          1448
      12.9546          1448
      12.9572          1448
      12.9598          1448
      12.9625          1448
      12.9651          1448
      12.9677          1448
      12.9704          1448
       12.973          1448
      12.9756          1448
      12.9783          1448
      12.9899          1448
      12.9926          1448
      12.9952          1448
      12.9978          1448
      13.0005          1448
      13.0031          1448
      13.0057          1448
      13.0084          1448
      13.0107          1448
      13.0131          1448
       13.016          1448
      13.0184          1448
      13.0213          1448
      13.0237          1448
      13.0356          1448
       13.038          1448
      13.0408          1448
      13.0432          1448
      13.0461          1448
      13.0485          1448
      13.0514          1448
      13.0538          1448
      13.0564          1448
      13.0588          1448
      13.0617          1448
       13.064          1448
      13.0669          1448
      13.0693          1448
      13.0812          1448
      13.0836          1448
      13.0865          1448
      13.0889          1448
      13.0918          1448
      13.0941          1448
       13.097          1448
      13.0994          1448
       13.102          1448
      13.1044          1448
      13.1073          1448
      13.1097          1448
      13.1126          1448
      13.1149          1448
      13.1269          1448
      13.1292          1448
      13.1321          1448
      13.1345          1448
      13.1374          1448
      13.1398          1448
      13.1427          1448
       13.145          1448
      13.1477          1448
      13.1501          1448
      13.1529          1448
      13.1553          1448
      13.1582          1448
      13.1606          1448
      13.1725          1448
      13.1749          1448
      13.1778          1448
      13.1801          1448
       13.183          1448
      13.1854          1448
      13.1883          1448
      13.1907          1448
      13.1933          1448
      13.1957          1448
      13.1986          1448
       13.201          1448
      13.2039          1448
      13.2062          1448
      13.2181          1448
      13.2205          1448
      13.2234          1448
      13.2258          1448
      13.2287          1448
      13.2311          1448
       13.234          1448
      13.2363          1448
       13.239          1448
      13.2413          1448
      13.2442          1448
      13.2466          1448
      13.2495          1448
      13.2519          1448
      13.2638          1448
      13.2662          1448
      13.2691          1448
      13.2714          1448
      13.2743          1448
      13.2767          1448
      13.2796          1448
       13.282          1448
      13.2846          1448
       13.287          1448
      13.2899          1448
      13.2922          1448
      13.2951          1448
      13.2975          1448
      13.3094          1448
      13.3142          1448
      13.3189          1448
      13.3237          1448
      13.3284          1448
      13.3332          1448
      13.3379          1448
      13.3427          1448
      13.3474          1448
      13.3498          1448
      13.3522          1448
      13.3546          1448
      13.3569          1448
      13.3593          1448
      13.3617          1448
      13.3641          1448
      13.3712          1448
      13.3759          1448
      13.3807          1448
      13.3855          1448
      13.3902          1448
       13.395          1448
      13.3997          1448
      13.4045          1448
      13.4092          1448
       13.414          1448
      13.4187          1448
      13.4235          1448
      13.4282          1448
       13.433          1448
      13.4377          1448
      13.4425          1448
      13.4472          1448
       13.452          1448
      13.4567          1448
      13.4615          1448
      13.4662          1448
       13.471          1448
      13.4757          1448
      13.4805          1448
      13.4852          1448
        13.49          1448
      13.4937           790
      13.5394          1448
      13.5417          1448
      13.5441          1448
      13.5465          1448
      13.5489          1448
      13.5512          1448
      13.5536          1448
       13.556          1448
      13.5584          1448
      13.5607          1448
      13.5631          1448
      13.5655          1448
      13.5679          1448
      13.5702          1448
      13.5726          1448
      13.5874          1448
      13.5898          1448
      13.5921          1448
      13.5945          1448
      13.5969          1448
      13.5993          1448
      13.6016          1448
       13.604          1448
      13.6064          1448
      13.6088          1448
      13.6111          1448
      13.6135          1448
      13.6159          1448
      13.6183          1448
       13.633          1448
      13.6354          1448
      13.6378          1448
      13.6401          1448
      13.6425          1448
      13.6449          1448
      13.6473          1448
      13.6497          1448
       13.652          1448
      13.6544          1448
      13.6568          1448
      13.6592          1448
      13.6615          1448
      13.6639          1448
      13.6663          1448
      13.6787          1448
       13.681          1448
      13.6834          1448
      13.6858          1448
      13.6882          1448
      13.6905          1448
      13.6929          1448
      13.6953          1448
      13.6977          1448
         13.7          1448
      13.7024          1448
      13.7048          1448
      13.7072          1448
      13.7095          1448
      13.7119          1448
      13.7143          1448
      13.7286          1448
      13.7309          1448
      13.7333          1448
      13.7357          1448
      13.7381          1448
      13.7404          1448
      13.7428          1448
      13.7452          1448
      13.7476          1448
      13.7499          1448
      13.7523          1448
      13.7547          1448
      13.7571          1448
      13.7594          1448
      13.7618          1448
      13.7642          1448
      13.7784          1448
      13.7808          1448
      13.7832          1448
      13.7856          1448
       13.788          1448
      13.7903          1448
      13.7927          1448
      13.7951          1448
      13.7975          1448
      13.7998          1448
      13.8022          1448
      13.8046          1448
       13.807          1448
      13.8093          1448
      13.8117          1448
      13.8141          1448
      13.8307          1448
      13.8331          1448
      13.8378          1448
      13.8402          1448
      13.8426          1448
       13.845          1448
      13.8473          1448
      13.8497          1448
      13.8521          1448
      13.8545          1448
      13.8568          1448
      13.8592          1448
      13.8616          1448
       13.864          1448
      13.8663          1448
      13.8735          1448
       13.883          1448
      13.8854          1448
      13.8901          1448
      13.8949          1448
      13.8972          1448
      13.8996          1448
       13.902          1448
      13.9044          1448
      13.9067          1448
      13.9091          1448
      13.9115          1448
      13.9139          1448
      13.9162          1448
      13.9234          1448
      13.9281          1448
      13.9329          1448
      13.9376          1448
      13.9424          1448
      13.9471          1448
      13.9519          1448
      13.9566          1448
      13.9614          1448
      13.9637          1448
      13.9661          1448
      13.9685          1448
      13.9756          1448
       13.978          1448
      13.9851          1448
      13.9875          1448
      13.9946          1448
       13.997          1448
      14.0041          1448
      14.0683         27512
      14.0762          1448
        14.09          1448
      14.0948          1448
       14.102          1448
      14.1044          1448
      14.1092          1448
       14.114          1448
      14.1188          1448
      14.1237          1448
      14.1285          1448
      14.1333          1448
      14.1381          1448
      14.1429          1448
      14.1501          1448
      14.1525          1448
      14.1574          1448
      14.1622          1448
       14.167          1448
      14.1718          1448
      14.1766          1448
      14.1814          1448
      14.1862          1448
       14.191          1448
      14.1983          1448
      14.2007          1448
      14.2055          1448
      14.2103          1448
      14.2151          1448
      14.2199          1448
      14.2247          1448
      14.2295          1448
      14.2344          1448
      14.2392          1448
       14.244          1448
      14.2488          1448
      14.2536          1448
      14.2584          1448
      14.2632          1448
      14.2681          1448
      14.2729          1448
      14.2777          1448
      14.2825          1448
      14.2873          1448
      14.2921          1448
      14.2969          1448
      14.3017          1448
      14.3066          1448
      14.3114          1448
      14.3162          1448
       14.321          1448
      14.3258          1448
      14.3306          1448
      14.3354          1448
      14.3378          1448
      14.3403          1448
      14.3451          1448
      14.3494          1448
      14.3518          1448
      14.3567          1448
      14.3615          1448
      14.3663          1448
      14.3711          1448
      14.3735          1448
      14.3763          1448
      14.3787          1448
      14.3835          1448
      14.3859          1448
      14.3907          1448
      14.3931          1448
      14.3975          1448
      14.3999          1448
      14.4071          1448
      14.4095          1448
      14.4168          1448
      14.4192          1448
       14.422          1448
      14.4244          1448
      14.4292          1448
      14.4316          1448
      14.4364          1448
      14.4388          1448
      14.4432          1448
      14.4456          1448
      14.4528          1448
      14.4552          1448
      14.4624          1448
      14.4648          1448
      14.4676          1448
      14.4701          1448
      14.4749          1448
      14.4773          1448
      14.4821          1448
      14.4845          1448
      14.4889          1448
      14.4913          1448
      14.4985          1448
      14.5009          1448
      14.5081          1448
      14.5105          1448
      14.5133          1448
      14.5157          1448
      14.5181          1448
      14.5205          1448
      14.5229          1448
      14.5278          1448
      14.5302          1448
      14.5345          1448
      14.5369          1448
      14.5442          1448
      14.5466          1448
      14.5538          1448
      14.5562          1448
       14.559          1448
      14.5614          1448
      14.5638          1448
      14.5662          1448
      14.5686          1448
       14.571          1448
      14.5758          1448
      14.5782          1448
      14.5826          1448
       14.585          1448
      14.5922          1448
      14.5946          1448
      14.6019          1448
      14.6043          1448
      14.6071          1448
      14.6095          1448
      14.6119          1448
      14.6143          1448
      14.6167          1448
      14.6191          1448
      14.6239          1448
      14.6263          1448
      14.6307          1448
      14.6331          1448
      14.6403          1448
      14.6427          1448
      14.6499          1448
      14.6523          1448
      14.6552          1448
      14.6576          1448
        14.66          1448
      14.6624          1448
      14.6648          1448
      14.6672          1448
       14.672          1448
      14.6744          1448
      14.6788          1448
      14.6812          1448
      14.6884          1448
      14.6908          1448
       14.698          1448
      14.7004          1448
      14.7032          1448
      14.7056          1448
       14.708          1448
      14.7104          1448
      14.7129          1448
      14.7153          1448
      14.7177          1448
      14.7201          1448
      14.7225          1448
      14.7268          1448
      14.7293          1448
      14.7365          1448
      14.7389          1448
      14.7461          1448
      14.7485          1448
      14.7513          1448
      14.7537          1448
      14.7561          1448
      14.7585          1448
      14.7609          1448
      14.7633          1448
      14.7657          1448
      14.7682          1448
      14.7725          1448
      14.7749          1448
      14.7821          1448
      14.7846          1448
      14.7918          1448
      14.7942          1448
       14.797          1448
      14.7994          1448
      14.8018          1448
      14.8042          1448
      14.8066          1448
       14.809          1448
      14.8114          1448
      14.8138          1448
      14.8182          1448
      14.8206          1448
      14.8278          1448
      14.8302          1448
      14.8374          1448
      14.8399          1448
      14.8427          1448
      14.8451          1448
      14.8475          1448
      14.8499          1448
      14.8523          1448
      14.8547          1448
      14.8571          1448
      14.8595          1448
      14.8639          1448
      14.8663          1448
      14.8735          1448
      14.8759          1448
      14.8831          1448
      14.8855          1448
      14.8883          1448
      14.8907          1448
      14.8931          1448
      14.8955          1448
       14.898          1448
      14.9004          1448
      14.9028          1448
      14.9052          1448
      14.9095          1448
      14.9119          1448
      14.9192          1448
      14.9216          1448
      14.9288          1448
      14.9312          1448
       14.934          1448
      14.9364          1448
      14.9388          1448
      14.9412          1448
      14.9436          1448
       14.946          1448
      14.9484          1448
      14.9508          1448
      14.9552          1448
      14.9576          1448
      14.9648          1448
      14.9672          1448
      14.9697          1448
      14.9745          1448
      14.9769          1448
      14.9797          1448
      14.9821          1448
      14.9845          1448
      14.9869          1448
      14.9893          1448
      14.9917          1448
      14.9941          1448
      14.9965          1448
      15.0009          1448
      15.0033          1448
      15.0116          1448
      15.0151          1448
      15.0186          1448
      15.0222          1448
      15.0257          1448
      15.0292          1448
      15.0327          1448
      15.0362          1448
      15.0397          1448
      15.0432          1448
      15.0468          1448
      15.0503          1448
      15.0538          1448
      15.0573          1448
      15.0608          1448
      15.0643          1448
      15.0678          1448
      15.0714          1448
      15.0749          1448
      15.0784          1448
      15.0819          1448
      15.0854          1448
      15.0889          1448
      15.0925          1448
       15.096          1448
      15.0995          1448
       15.103          1448
      15.1065          1448
        15.11          1448
      15.1135          1448
      15.1171          1448
      15.1206          1448
      15.1241          1448
      15.1276          1448
      15.1311          1448
      15.1346          1448
      15.1381          1448
      15.1417          1448
      15.1452          1448
      15.1487          1448
      15.1522          1448
      15.1557          1448
      15.1592          1448
      15.1627          1448
      15.1663          1448
      15.1698          1448
      15.1733          1448
      15.1768          1448
      15.1803          1448
      15.1838          1448
      15.1873          1448
      15.1909          1448
      15.1944          1448
      15.1979          1448
      15.2014          1448
      15.2049          1448
      15.2084          1448
      15.2119          1448
      15.2155          1448
       15.219          1448
      15.2225          1448
       15.226          1448
      15.2295          1448
       15.233          1448
      15.2365          1448
      15.2401          1448
      15.2436          1448
      15.2471          1448
      15.2506          1448
      15.2541          1448
      15.2576          1448
      15.2611          1448
      15.2647          1448
      15.2682          1448
      15.2717          1448
      15.2752          1448
      15.2787          1448
      15.2822          1448
      15.2857          1448
      15.2893          1448
      15.2928          1448
      15.2963          1448
      15.2998          1448
      15.3033          1448
      15.3068          1448
      15.3103          1448
      15.3139          1448
      15.3174          1448
      15.3209          1448
      15.3244          1448
      15.3279          1448
      15.3314          1448
       15.335          1448
      15.3385          1448
       15.342          1448
      15.3455          1448
       15.349          1448
      15.3525          1448
       15.356          1448
      15.3596          1448
      15.3631          1448
      15.3666          1448
      15.3701          1448
      15.3736          1448
      15.3771          1448
      15.3806          1448
      15.3842          1448
      15.3877          1448
      15.3912          1448
      15.3947          1448
      15.3982          1448
      15.4017          1448
      15.4052          1448
      15.4088          1448
      15.4123          1448
      15.4158          1448
      15.4193          1448
      15.4228          1448
      15.4896         27512
      15.4931          1448
      15.4977          1448
      15.5047          1448
      15.5153          1448
      15.5188          1448
      15.5223          1448
      15.5258          1448
      15.5293          1448
      15.5329          1448
      15.5364          1448
      15.5399          1448
      15.5445          1448
       15.548          1448
      15.5621          1448
      15.5656          1448
      15.5691          1448
      15.5726          1448
      15.5761          1448
      15.5796          1448
      15.5832          1448
      15.5867          1448
      15.5899          1003
      15.6367          1448
      15.6402          1448
      15.6437          1448
      15.6472          1448
      15.6508          1448
      15.6543          1448
      15.6578          1448
      15.6613          1448
      15.6648          1448
      15.6683          1448
      15.6718          1448
      15.6754          1448
       15.687          1448
      15.6905          1448
       15.694          1448
      15.6975          1448
       15.701          1448
      15.7046          1448
      15.7081          1448
      15.7116          1448
      15.7151          1448
      15.7186          1448
      15.7221          1448
      15.7256          1448
      15.7373          1448
      15.7408          1448
      15.7443          1448
      15.7478          1448
      15.7513          1448
      15.7549          1448
      15.7584          1448
      15.7619          1448
      15.7654          1448
      15.7689          1448
      15.7724          1448
      15.7759          1448
      15.7795          1448
      15.7876          1448
      15.7911          1448
      15.7946          1448
      15.7981          1448
      15.8016          1448
      15.8052          1448
      15.8087          1448
      15.8122          1448
      15.8157          1448
      15.8192          1448
      15.8227          1448
      15.8262          1448
      15.8344          1448
      15.8379          1448
      15.8414          1448
      15.8449          1448
      15.8484          1448
      15.8519          1448
      15.8554          1448
       15.859          1448
      15.8625          1448
       15.866          1448
      15.8695          1448
       15.873          1448
      15.8811          1448
      15.8847          1448
      15.8882          1448
      15.8917          1448
      15.8952          1448
      15.8987          1448
      15.9022          1448
      15.9057          1448
      15.9093          1448
      15.9128          1448
      15.9163          1448
      15.9198          1448
      15.9279          1448
      15.9314          1448
       15.935          1448
      15.9385          1448
       15.942          1448
      15.9455          1448
       15.949          1448
      15.9525          1448
       15.956          1448
      15.9596          1448
      15.9631          1448
      15.9666          1448
      15.9701          1448
      15.9747          1448
      15.9782          1448
      15.9817          1448
      15.9852          1448
      15.9888          1448
      15.9923          1448
      15.9958          1448
      15.9993          1448
      16.0028          1448
      16.0063          1448
      16.0099          1448
      16.0137          1448
      16.0175          1448
      16.0213          1448
      16.0253          1448
      16.0291          1448
      16.0329          1448
      16.0367          1448
      16.0405          1448
      16.0443          1448
      16.0481          1448
      16.0519          1448
      16.0557          1448
      16.0595          1448
      16.0634          1448
      16.0672          1448
       16.071          1448
      16.0748          1448
      16.0786          1448
      16.0824          1448
      16.0862          1448
        16.09          1448
      16.0938          1448
      16.0976          1448
      16.1014          1448
      16.1052          1448
       16.109          1448
      16.1128          1448
      16.1166          1448
      16.1204          1448
      16.1243          1448
      16.1281          1448
      16.1319          1448
      16.1357          1448
      16.1395          1448
      16.1433          1448
      16.1471          1448
      16.1509          1448
      16.1547          1448
      16.1585          1448
      16.1623          1448
      16.1661          1448
      16.1699          1448
      16.1737          1448
      16.1775          1448
      16.1813          1448
      16.1852          1448
       16.189          1448
      16.1928          1448
      16.1966          1448
      16.2004          1448
      16.2042          1448
       16.208          1448
      16.2118          1448
      16.2156          1448
      16.2194          1448
      16.2232          1448
       16.227          1448
      16.2308          1448
      16.2346          1448
      16.2384          1448
      16.2422          1448
       16.246          1448
      16.2499          1448
      16.2537          1448
      16.2575          1448
      16.2613          1448
      16.2651          1448
      16.2689          1448
      16.2727          1448
      16.2765          1448
      16.2803          1448
      16.2841          1448
      16.2879          1448
      16.2917          1448
      16.2955          1448
      16.2993          1448
      16.3031          1448
      16.3069          1448
      16.3108          1448
      16.3146          1448
      16.3184          1448
      16.3222          1448
       16.326          1448
      16.3298          1448
      16.3336          1448
      16.3374          1448
      16.3412          1448
       16.345          1448
      16.3488          1448
      16.3526          1448
      16.3564          1448
      16.3602          1448
       16.364          1448
      16.3678          1448
      16.3717          1448
      16.3755          1448
      16.3793          1448
      16.3831          1448
      16.3869          1448
      16.3907          1448
      16.3945          1448
      16.3983          1448
      16.4021          1448
      16.4059          1448
      16.4097          1448
      16.4135          1448
      16.4173          1448
      16.4211          1448
      16.4249          1448
      16.4287          1448
      16.4325          1448
      16.4364          1448
      16.4402          1448
       16.444          1448
      16.4478          1448
      16.4516          1448
      16.4554          1448
      16.4592          1448
       16.463          1448
      16.4668          1448
      16.4706          1448
      16.4744          1448
      16.4782          1448
       16.482          1448
      16.4858          1448
      16.4896          1448
      16.5582         26064
       16.562          1448
      16.5672          1448
      16.5748          1448
      16.5862          1448
        16.59          1448
      16.5938          1448
      16.5976          1448
      16.6014          1448
      16.6052          1448
       16.609          1448
      16.6142          1448
      16.6181          1448
      16.6219          1448
      16.6333          1448
      16.6371          1448
      16.6409          1448
      16.6447          1448
      16.6485          1448
      16.6523          1448
      16.6561          1448
      16.6599          1448
      16.6651          1448
      16.6689          1448
      16.6803          1448
      16.6842          1448
       16.688          1448
      16.6918          1448
      16.6956          1448
      16.6994          1448
      16.7032          1448
       16.707          1448
      16.7122          1448
       16.716          1448
      16.7274          1448
      16.7312          1448
       16.735          1448
      16.7388          1448
      16.7426          1448
      16.7465          1448
      16.7503          1448
      16.7541          1448
      16.7593          1448
      16.7631          1448
      16.7745          1448
      16.7783          1448
      16.7821          1448
      16.7859          1448
      16.7897          1448
      16.7935          1448
      16.7973          1448
      16.8011          1448
      16.8063          1448
      16.8101          1448
      16.8216          1448
      16.8254          1448
      16.8292          1448
       16.833          1448
      16.8368          1448
      16.8406          1448
      16.8444          1448
      16.8482          1448
      16.8534          1448
      16.8572          1448
      16.8686          1448
      16.8724          1448
      16.8763          1448
      16.8801          1448
      16.8839          1448
      16.8877          1448
      16.8915          1448
      16.8953          1448
      16.9005          1448
      16.9043          1448
      16.9157          1448
      16.9195          1448
      16.9233          1448
      16.9271          1448
      16.9309          1448
      16.9347          1448
      16.9385          1448
      16.9424          1448
      16.9476          1448
      16.9514          1448
      16.9628          1448
      16.9666          1448
      16.9704          1448
      16.9742          1448
       16.978          1448
      16.9818          1448
      16.9856          1448
      16.9894          1448
      16.9946          1448
      16.9984          1448
      17.0099          1448
       17.014          1448
      17.0182          1448
      17.0224          1448
      17.0265          1448
      17.0307          1448
      17.0349          1448
       17.039          1448
      17.0432          1448
      17.0474          1448
      17.0515          1448
      17.0573          1448
      17.0615          1448
      17.0656          1448
      17.0698          1448
       17.074          1448
      17.0781          1448
      17.0823          1448
      17.0865          1448
      17.0906          1448
      17.0948          1448
       17.099          1448
      17.1032          1448
      17.1089          1448
      17.1131          1448
      17.1172          1448
      17.1214          1448
      17.1256          1448
      17.1297          1448
      17.1339          1448
      17.1381          1448
      17.1423          1448
      17.1464          1448
      17.1506          1448
      17.1548          1448
      17.1605          1448
      17.1647          1448
      17.1688          1448
       17.173          1448
      17.1772          1448
      17.1813          1448
      17.1855          1448
      17.1897          1448
      17.1939          1448
       17.198          1448
      17.2022          1448
      17.2064          1448
      17.2121          1448
      17.2163          1448
      17.2204          1448
      17.2246          1448
      17.2288          1448
       17.233          1448
      17.2371          1448
      17.2413          1448
      17.2455          1448
      17.2496          1448
      17.2538          1448
       17.258          1448
      17.2637          1448
      17.2679          1448
      17.2721          1448
      17.2762          1448
      17.2804          1448
      17.2846          1448
      17.2887          1448
      17.2929          1448
      17.2971          1448
      17.3012          1448
      17.3054          1448
      17.3096          1448
      17.3153          1448
      17.3195          1448
      17.3237          1448
      17.3278          1448
       17.332          1448
      17.3362          1448
      17.3403          1448
      17.3445          1448
      17.3487          1448
      17.3528          1448
       17.357          1448
      17.3612          1448
      17.3669          1448
      17.3711          1448
      17.3753          1448
      17.3794          1448
      17.3836          1448
      17.3878          1448
      17.3919          1448
      17.3961          1448
      17.4003          1448
      17.4044          1448
      17.4086          1448
      17.4128          1448
       17.417          1448
      17.4211          1448
      17.4253          1448
      17.4295          1448
      17.4336          1448
      17.4378          1448
       17.442          1448
      17.4461          1448
      17.4503          1448
      17.4545          1448
      17.4586          1448
      17.4628          1448
       17.467          1448
      17.4712          1448
      17.4753          1448
      17.4795          1448
      17.4837          1448
      17.4878          1448
       17.492          1448
      17.4962          1448
      17.5003          1448
      17.5045          1448
      17.5087          1448
      17.5128          1448
       17.517          1448
      17.5212          1448
      17.5254          1448
      17.5295          1448
      17.5337          1448
      17.5379          1448
       17.542          1448
      17.5462          1448
      17.5504          1448
      17.5545          1448
      17.5587          1448
      17.5629          1448
       17.567          1448
      17.5712          1448
      17.5754          1448
      17.5796          1448
      17.5837          1448
      17.5879          1448
      17.5921          1448
      17.5962          1448
      17.6004          1448
      17.6046          1448
      17.6087          1448
      17.6129          1448
      17.6171          1448
      17.6213          1448
      17.6254          1448
      17.6296          1448
      17.6338          1448
      17.6379          1448
      17.6421          1448
      17.6463          1448
      17.6504          1448
      17.6546          1448
      17.6588          1448
      17.6629          1448
      17.6671          1448
      17.6713          1448
      17.6755          1448
      17.6796          1448
      17.6838          1448
       17.688          1448
      17.6921          1448
      17.6963          1448
      17.7005          1448
      17.7046          1448
      17.7088          1448
       17.713          1448
      17.7171          1448
      17.7213          1448
      17.7255          1448
      17.7297          1448
      17.7338          1448
       17.738          1448
      17.7422          1448
      17.7463          1448
      17.7505          1448
      17.7547          1448
      17.7588          1448
       17.763          1448
      17.7672          1448
      17.7713          1448
      17.7755          1448
      17.7797          1448
      17.7839          1448
       17.788          1448
      17.7922          1448
      17.7964          1448
      17.8005          1448
      17.8047          1448
      17.8089          1448
       17.813          1448
      17.8172          1448
      17.8214          1448
      17.8255          1448
      17.8297          1448
      17.8339          1448
      17.8381          1448
      17.8422          1448
      17.8464          1448
      17.8506          1448
      17.8547          1448
      17.8589          1448
      17.8631          1448
      17.8672          1448
      17.8714          1448
      17.8756          1448
      17.8798          1448
      17.8839          1448
      17.8881          1448
      17.8923          1448
      17.8964          1448
      17.9006          1448
      17.9048          1448
      17.9089          1448
      17.9131          1448
      17.9173          1448
      17.9214          1448
      17.9256          1448
      17.9298          1448
       17.934          1448
      17.9381          1448
      17.9423          1448
      17.9465          1448
      17.9506          1448
      17.9548          1448
       17.959          1448
      17.9631          1448
      17.9673          1448
      17.9715          1448
      17.9756          1448
      17.9798          1448
       17.984          1448
      17.9882          1448
      17.9923          1448
      17.9965          1448
      18.0007          1448
      18.0048          1448
       18.009          1448
      18.0127          1448
      18.0163          1448
        18.02          1448
      18.0237          1448
      18.0273          1448
       18.031          1448
      18.0351          1448
      18.0388          1448
      18.0434          1448
      18.0471          1448
      18.0518          1448
      18.0554          1448
      18.0596          1448
      18.0633          1448
      18.0669          1448
      18.0706          1448
      18.0743          1448
      18.0779          1448
       18.082          1448
      18.0857          1448
      18.0904          1448
       18.094          1448
      18.0987          1448
      18.1024          1448
      18.1065          1448
      18.1102          1448
      18.1139          1448
      18.1175          1448
      18.1212          1448
      18.1249          1448
       18.129          1448
      18.1326          1448
      18.1373          1448
       18.141          1448
      18.1456          1448
      18.1493          1448
      18.1535          1448
      18.1571          1448
      18.1608          1448
      18.1645          1448
      18.1682          1448
      18.1718          1448
      18.1759          1448
      18.1796          1448
      18.1842          1448
      18.1879          1448
      18.1926          1448
      18.1962          1448
      18.2004          1448
      18.2041          1448
      18.2077          1448
      18.2114          1448
      18.2151          1448
      18.2188          1448
      18.2228          1448
      18.2265          1448
      18.2312          1448
      18.2348          1448
      18.2395          1448
      18.2432          1448
      18.2473          1448
       18.251          1448
      18.2547          1448
      18.2584          1448
       18.262          1448
      18.2657          1448
      18.2698          1448
      18.2734          1448
      18.2781          1448
      18.2818          1448
      18.2864          1448
      18.2901          1448
      18.2943          1448
      18.2979          1448
      18.3016          1448
      18.3053          1448
       18.309          1448
      18.3126          1448
      18.3167          1448
      18.3204          1448
      18.3284          1448
      18.3357          1448
      18.3431          1448
      18.3504          1448
      18.3577          1448
      18.3651          1448
      18.3724          1448
      18.3797          1448
      18.3871          1448
      18.3944          1448
      18.4018          1448
      18.4091          1448
      18.4164          1448
      18.4238          1448
      18.4311          1448
      18.4384          1448
      19.4762        191136
      19.5211          1448
       19.766          1448
      19.7676          1448
      19.8125          1448
      19.8141          1448
      19.8157          1448
      19.8173          1448
       19.859          1448
      19.8606          1448
      19.8622          1448
      19.8638          1448
      19.8654          1448
       19.867          1448
      19.9054          1448
      19.9071          1448
      19.9087          1448
      19.9103          1448
      19.9119          1448
      19.9135          1448
      19.9151          1448
      19.9167          1448
      19.9183          1448
      19.9519          1448
      19.9535          1448
      19.9551          1448
      19.9568          1448
      19.9584          1448
        19.96          1448
      19.9616          1448
      19.9632          1448
      19.9648          1448
      19.9664          1448
       19.968          1448
      19.9696          1448
      19.9968          1448
      19.9984          1448
           20          1448
      20.0016          1448
      20.0032          1448
      20.0048          1448
      20.0065          1448
      20.0081          1448
      20.0182          1448
      20.0283          1448
      20.0385          1448
      20.0486          1448
      20.0587          1448
      20.0689          1448
       20.079          1448
      20.0891          1448
      20.0992          1448
      20.1094          1448
      20.1195          1448
      20.1296          1448
      20.1398          1448
      20.1449           710
      20.1983          1448
      20.2085          1448
      20.2186          1448
      20.2287          1448
      20.2389          1448
       20.249          1448
      20.2591          1448
      20.2693          1448
      20.2794          1448
      20.2895          1448
      20.2997          1448
      20.3098          1448
      20.5833         15928
      20.6239          8688
      20.6543         10136
      20.6948          8688
      20.7353          5792
       20.786          4344
      21.8372        141904
      21.8873          1448
      22.1338          1448
      22.1369          1448
      22.1834          1448
      22.1866          1448
      22.1898          1448
       22.193          1448
      22.2331          1448
      22.2362          1448
      22.2394          1448
      22.2426          1448
      22.2458          1448
       22.249          1448
      22.2522          1448
      22.2554          1448
      22.2827          1448
      22.2859          1448
      22.2891          1448
      22.2923          1448
      22.2955          1448
      22.2986          1448
      22.3018          1448
       22.305          1448
      22.3323          1448
      22.3355          1448
      22.3387          1448
      22.3419          1448
      22.3451          1448
      22.3483          1448
      22.3515          1448
      22.3547          1448
      22.3579          1448
       22.382          1448
      22.3852          1448
      22.3884          1448
      22.3916          1448
      22.3947          1448
      22.3979          1448
      22.4011          1448
      22.4043          1448
      22.4284          1448
      22.4316          1448
      22.4348          1448
       22.438          1448
      22.4412          1448
      22.4444          1448
      22.4476          1448
      22.4508          1448
      22.4749          1448
      22.4781          1448
      22.4813          1448
      22.4845          1448
      22.4877          1448
      22.4909          1448
       22.494          1448
      22.4972          1448
      22.5004          1448
      22.5214          1448
      22.5245          1448
      22.5277          1448
      22.5309          1448
      22.5341          1448
      22.5373          1448
      22.5405          1448
      22.5437          1448
      22.5469          1448
      22.5501          1448
       22.571          1448
      22.5742          1448
      22.5774          1448
      22.5806          1448
      22.5838          1448
       22.587          1448
      22.5901          1448
      22.5933          1448
      22.5965          1448
      22.5997          1448
      22.6029          1448
      22.6207          1448
      22.6238          1448
       22.627          1448
      22.6302          1448
      22.6334          1448
      22.6366          1448
      22.6398          1448
       22.643          1448
      22.6462          1448
      22.6494          1448
      22.6671          1448
      22.6703          1448
      22.6735          1448
      22.6767          1448
      22.6799          1448
      22.6831          1448
      22.6862          1448
      22.6894          1448
      22.6926          1448
      22.6958          1448
       22.699          1448
      22.7136          1448
      22.7168          1448
      22.7199          1448
      22.7231          1448
      22.7263          1448
      22.7295          1448
      22.7327          1448
      22.7359          1448
      22.7391          1448
      22.7423          1448
      22.7455          1448
      22.7487          1448
      22.7632          1448
      22.7664          1448
      22.7696          1448
      22.7728          1448
       22.776          1448
      22.7792          1448
      22.7823          1448
      22.7855          1448
      22.7887          1448
      22.7919          1448
      22.7951          1448
      22.7983          1448
      22.8015          1448
      22.8129          1448
       22.816          1448
      22.8192          1448
      22.8224          1448
      22.8256          1448
      22.8288          1448
       22.832          1448
      22.8352          1448
      22.8384          1448
      22.8416          1448
      22.8448          1448
      22.8479          1448
      22.8511          1448
      22.8593          1448
      22.8625          1448
      22.8657          1448
      22.8689          1448
      22.8721          1448
      22.8753          1448
      22.8785          1448
      22.8816          1448
      22.8848          1448
       22.888          1448
      22.8912          1448
      22.8944          1448
      22.8976          1448
      22.9008          1448
       22.909          1448
      22.9121          1448
      22.9153          1448
      22.9185          1448
      22.9217          1448
      22.9249          1448
      22.9281          1448
      22.9313          1448
      22.9345          1448
      22.9377          1448
      22.9409          1448
       22.944          1448
      22.9472          1448
      22.9504          1448
      22.9536          1448
      22.9586          1448
      22.9618          1448
       22.965          1448
      22.9682          1448
      22.9714          1448
      22.9746          1448
      22.9777          1448
      22.9809          1448
      22.9841          1448
      22.9873          1448
      22.9905          1448
      22.9937          1448
      22.9969          1448
      23.0001          1448
      23.0033          1448
      23.0065          1448
      23.0096          1448
      23.0156          1448
      23.0215          1448
      23.0275          1448
      23.0334          1448
      23.0394          1448
      23.0453          1448
      23.0513          1448
      23.0573          1448
      23.0632          1448
      23.0692          1448
      23.0751          1448
      23.0811          1448
       23.087          1448
       23.093          1448
      23.0989          1448
      23.1049          1448
      23.1108          1448
      23.1168          1448
      23.1227          1448
      23.1287          1448
      23.2417         26064
      23.3132         18824
      23.3191          1448
      23.3251          1448
       23.331          1448
       23.337          1448
      23.3429          1448
      23.3489          1448
      23.3548          1448
      23.3608          1448
      23.3667          1448
      23.3727          1448
      23.3786          1448
      23.3846          1448
      23.3905          1448
      23.3965          1448
      23.4024          1448
      23.4084          1448
      23.4143          1448
      23.4203          1448
      23.4262          1448
      23.4322          1448
      23.4381          1448
      23.4441          1448
        23.45          1448
       23.456          1448
       23.462          1448
      23.4679          1448
      23.4739          1448
      23.5631         21720
      23.5691          1448
      23.5826          1448
      23.5885          1448
      23.5945          1448
      23.6004          1448
      23.6064          1448
      23.6124          1448
      23.6183          1448
      23.6318          1448
      23.6378          1448
      23.6437          1448
      23.6497          1448
      23.6556          1448
      23.6616          1448
      23.6675          1448
      23.6735          1448
       23.687          1448
      23.6929          1448
      23.6989          1448
      23.7048          1448
      23.7108          1448
      23.7167          1448
      23.7227          1448
      23.7286          1448
      23.7422          1448
      23.7481          1448
      23.7541          1448
        23.76          1448
       23.766          1448
      23.7719          1448
      23.7779          1448
      23.7838          1448
      23.7898          1448
      23.7973          1448
      23.8033          1448
      23.8092          1448
      23.8152          1448
      23.8211          1448
      23.8271          1448
       23.833          1448
       23.839          1448
      23.8465          1448
      23.8525          1448
      23.8584          1448
      23.8644          1448
      23.8703          1448
      23.8763          1448
      23.8822          1448
      23.8882          1448
      23.8958          1448
      23.9017          1448
      23.9077          1448
      23.9136          1448
      23.9196          1448
      23.9255          1448
      23.9315          1448
      23.9374          1448
       23.945          1448
      23.9509          1448
      23.9569          1448
      23.9628          1448
      23.9688          1448
      23.9747          1448
      23.9807          1448
      23.9866          1448
      23.9942          1448
      24.0001          1448
      24.0061          1448
       24.012          1448
      24.0204          1448
      24.0288          1448
      24.0372          1448
      24.0456          1448
      24.0539          1448
      24.0623          1448
      24.0707          1448
      24.0791          1448
      24.0875          1448
      24.0958          1448
      24.1042          1448
      24.1126          1448
       24.121          1448
      24.1294          1448
      24.1377          1448
      24.1461          1448
      24.1545          1448
       24.255         17376
      24.2732          1448
      24.2816          1448
      24.2899          1448
      24.2983          1448
      24.3067          1448
      24.3151          1448
      24.3332          1448
      24.3416          1448
      24.3584          1448
      24.3751          1448
      24.3919          1448
      24.4086          1448
      24.4254          1448
      24.4421          1448
      24.4589          1448
       24.593         11584
      24.6432          1448
        24.66          1448
      24.6684          1448
       24.727          1448
      24.7354          1448
      24.7941          1448
      24.8025          1448
      24.8611          1448
      24.8695          1448
      24.8863          1448
      24.9198          1448
      24.9281          1448
      24.9449          1448
      24.9533          1448
      24.9952          1448
      25.0036          1448
      25.0219          1448
      25.0418          1448
      25.0717          1448
      25.0817          1448
      25.1116          1448
      25.1215          1448
      25.1514          1448
      25.1614          1448
      25.1913          1448
      25.2012          1448
      25.2311          1448
      25.2411          1448
       25.261          1448
       25.281          1448
      25.3009          1448
      25.3108          1448
      25.3208          1448
      25.3407          1448
      25.3507          1448
      25.3806          1448
      25.3906          1448
      25.4005          1448
      25.4105          1448
      25.4404          1448
      25.4503          1448
      25.4603          1448
      25.4703          1448
      25.5002          1448
      25.5101          1448
      25.5201          1448
        25.53          1448
      25.5699          1448
      25.5799          1448
      25.5898          1448
      25.5998          1448
      25.6396          1448
      25.6496          1448
      25.6695          1448
      25.6795          1448
      25.7094          1448
      25.7193          1448
      25.7492          1448
      25.7592          1448
      25.7891          1448
       25.809          1448
      25.8289          1448
      25.8489          1448
      25.8688          1448
      25.8887          1448
      25.9087          1448
      25.9286          1448
      25.9485          1448
      25.9684          1448
      25.9884          1448
      26.0083          1448
      26.0272          1448
      26.0461          1448
      26.0651          1448
       26.084          1448
      26.1029          1448
      26.1218          1448
      26.1408          1448
      26.1597          1448
      26.1786          1448
      26.1975          1448
      26.2164          1448
      26.2354          1448
      26.2543          1448
      26.2732          1448
      26.2921          1448
      26.3111          1448
        26.33          1448
      26.3489          1448
      26.3678          1448
      26.3867          1448
      26.3962          1448
      26.4057          1448
      26.4246          1448
      26.4341          1448
      26.4624          1448
      26.4719          1448
      26.4814          1448
      26.4908          1448
      26.5192          1448
      26.5287          1448
      26.5381          1448
      26.5476          1448
       26.576          1448
      26.5854          1448
      26.5949          1448
      26.6044          1448
      26.6422          1448
      26.6517          1448
      26.6611          1448
      26.6706          1448
      26.7084          1448
      26.7179          1448
      26.7368          1448
      26.7463          1448
      26.7747          1448
      26.7841          1448
      26.8125          1448
       26.822          1448
      26.8504          1448
      26.8598          1448
      26.8882          1448
      26.9071          1448
       26.926          1448
       26.945          1448
      26.9639          1448
      26.9828          1448
      27.0017          1448
      27.0223          1448
      27.0401          1448
      27.0512          1448
      27.0623          1448
      27.0733          1448
      27.1066          1448
      27.1177          1448
      27.1399          1448
       27.162          1448
      27.1842          1448
      27.2064          1448
      27.2285          1448
      27.2507          1448
      27.2729          1448
      27.4059         10136
      27.4492          1448
      27.4602          1448
      27.4713          1448
      27.5146          1448
      27.5257          1448
       27.569          1448
        27.58          1448
      27.6244          1448
      27.6355          1448
      27.6787          1448
      27.6898          1448
      27.7009          1448
      27.7342          1448
      27.7452          1448
      27.7563          1448
      27.7674          1448
      27.8118          1448
      27.8228          1448
      27.8339          1448
      27.8672          1448
      27.8893          1448
      27.9115          1448
      27.9337          1448
      27.9559          1448
       27.978          1448
      28.0002          1448
      28.0159          1448
      28.0251          1448
      28.0342          1448
      28.0481          1448
      28.0526          1448
      28.0775          1448
      28.0821          1448
      28.0959          1448
      28.1005          1448
      28.1254          1448
      28.1299          1448
      28.1438          1448
      28.1484          1448
      28.1732          1448
      28.1778          1448
      28.1916          1448
      28.1962          1448
      28.2211          1448
      28.2257          1448
      28.2395          1448
      28.2441          1448
      28.2689          1448
      28.2735          1448
      28.2873          1448
      28.2919          1448
      28.3168          1448
      28.3214          1448
      28.3352          1448
      28.3398          1448
      28.3692          1448
      28.3738          1448
      28.3876          1448
      28.3922          1448
      28.4217          1448
      28.4263          1448
        28.44          1448
      28.4446          1448
      28.4741          1448
      28.4787          1448
      28.4925          1448
      28.4971          1448
      28.5266          1448
      28.5312          1448
      28.5449          1448
      28.5495          1448
       28.579          1448
      28.5836          1448
      28.5974          1448
       28.602          1448
      28.6315          1448
       28.636          1448
      28.6498          1448
      28.6544          1448
      28.6839          1448
      28.6885          1448
      28.7023          1448
      28.7068          1448
      28.7363          1448
      28.7409          1448
      28.7547          1448
      28.7593          1448
      28.7888          1448
      28.7934          1448
      28.8072          1448
      28.8117          1448
      28.8412          1448
      28.8458          1448
      28.8596          1448
      28.8642          1448
      28.8937          1448
      28.8983          1448
       28.912          1448
      28.9166          1448
      28.9461          1448
      28.9507          1448
      28.9645          1448
      28.9691          1448
      28.9986          1448
      29.0032          1448
      29.0266          1448
       29.036          1448
      29.0643          1448
      29.0737          1448
      29.0926          1448
      29.1114          1448
      29.1303          1448
      29.1491          1448
      29.1615          1448
       29.171          1448
       29.183          1448
      29.1924          1448
      29.2142          1448
      29.2237          1448
      29.2357          1448
      29.2451          1448
      29.2669          1448
      29.2763          1448
      29.2883          1448
      29.2978          1448
      29.3196          1448
       29.329          1448
       29.341          1448
      29.3505          1448
      29.3723          1448
      29.3817          1448
      29.3937          1448
      29.4031          1448
       29.425          1448
      29.4344          1448
      29.4464          1448
      29.4558          1448
      29.4777          1448
      29.4871          1448
      29.4991          1448
      29.5085          1448
      29.5304          1448
      29.5398          1448
      29.5518          1448
      29.5612          1448
      29.5831          1448
      29.5925          1448
      29.6045          1448
      29.6139          1448
      29.6358          1448
      29.6452          1448
      29.6572          1448
      29.6666          1448
      29.6885          1448
      29.6979          1448
      29.7099          1448
      29.7193          1448
      29.7411          1448
      29.7506          1448
      29.7626          1448
       29.772          1448
      29.7938          1448
      29.8033          1448
      29.8153          1448
      29.8247          1448
      29.8465          1448
      29.8559          1448
      29.8679          1448
      29.8774          1448
      29.8992          1448
      29.9086          1448
      29.9206          1448
      29.9301          1448
      29.9519          1448
      29.9613          1448
      29.9733          1448
      29.9827          1448
      30.0046          1448
       30.014          1448
      30.0198          1448
       30.023          1448
      30.0511          1448
      30.0543          1448
      30.0663          1448
      30.0695          1448
      30.0976          1448
      30.1008          1448
      30.1128          1448
       30.116          1448
      30.1441          1448
      30.1473          1448
      30.1593          1448
      30.1625          1448
      30.1906          1448
      30.1938          1448
      30.2058          1448
       30.209          1448
       30.237          1448
      30.2403          1448
      30.2523          1448
      30.2555          1448
      30.2835          1448
      30.2868          1448
      30.2988          1448
       30.302          1448
        30.33          1448
      30.3333          1448
      30.3452          1448
      30.3485          1448
      30.3765          1448
      30.3797          1448
      30.3917          1448
       30.395          1448
       30.423          1448
      30.4262          1448
      30.4382          1448
      30.4415          1448
      30.4695          1448
      30.4727          1448
      30.4847          1448
      30.4879          1448
       30.516          1448
      30.5192          1448
      30.5312          1448
      30.5344          1448
      30.5625          1448
      30.5657          1448
      30.5777          1448
      30.5809          1448
       30.609          1448
      30.6122          1448
      30.6242          1448
      30.6274          1448
      30.6555          1448
      30.6587          1448
      30.6707          1448
      30.6739          1448
       30.702          1448
      30.7052          1448
      30.7172          1448
      30.7204          1448
      30.7236          1448
      30.7484          1448
      30.7517          1448
      30.7637          1448
      30.7669          1448
      30.7701          1448
      30.7733          1448
      30.7982          1448
      30.8014          1448
      30.8134          1448
      30.8166          1448
      30.8198          1448
       30.823          1448
      30.8479          1448
      30.8511          1448
      30.8631          1448
      30.8663          1448
      30.8695          1448
      30.8728          1448
      30.8976          1448
      30.9008          1448
      30.9128          1448
       30.916          1448
      30.9193          1448
      30.9225          1448
      30.9473          1448
      30.9505          1448
      30.9625          1448
      30.9657          1448
       30.969          1448
      30.9722          1448
       30.997          1448
      31.0002          1448
      31.0202          1448
      31.0314          1448
      31.0426          1448
      31.0538          1448
      31.0649          1448
      31.0761          1448
      31.0873          1448
      31.0985          1448
      31.1097          1448
      31.1209          1448
      31.1321          1448
      31.1433          1448
      31.1545          1448
      31.1656          1448
      31.1768          1448
       31.188          1448
      31.1992          1448
      31.2104          1448
      31.2216          1448
      31.2328          1448
       31.244          1448
      31.2551          1448
      31.2663          1448
      31.2775          1448
      31.2887          1448
      31.2999          1448
      31.3111          1448
      31.3223          1448
      31.3335          1448
      31.3447          1448
      31.3558          1448
       31.367          1448
      31.3782          1448
      31.3894          1448
      31.4006          1448
      31.4118          1448
       31.423          1448
      31.4342          1448
      31.4453          1448
      31.5572         14480
      31.5781          1448
      31.5893          1448
      31.6005          1448
      31.6117          1448
      31.6229          1448
      31.6438          1448
       31.655          1448
      31.6661          1448
      31.6773          1448
      31.6885          1448
      31.6997          1448
      31.7109          1448
      31.7221          1448
      31.7333          1448
      31.7445          1448
      31.7556          1448
      31.7668          1448
       31.778          1448
      31.7892          1448
      31.8004          1448
      31.8116          1448
      31.8228          1448
       31.834          1448
      31.8452          1448
      31.8563          1448
      31.8675          1448
      31.8787          1448
      31.8899          1448
      31.9011          1448
      31.9123          1448
      31.9235          1448
      31.9347          1448
      31.9458          1448
       31.957          1448
      31.9682          1448
      31.9794          1448
      31.9906          1448
      32.0018          1448
       32.013          1448
      32.0246          1448
      32.0362          1448
      32.0478          1448
      32.0594          1448
       32.071          1448
      32.0826          1448
      32.0942          1448
      32.1059          1448
      32.1175          1448
      32.1291          1448
      32.1407          1448
      32.1523          1448
      32.1639          1448
      32.1755          1448
      32.1871          1448
      32.1987          1448
      32.2103          1448
      32.2219          1448
      32.2336          1448
      32.2452          1448
      32.2568          1448
      32.2684          1448
        32.28          1448
      32.2916          1448
      32.3032          1448
      32.3148          1448
      32.3264          1448
       32.338          1448
      32.3497          1448
      32.3613          1448
      32.3729          1448
      32.3845          1448
      32.3961          1448
      32.4077          1448
      32.4193          1448
      32.4309          1448
      32.4425          1448
      32.4541          1448
      32.4658          1448
      32.4774          1448
       32.489          1448
      32.5006          1448
      32.6167         14480
      32.6367          1448
      32.6483          1448
        32.66          1448
      32.6716          1448
      32.6832          1448
      32.7032          1448
      32.7148          1448
      32.7264          1448
       32.738          1448
      32.7581          1448
      32.7697          1448
      32.7813          1448
      32.7929          1448
       32.813          1448
      32.8246          1448
      32.8362          1448
      32.8478          1448
      32.8594          1448
       32.871          1448
      32.8826          1448
      32.8942          1448
      32.9058          1448
      32.9175          1448
      32.9291          1448
      32.9407          1448
      32.9523          1448
      32.9639          1448
      32.9755          1448
      32.9871          1448
      32.9987          1448
      33.0103          1448
      33.0165          1448
      33.0249          1448
      33.0311          1448
      33.0482          1448
      33.0543          1448
      33.0659          1448
      33.0721          1448
      33.0783          1448
      33.0844          1448
      33.0906          1448
      33.1038          1448
      33.1099          1448
      33.1215          1448
      33.1277          1448
      33.1339          1448
        33.14          1448
      33.1532          1448
      33.1594          1448
       33.171          1448
      33.1771          1448
      33.1833          1448
      33.1895          1448
      33.2026          1448
      33.2088          1448
      33.2204          1448
      33.2266          1448
      33.2327          1448
      33.2389          1448
       33.252          1448
      33.2582          1448
      33.2698          1448
       33.276          1448
      33.2822          1448
      33.2883          1448
      33.3015          1448
      33.3076          1448
      33.3193          1448
      33.3254          1448
      33.3316          1448
      33.3378          1448
      33.3509          1448
      33.3571          1448
      33.3687          1448
      33.3749          1448
       33.381          1448
      33.3872          1448
      33.4003          1448
      33.4065          1448
      33.4181          1448
      33.4243          1448
      33.4304          1448
      33.4366          1448
      33.4428          1448
      33.4498          1448
      33.4559          1448
      33.4676          1448
      33.4737          1448
      33.4799          1448
       33.486          1448
      33.4922          1448
      33.4984          1448
      33.5054          1448
      33.5115          1448
      33.5231          1448
      33.5293          1448
      33.5355          1448
      33.5416          1448
      33.5478          1448
       33.554          1448
       33.561          1448
      33.5671          1448
      33.5787          1448
      33.5849          1448
      33.5911          1448
      33.5972          1448
      33.6034          1448
      33.6096          1448
      33.6166          1448
      33.6227          1448
      33.6343          1448
      33.6405          1448
      33.6467          1448
      33.6499           726
      33.6993          1448
      33.7055          1448
      33.7117          1448
      33.7178          1448
       33.724          1448
      33.7302          1448
      33.7363          1448
      33.7425          1448
      33.7549          1448
      33.7611          1448
      33.7673          1448
      33.7734          1448
      33.7796          1448
      33.7858          1448
      33.7919          1448
      33.7981          1448
      33.8105          1448
      33.8167          1448
      33.8229          1448
       33.829          1448
      33.8352          1448
      33.8414          1448
      33.8475          1448
      33.8537          1448
      33.8661          1448
      33.8723          1448
      33.8785          1448
      33.8846          1448
      33.8908          1448
       33.897          1448
      33.9031          1448
      33.9093          1448
      33.9217          1448
      33.9279          1448
      33.9341          1448
      33.9402          1448
      33.9464          1448
      33.9525          1448
      33.9587          1448
      33.9649          1448
      33.9773          1448
      33.9835          1448
      33.9896          1448
      33.9958          1448
       34.002          1448
      34.0081          1448
        34.02          1448
      34.0319          1448
      34.0437          1448
      34.0556          1448
      34.0675          1448
      34.0793          1448
      34.0912          1448
       34.103          1448
      34.1149          1448
      34.1268          1448
      34.1386          1448
      34.1505          1448
      34.1623          1448
      34.1742          1448
      34.2928         14480
      34.3124          1448
      34.3242          1448
      34.3361          1448
       34.348          1448
      34.3598          1448
      34.3794          1448
      34.3912          1448
      34.4031          1448
       34.415          1448
      34.4345          1448
      34.4464          1448
      34.4582          1448
      34.4701          1448
      34.4896          1448
      34.5015          1448
      34.5134          1448
      34.5252          1448
      34.5371          1448
      34.5489          1448
      34.5608          1448
      34.5727          1448
      34.5845          1448
      34.5964          1448
      34.6082          1448
      34.6201          1448
       34.632          1448
      34.6438          1448
      34.6557          1448
      34.6676          1448
      34.6794          1448
      34.6913          1448
      34.7031          1448
       34.715          1448
      34.7269          1448
      34.7387          1448
      34.7506          1448
      34.7624          1448
      34.7743          1448
      34.7862          1448
       34.798          1448
      34.8099          1448
      34.8218          1448
      34.8336          1448
      34.8455          1448
      34.8573          1448
      34.8692          1448
      34.8811          1448
      34.8929          1448
      34.9048          1448
      34.9167          1448
      34.9285          1448
      34.9404          1448
      34.9522          1448
      34.9641          1448
       34.976          1448
      34.9878          1448
      34.9997          1448
      35.0115          1448
      35.0156          1448
      35.0197          1448
      35.0237          1448
      35.0351          1448
      35.0392          1448
      35.0589          1448
      35.0629          1448
       35.067          1448
       35.071          1448
      35.0825          1448
      35.0865          1448
      35.1062          1448
      35.1102          1448
      35.1143          1448
      35.1183          1448
      35.1224          1448
      35.1298          1448
      35.1338          1448
      35.1535          1448
      35.1576          1448
      35.1616          1448
      35.1657          1448
      35.1697          1448
      35.1738          1448
      35.1812          1448
      35.1852          1448
      35.2116          1448
      35.2157          1448
      35.2238          1448
      35.2294           527
      35.2792          1448
      35.2833          1448
      35.2954          1448
      35.3035          1448
      35.3116          1448
      35.3197          1448
      35.3278          1448
       35.336          1448
      35.3441          1448
      35.3522          1448
      35.3603          1448
      35.3684          1448
      35.3765          1448
      35.3846          1448
      35.3927          1448
      35.4008          1448
      35.4089          1448
       35.417          1448
      35.4251          1448
      35.4333          1448
      35.4414          1448
      35.4495          1448
      35.4576          1448
      35.4657          1448
      35.4738          1448
      35.4819          1448
        35.49          1448
      35.4981          1448
      35.5062          1448
      35.5143          1448
      35.5224          1448
      35.5305          1448
      35.5387          1448
      35.5468          1448
      35.5549          1448
       35.563          1448
      35.5711          1448
      35.5792          1448
      35.5873          1448
      35.5954          1448
      35.6035          1448
      35.6116          1448
      35.6226          1448
      35.6307          1448
      35.6388          1448
      35.6469          1448
       35.655          1448
      35.6631          1448
      35.6712          1448
      35.6781          1448
      35.6822          1448
      35.6943          1448
      35.7024          1448
      35.7106          1448
      35.7187          1448
      35.7268          1448
      35.7349          1448
       35.743          1448
      35.7511          1448
      35.7592          1448
      35.7673          1448
      35.7754          1448
      35.7835          1448
      35.7916          1448
      35.7997          1448
      35.8079          1448
       35.816          1448
      35.8241          1448
      35.8322          1448
      35.8403          1448
      35.8484          1448
      35.8565          1448
      35.8646          1448
      35.8727          1448
      35.8808          1448
      35.8889          1448
       35.897          1448
      35.9051          1448
      35.9133          1448
      35.9214          1448
      35.9295          1448
      35.9376          1448
      35.9457          1448
      35.9538          1448
      35.9619          1448
        35.97          1448
      35.9781          1448
      35.9862          1448
      35.9943          1448
      36.0024          1448
      36.0106          1448
      36.0274          1448
      36.0442          1448
      36.0611          1448
      36.0779          1448
      36.0948          1448
      36.1116          1448
      36.1284          1448
      36.2616         11584
      36.3566          8688
       36.365          1448
      36.3998          1448
      36.4083          1448
      36.4167          1448
      36.4251          1448
      36.4515          1448
        36.46          1448
      36.4684          1448
      36.4768          1448
      36.5032          1448
      36.5116          1448
      36.5201          1448
      36.5285          1448
      36.5549          1448
      36.5633          1448
      36.5717          1448
      36.5802          1448
      36.5886          1448
      36.6066          1448
       36.615          1448
      36.6234          1448
      36.6319          1448
      36.6403          1448
      36.6487          1448
      36.6667          1448
      36.6751          1448
      36.6835          1448
       36.692          1448
      36.7004          1448
      36.7088          1448
      36.7268          1448
      36.7352          1448
      36.7436          1448
      36.7521          1448
      36.7605          1448
      36.7689          1448
      36.7869          1448
      36.7953          1448
      36.8038          1448
      36.8122          1448
      36.8206          1448
       36.829          1448
      36.8374          1448
       36.847          1448
      36.8554          1448
      36.8639          1448
      36.8723          1448
      36.8807          1448
      36.8891          1448
      36.8987          1448
      36.9071          1448
      36.9155          1448
       36.924          1448
      36.9324          1448
      36.9408          1448
      36.9504          1448
      36.9588          1448
      36.9672          1448
      36.9757          1448
      36.9841          1448
      36.9925          1448
      37.0021          1448
      37.0105          1448
      37.0214          1448
      37.0322          1448
      37.0431          1448
       37.054          1448
      37.0613           959
      37.1154          1448
      37.1263          1448
      37.1372          1448
       37.148          1448
      37.1589          1448
      37.1698          1448
      37.1806          1448
      37.1915          1448
      37.2024          1448
      37.2132          1448
      37.2241          1448
       37.235          1448
      37.2458          1448
      37.2567          1448
      37.2675          1448
      37.2784          1448
      37.2893          1448
      37.3001          1448
      37.4088         14480
      37.4303          1448
      37.4412          1448
      37.4521          1448
      37.4629          1448
      37.4738          1448
      37.4953          1448
      37.5062          1448
      37.5171          1448
      37.5279          1448
      37.5388          1448
      37.5496          1448
      37.5605          1448
      37.5714          1448
      37.5822          1448
      37.5931          1448
       37.604          1448
      37.6148          1448
      37.6257          1448
      37.6366          1448
      37.6474          1448
      37.6583          1448
      37.6692          1448
        37.68          1448
      37.6909          1448
      37.7018          1448
      37.7126          1448
      37.7235          1448
      37.7343          1448
      37.7452          1448
      37.7561          1448
      37.7669          1448
      37.7778          1448
      37.7887          1448
      37.7995          1448
      37.8104          1448
      37.8213          1448
      37.8321          1448
       37.843          1448
      37.8539          1448
      37.8647          1448
      37.8756          1448
      37.8864          1448
      37.8973          1448
      37.9082          1448
       37.919          1448
      37.9299          1448
      37.9408          1448
      37.9516          1448
      37.9625          1448
      37.9734          1448
      37.9842          1448
      37.9951          1448
       38.006          1448
      38.0168          1448
      38.0178          1448
      38.0187          1448
      38.0197          1448
      38.0393          1448
      38.0403          1448
       38.061          1448
       38.062          1448
      38.0629          1448
      38.0639          1448
      38.0835          1448
      38.0845          1448
      38.1053          1448
      38.1062          1448
      38.1072          1448
      38.1081          1448
      38.1277          1448
      38.1287          1448
      38.1495          1448
      38.1504          1448
      38.1514          1448
      38.1523          1448
       38.172          1448
      38.1729          1448
      38.1937          1448
      38.1946          1448
      38.1956          1448
      38.1965          1448
      38.2162          1448
      38.2171          1448
      38.2181          1448
      38.2379          1448
      38.2389          1448
      38.2398          1448
      38.2408          1448
      38.2604          1448
      38.2614          1448
      38.2623          1448
      38.2633          1448
      38.2831          1448
       38.284          1448
       38.285          1448
      38.2859          1448
      38.3056          1448
      38.3065          1448
      38.3075          1448
      38.3084          1448
      38.3283          1448
      38.3292          1448
      38.3302          1448
      38.3311          1448
      38.3507          1448
      38.3517          1448
      38.3526          1448
      38.3536          1448
      38.3734          1448
      38.3744          1448
      38.3753          1448
      38.3763          1448
      38.3959          1448
      38.3969          1448
      38.3978          1448
      38.3988          1448
      38.4186          1448
      38.4195          1448
      38.4205          1448
      38.4215          1448
      38.4411          1448
       38.442          1448
       38.443          1448
      38.4439          1448
      38.4638          1448
      38.4647          1448
      38.4657          1448
      38.4666          1448
      38.4863          1448
      38.4872          1448
      38.4882          1448
      38.4891          1448
      38.5089          1448
      38.5099          1448
      38.5108          1448
      38.5118          1448
      38.5314          1448
      38.5324          1448
      38.5333          1448
      38.5343          1448
      38.5541          1448
      38.5551          1448
       38.556          1448
       38.557          1448
      38.5766          1448
      38.5776          1448
      38.5785          1448
      38.5795          1448
      38.5993          1448
      38.6002          1448
      38.6012          1448
      38.6021          1448
      38.6218          1448
      38.6227          1448
      38.6237          1448
      38.6246          1448
      38.6444          1448
      38.6454          1448
      38.6464          1448
      38.6473          1448
      38.6669          1448
      38.6679          1448
      38.6688          1448
      38.6698          1448
      38.6896          1448
      38.6906          1448
      38.6915          1448
      38.6925          1448
      38.7121          1448
      38.7131          1448
       38.714          1448
       38.715          1448
      38.7348          1448
      38.7357          1448
      38.7367          1448
      38.7376          1448
      38.7573          1448
      38.7582          1448
      38.7592          1448
      38.7601          1448
        38.78          1448
      38.7809          1448
      38.7819          1448
      38.7828          1448
      38.8025          1448
      38.8034          1448
      38.8044          1448
      38.8053          1448
      38.8251          1448
      38.8261          1448
      38.8266           727
      38.8708          1448
      38.8718          1448
      38.8727          1448
      38.8737          1448
      38.8746          1448
      38.8756          1448
      38.8765          1448
      38.8775          1448
       38.916          1448
      38.9169          1448
      38.9179          1448
      38.9188          1448
      38.9198          1448
      38.9207          1448
      38.9217          1448
      38.9226          1448
      38.9612          1448
      38.9621          1448
      38.9631          1448
       38.964          1448
       38.965          1448
      38.9659          1448
      38.9669          1448
      38.9678          1448
      39.0063          1448
      39.0073          1448
      39.0081          1448
      39.0088          1448
        39.01          1448
      39.0108          1448
      39.0119          1448
      39.0127          1448
      39.0513          1448
      39.0521          1448
      39.0529          1448
      39.0537          1448
      39.0548          1448
      39.0556          1448
      39.0567          1448
      39.0575          1448
      39.0962          1448
       39.097          1448
      39.0977          1448
      39.0985          1448
      39.0996          1448
      39.1004          1448
      39.1015          1448
      39.1023          1448
       39.141          1448
      39.1418          1448
      39.1426          1448
      39.1434          1448
      39.1445          1448
      39.1453          1448
      39.1464          1448
      39.1472          1448
      39.1858          1448
      39.1866          1448
      39.1874          1448
      39.1882          1448
      39.1893          1448
      39.1901          1448
      39.1912          1448
       39.192          1448
      39.2307          1448
      39.2315          1448
      39.2323          1448
       39.233          1448
      39.2342          1448
      39.2349          1448
      39.2361          1448
      39.2369          1448
      39.2755          1448
      39.2763          1448
      39.2771          1448
      39.2779          1448
       39.279          1448
      39.2798          1448
      39.2809          1448
      39.2817          1448
      39.3204          1448
      39.3212          1448
      39.3219          1448
      39.3227          1448
      39.3238          1448
      39.3246          1448
      39.3257          1448
      39.3265          1448
      39.3652          1448
       39.366          1448
      39.3668          1448
      39.3676          1448
      39.3687          1448
      39.3695          1448
      39.3706          1448
      39.3714          1448
        39.41          1448
      39.4108          1448
      39.4116          1448
      39.4124          1448
      39.4135          1448
      39.4143          1448
      39.4154          1448
      39.4162          1448
      39.4549          1448
      39.4557          1448
      39.4565          1448
      39.4572          1448
      39.4584          1448
      39.4591          1448
      39.4603          1448
      39.4611          1448
      39.4997          1448
      39.5005          1448
      39.5013          1448
      39.5021          1448
      39.5032          1448
       39.504          1448
      39.5051          1448
      39.5059          1448
      39.5446          1448
      39.5453          1448
      39.5461          1448
      39.5469          1448
       39.548          1448
      39.5488          1448
      39.5499          1448
      39.5507          1448
      39.5894          1448
      39.5902          1448
       39.591          1448
      39.5918          1448
      39.5929          1448
      39.5937          1448
      39.5948          1448
      39.5956          1448
      39.6342          1448
       39.635          1448
      39.6358          1448
      39.6366          1448
      39.6377          1448
      39.6385          1448
      39.6396          1448
      39.6404          1448
      39.6791          1448
      39.6799          1448
      39.6807          1448
      39.6814          1448
      39.6826          1448
      39.6833          1448
      39.6845          1448
      39.6853          1448
      39.7239          1448
      39.7247          1448
      39.7255          1448
      39.7263          1448
      39.7274          1448
      39.7282          1448
      39.7293          1448
      39.7301          1448
      39.7688          1448
      39.7695          1448
      39.7703          1448
      39.7711          1448
      39.7722          1448
       39.773          1448
      39.7741          1448
      39.7749          1448
      39.8136          1448
      39.8144          1448
      39.8152          1448
       39.816          1448
      39.8171          1448
      39.8179          1448
       39.819          1448
      39.8198          1448
      39.8584          1448
      39.8592          1448
        39.86          1448
      39.8608          1448
      39.8619          1448
      39.8627          1448
      39.8638          1448
      39.8646          1448
      39.9033          1448
      39.9041          1448
      39.9049          1448
      39.9056          1448
      39.9068          1448
      39.9075          1448
      39.9087          1448
      39.9094          1448
      39.9481          1448
      39.9489          1448
      39.9497          1448
      39.9505          1448
      39.9516          1448
      39.9524          1448
      39.9529           918
       39.997          1448
      39.9977          1448
      39.9985          1448
      39.9993          1448
      40.0001          1448
      40.0009          1448
      40.0017          1448
      40.0025          1448
       40.042          1448
      40.0431          1448
      40.0441          1448
      40.0451          1448
      40.0461          1448
      40.0472          1448
      40.0482          1448
      40.0492          1448
      40.0873          1448
      40.0884          1448
      40.0894          1448
      40.0904          1448
      40.0914          1448
      40.0925          1448
      40.0935          1448
      40.0945          1448
      40.1327          1448
      40.1337          1448
      40.1347          1448
      40.1357          1448
      40.1368          1448
      40.1378          1448
      40.1388          1448
      40.1398          1448
       40.178          1448
       40.179          1448
        40.18          1448
      40.1811          1448
      40.1821          1448
      40.1831          1448
      40.1841          1448
      40.1852          1448
      40.2233          1448
      40.2243          1448
      40.2253          1448
      40.2264          1448
      40.2274          1448
      40.2284          1448
      40.2294          1448
      40.2305          1448
      40.2686          1448
      40.2696          1448
      40.2707          1448
      40.2717          1448
      40.2727          1448
      40.2737          1448
      40.2748          1448
      40.2758          1448
      40.3139          1448
       40.315          1448
       40.316          1448
       40.317          1448
       40.318          1448
      40.3191          1448
      40.3201          1448
      40.3211          1448
      40.3592          1448
      40.3603          1448
      40.3613          1448
      40.3623          1448
      40.3633          1448
      40.3644          1448
      40.3654          1448
      40.3664          1448
      40.4046          1448
      40.4056          1448
      40.4066          1448
      40.4076          1448
      40.4087          1448
      40.4097          1448
      40.4107          1448
      40.4117          1448
      40.4499          1448
      40.4509          1448
      40.4519          1448
      40.4529          1448
       40.454          1448
       40.455          1448
       40.456          1448
       40.457          1448
      40.4952          1448
      40.4962          1448
      40.4972          1448
      40.4983          1448
      40.4993          1448
      40.5003          1448
      40.5013          1448
      40.5024          1448
      40.5405          1448
      40.5415          1448
      40.5426          1448
      40.5436          1448
      40.5446          1448
      40.5456          1448
      40.5467          1448
      40.5477          1448
      40.5858          1448
      40.5868          1448
      40.5879          1448
      40.5889          1448
      40.5899          1448
      40.5909          1448
       40.592          1448
       40.593          1448
      40.6311          1448
      40.6322          1448
      40.6332          1448
      40.6342          1448
      40.6352          1448
      40.6363          1448
      40.6373          1448
      40.6383          1448
      40.6765          1448
      40.6775          1448
      40.6785          1448
      40.6795          1448
      40.6806          1448
      40.6816          1448
      40.6826          1448
      40.6836          1448
      40.7218          1448
      40.7228          1448
      40.7238          1448
      40.7248          1448
      40.7259          1448
      40.7269          1448
      40.7279          1448
      40.7289          1448
      40.7671          1448
      40.7681          1448
      40.7691          1448
      40.7702          1448
      40.7712          1448
      40.7722          1448
      40.7732          1448
      40.7743          1448
      40.8124          1448
      40.8134          1448
      40.8144          1448
      40.8155          1448
      40.8165          1448
      40.8175          1448
      40.8185          1448
      40.8196          1448
      40.8577          1448
      40.8587          1448
      40.8598          1448
      40.8608          1448
      40.8618          1448
      40.8628          1448
      40.8639          1448
      40.8649          1448
       40.903          1448
      40.9041          1448
      40.9051          1448
      40.9061          1448
      40.9071          1448
      40.9082          1448
      40.9092          1448
      40.9102          1448
      40.9483          1448
      40.9494          1448
      40.9504          1448
      40.9514          1448
      40.9524          1448
      40.9535          1448
      40.9545          1448
      40.9555          1448
      40.9565          1448
      40.9937          1448
      40.9947          1448
      40.9957          1448
      40.9967          1448
      40.9978          1448
      40.9988          1448
      40.9998          1448
      41.0008          1448
      41.0379          1448
      41.0389          1448
        41.04          1448
       41.041          1448
       41.042          1448
       41.043          1448
      41.0441          1448
      41.0451          1448
      41.0822          1448
      41.0832          1448
      41.0842          1448
      41.0852          1448
      41.0863          1448
      41.0873          1448
      41.0883          1448
      41.0893          1448
      41.1264          1448
      41.1274          1448
      41.1285          1448
      41.1295          1448
      41.1305          1448
      41.1315          1448
      41.1326          1448
      41.1336          1448
      41.1707          1448
      41.1717          1448
      41.1728          1448
      41.1738          1448
      41.1748          1448
      41.1758          1448
      41.1769          1448
      41.1779          1448
       41.215          1448
       41.216          1448
       41.217          1448
       41.218          1448
      41.2191          1448
      41.2201          1448
      41.2211          1448
      41.2221          1448
      41.2592          1448
      41.2602          1448
      41.2613          1448
      41.2623          1448
      41.2633          1448
      41.2643          1448
      41.2654          1448
      41.2664          1448
      41.3035          1448
      41.3045          1448
      41.3055          1448
      41.3065          1448
      41.3075          1448
      41.3085          1448
      41.3095          1448
      41.3105          1448
      41.3115          1448
      41.3478          1448
      41.3488          1448
      41.3497          1448
      41.3507          1448
      41.3517          1448
      41.3527          1448
      41.3537          1448
      41.3547          1448
      41.3557          1448
      41.3567          1448
       41.393          1448
       41.394          1448
       41.395          1448
       41.396          1448
       41.397          1448
       41.398          1448
       41.399          1448
         41.4          1448
       41.401          1448
       41.402          1448
      41.4372           686
      41.4814          1448
      41.4824          1448
      41.4834          1448
      41.4844          1448
      41.4854          1448
      41.4864          1448
      41.4874          1448
      41.4884          1448
      41.4894          1448
      41.4904          1448
      41.5267          1448
      41.5277          1448
      41.5287          1448
      41.5297          1448
      41.5307          1448
      41.5317          1448
      41.5327          1448
      41.5336          1448
      41.5346          1448
      41.5356          1448
      41.5366          1448
      41.5719          1448
      41.5729          1448
      41.5739          1448
      41.5749          1448
      41.5759          1448
      41.5769          1448
      41.5779          1448
      41.5789          1448
      41.5799          1448
      41.5809          1448
      41.6162          1448
      41.6172          1448
      41.6182          1448
      41.6192          1448
      41.6202          1448
      41.6212          1448
      41.6222          1448
      41.6232          1448
      41.6242          1448
      41.6252          1448
      41.6605          1448
      41.6615          1448
      41.6625          1448
      41.6634          1448
      41.6644          1448
      41.6654          1448
      41.6664          1448
      41.6674          1448
      41.6684          1448
      41.6694          1448
      41.7047          1448
      41.7057          1448
      41.7067          1448
      41.7077          1448
      41.7087          1448
      41.7097          1448
      41.7107          1448
      41.7117          1448
      41.7127          1448
      41.7137          1448
       41.749          1448
        41.75          1448
       41.751          1448
       41.752          1448
       41.753          1448
       41.754          1448
       41.755          1448
       41.756          1448
      41.7569          1448
      41.7579          1448
      41.7589          1448
      41.7932          1448
      41.7942          1448
      41.7952          1448
      41.7962          1448
      41.7972          1448
      41.7982          1448
      41.7992          1448
      41.8002          1448
      41.8012          1448
      41.8022          1448
      41.8032          1448
      41.8042          1448
      41.8385          1448
      41.8395          1448
      41.8405          1448
      41.8415          1448
      41.8425          1448
      41.8435          1448
      41.8445          1448
      41.8455          1448
      41.8465          1448
      41.8475          1448
      41.8485          1448
      41.8494          1448
      41.8838          1448
      41.8848          1448
      41.8858          1448
      41.8867          1448
      41.8877          1448
      41.8887          1448
      41.8897          1448
      41.8907          1448
      41.8917          1448
      41.8927          1448
      41.8937          1448
      41.8947          1448
      41.8957          1448
       41.929          1448
        41.93          1448
       41.931          1448
       41.932          1448
       41.933          1448
       41.934          1448
       41.935          1448
       41.936          1448
       41.937          1448
       41.938          1448
       41.939          1448
        41.94          1448
      41.9733          1448
      41.9743          1448
      41.9753          1448
      41.9763          1448
      41.9773          1448
      41.9783          1448
      41.9792          1448
      41.9802          1448
      41.9812          1448
      41.9822          1448
      41.9832          1448
      41.9842          1448
      42.0234          1448
      42.0302          1448
       42.037          1448
      42.0439          1448
      42.0507          1448
      42.0575          1448
      42.0643          1448
      42.0712          1448
       42.078          1448
      42.0848          1448
      42.0916          1448
      42.0985          1448
      42.1053          1448
      42.1121          1448
       42.119          1448
      42.1258          1448
      42.1326          1448
      42.1394          1448
      42.2487         23168
      42.3238         15928
      42.3306          1448
      42.3374          1448
      42.3443          1448
      42.3511          1448
      42.3579          1448
      42.3647          1448
      42.3716          1448
      42.3784          1448
      42.3852          1448
       42.392          1448
      42.3989          1448
      42.4057          1448
      42.4125          1448
      42.4194          1448
      42.4262          1448
       42.433          1448
      42.4398          1448
      42.4467          1448
      42.4535          1448
      42.4603          1448
      42.4671          1448
       42.474          1448
      42.4808          1448
      42.4876          1448
      42.4945          1448
      42.5013          1448
      42.5081          1448
      42.5149          1448
      42.5218          1448
      42.5286          1448
      42.5354          1448
      42.5422          1448
      42.5491          1448
      42.5559          1448
      42.5627          1448
      42.5696          1448
      42.5764          1448
      42.5832          1448
        42.59          1448
      42.5969          1448
      42.6924         20272
      42.6993          1448
      42.7084          1448
      42.7152          1448
      42.7221          1448
      42.7289          1448
      42.7357          1448
      42.7425          1448
      42.7494          1448
      42.7585          1448
      42.7653          1448
      42.7722          1448
       42.779          1448
      42.7858          1448
      42.7926          1448
      42.7995          1448
      42.8063          1448
      42.8154          1448
      42.8223          1448
      42.8291          1448
      42.8359          1448
      42.8427          1448
      42.8496          1448
      42.8564          1448
      42.8632          1448
      42.8723          1448
      42.8792          1448
       42.886          1448
      42.8928          1448
      42.8997          1448
      42.9065          1448
      42.9133          1448
      42.9201          1448
      42.9293          1448
      42.9361          1448
      42.9429          1448
      42.9498          1448
      42.9566          1448
      42.9634          1448
      42.9702          1448
      42.9771          1448
      42.9839          1448
      42.9907          1448
      42.9975          1448
      43.0044          1448
      43.0112          1448
       43.018          1448
      43.0248          1448
      43.0316          1448
      43.0384          1448
      43.0452          1448
       43.052          1448
      43.0588          1448
      43.0656          1448
      43.0724          1448
      43.0792          1448
       43.086          1448
      43.0928          1448
      43.0996          1448
      43.1064          1448
      43.1132          1448
        43.12          1448
      43.1268          1448
      43.1336          1448
      43.1404          1448
      43.1472          1448
       43.154          1448
      43.1608          1448
      43.1676          1448
      43.1744          1448
      43.1812          1448
       43.188          1448
      43.1948          1448
      43.2016          1448
      43.2084          1448
      43.2152          1448
       43.222          1448
      43.2288          1448
      43.2356          1448
      43.2424          1448
      43.2492          1448
       43.256          1448
      43.2628          1448
      43.2696          1448
      43.2764          1448
      43.2832          1448
        43.29          1448
      43.2968          1448
      43.3036          1448
      43.3104          1448
      43.3172          1448
       43.324          1448
      43.3308          1448
      43.3376          1448
      43.3444          1448
      43.3512          1448
       43.358          1448
      43.3648          1448
      43.3716          1448
      43.3784          1448
      43.3852          1448
       43.392          1448
      43.3988          1448
      43.4056          1448
      43.4124          1448
      43.4192          1448
       43.426          1448
      43.4328          1448
      43.4396          1448
      43.4464          1448
      43.4532          1448
        43.46          1448
      43.4668          1448
      43.4736          1448
      43.4804          1448
      43.4872          1448
       43.494          1448
      43.5008          1448
      43.5076          1448
      43.5144          1448
      43.5212          1448
       43.528          1448
      43.5348          1448
      43.5416          1448
      43.5484          1448
      43.5552          1448
       43.562          1448
      43.5688          1448
      43.5756          1448
      43.5824          1448
      43.5892          1448
       43.596          1448
      43.6028          1448
      43.6096          1448
      43.6164          1448
      43.6232          1448
        43.63          1448
      43.6368          1448
      43.6436          1448
      43.6504          1448
      43.6572          1448
       43.664          1448
      43.6708          1448
      43.6776          1448
      43.6844          1448
      43.6912          1448
       43.698          1448
      43.7048          1448
      43.7116          1448
      43.7184          1448
      43.7252          1448
       43.732          1448
      43.7388          1448
      43.7456          1448
      43.7524          1448
      43.7592          1448
       43.766          1448
      43.7728          1448
      43.7796          1448
      43.7864          1448
      43.7932          1448
         43.8          1448
      43.8068          1448
      43.8136          1448
      43.8193          1201
      43.8694          1448
      43.8762          1448
       43.883          1448
      43.8898          1448
      43.8966          1448
      43.9034          1448
      43.9102          1448
       43.917          1448
      43.9238          1448
      43.9442          1448
      43.9578          1448
      43.9646          1448
      43.9714          1448
      43.9782          1448
      44.0565         17376
      44.0667          1448
      44.0677          1448
      44.0736          1448
      44.0804          1448
      44.1007          1448
      44.1017          1448
       44.112          1448
       44.113          1448
      44.1246          1448
      44.1256          1448
       44.146          1448
       44.147          1448
      44.1573          1448
      44.1583          1448
      44.1699          1448
      44.1709          1448
      44.1913          1448
      44.1923          1448
      44.2043          1448
      44.2053          1448
      44.2152          1448
      44.2162          1448
      44.2365          1448
      44.2375          1448
      44.2385          1448
      44.2495          1448
      44.2505          1448
      44.2604          1448
      44.2614          1448
      44.2829          1448
      44.2839          1448
      44.2949          1448
      44.2959          1448
      44.3049          1448
      44.3059          1448
      44.3282          1448
      44.3292          1448
      44.3402          1448
      44.3412          1448
      44.3492          1448
      44.3502          1448
      44.3725          1448
      44.3735          1448
      44.3845          1448
      44.3855          1448
      44.3945          1448
      44.3955          1448
      44.4184          1448
      44.4194          1448
      44.4304          1448
      44.4314          1448
      44.4334          1448
      44.4404          1448
      44.4414          1448
      44.4627          1448
      44.4637          1448
      44.4747          1448
      44.4757          1448
      44.4777          1448
      44.4787          1448
      44.4857          1448
      44.4867          1448
       44.508          1448
       44.509          1448
        44.52          1448
       44.521          1448
       44.523          1448
       44.524          1448
       44.531          1448
       44.532          1448
      44.5532          1448
      44.5542          1448
      44.5652          1448
      44.5662          1448
      44.5682          1448
      44.5692          1448
      44.5762          1448
      44.5772          1448
      44.5985          1448
      44.5995          1448
      44.6105          1448
      44.6115          1448
      44.6135          1448
      44.6145          1448
      44.6215          1448
      44.6225          1448
      44.6438          1448
      44.6448          1448
      44.6558          1448
      44.6568          1448
      44.6588          1448
      44.6598          1448
      44.6668          1448
      44.6678          1448
       44.689          1448
        44.69          1448
       44.691          1448
       44.701          1448
       44.702          1448
       44.704          1448
       44.705          1448
       44.712          1448
       44.713          1448
      44.7343          1448
      44.7353          1448
      44.7453          1448
      44.7463          1448
      44.7483          1448
      44.7493          1448
      44.7563          1448
      44.7573          1448
      44.7786          1448
      44.7796          1448
      44.7896          1448
      44.7906          1448
      44.7926          1448
      44.7936          1448
      44.8006          1448
      44.8016          1448
      44.8228          1448
      44.8238          1448
      44.8338          1448
      44.8348          1448
      44.8368          1448
      44.8378          1448
      44.8448          1448
      44.8458          1448
      44.8671          1448
      44.8681          1448
      44.8781          1448
      44.8791          1448
      44.8811          1448
      44.8821          1448
      44.8891          1448
      44.8901          1448
      44.9114          1448
      44.9124          1448
      44.9224          1448
      44.9234          1448
      44.9254          1448
      44.9264          1448
      44.9334          1448
      44.9344          1448
      44.9556          1448
      44.9566          1448
      44.9666          1448
      44.9676          1448
      44.9696          1448
      44.9706          1448
      44.9776          1448
      44.9786          1448
      44.9999          1448
      45.0009          1448
      45.0112          1448
      45.0126          1448
      45.0142          1448
      45.0156          1448
      45.0222          1448
      45.0236          1448
      45.0249          1448
      45.0445          1448
      45.0458          1448
      45.0558          1448
      45.0572          1448
      45.0588          1448
      45.0602          1448
      45.0668          1448
      45.0682          1448
      45.0695          1448
      45.0708          1448
      45.0904          1448
      45.0918          1448
      45.1018          1448
      45.1031          1448
      45.1048          1448
      45.1061          1448
      45.1128          1448
      45.1141          1448
      45.1154          1448
      45.1168          1448
      45.1364          1448
      45.1377          1448
      45.1477          1448
       45.149          1448
      45.1507          1448
       45.152          1448
      45.1587          1448
        45.16          1448
      45.1614          1448
      45.1627          1448
      45.1823          1448
      45.1836          1448
      45.1936          1448
       45.195          1448
      45.1966          1448
       45.198          1448
      45.2046          1448
       45.206          1448
      45.2073          1448
      45.2086          1448
      45.2282          1448
      45.2296          1448
      45.2396          1448
      45.2409          1448
      45.2426          1448
      45.2439          1448
      45.2506          1448
      45.2519          1448
      45.2532          1448
      45.2546          1448
      45.2742          1448
      45.2755          1448
      45.2855          1448
      45.2868          1448
      45.2885          1448
      45.2898          1448
      45.2965          1448
      45.2978          1448
      45.2992          1448
      45.3005          1448
      45.3201          1448
      45.3214          1448
      45.3314          1448
      45.3328          1448
      45.3344          1448
      45.3358          1448
      45.3424          1448
      45.3438          1448
      45.3451          1448
      45.3464          1448
       45.366          1448
      45.3674          1448
      45.3774          1448
      45.3787          1448
      45.3804          1448
      45.3817          1448
      45.3883          1448
      45.3897          1448
       45.391          1448
      45.3923          1448
       45.412          1448
      45.4133          1448
      45.4233          1448
      45.4246          1448
      45.4263          1448
      45.4276          1448
      45.4343          1448
      45.4356          1448
      45.4369          1448
      45.4383          1448
      45.4579          1448
      45.4592          1448
      45.4692          1448
      45.4705          1448
      45.4722          1448
      45.4735          1448
      45.4802          1448
      45.4815          1448
      45.4829          1448
      45.4842          1448
      45.5038          1448
      45.5051          1448
      45.5151          1448
      45.5165          1448
      45.5181          1448
      45.5195          1448
      45.5261          1448
      45.5275          1448
      45.5288          1448
      45.5301          1448
      45.5497          1448
      45.5511          1448
      45.5611          1448
      45.5624          1448
      45.5641          1448
      45.5654          1448
      45.5721          1448
      45.5734          1448
      45.5747          1448
      45.5761          1448
      45.5957          1448
       45.597          1448
       45.607          1448
      45.6083          1448
        45.61          1448
      45.6113          1448
       45.618          1448
      45.6193          1448
      45.6207          1448
       45.622          1448
      45.6416          1448
      45.6429          1448
      45.6529          1448
      45.6543          1448
      45.6559          1448
      45.6573          1448
      45.6639          1448
      45.6653          1448
      45.6666          1448
      45.6679          1448
      45.6875          1448
      45.6889          1448
      45.6989          1448
      45.7002          1448
      45.7019          1448
      45.7032          1448
      45.7099          1448
      45.7112          1448
      45.7125          1448
      45.7139          1448
      45.7335          1448
      45.7348          1448
      45.7448          1448
      45.7461          1448
      45.7478          1448
      45.7491          1448
      45.7558          1448
      45.7571          1448
      45.7585          1448
      45.7598          1448
      45.7794          1448
      45.7807          1448
      45.7907          1448
      45.7921          1448
      45.7937          1448
      45.7951          1448
      45.8017          1448
      45.8031          1448
      45.8044          1448
      45.8057          1448
      45.8253          1448
      45.8267          1448
      45.8367          1448
       45.838          1448
      45.8397          1448
       45.841          1448
      45.8477          1448
       45.849          1448
      45.8503          1448
      45.8517          1448
      45.8713          1448
      45.8726          1448
      45.8826          1448
      45.8839          1448
      45.8856          1448
      45.8869          1448
      45.8936          1448
      45.8949          1448
      45.8963          1448
      45.8976          1448
      45.9172          1448
      45.9185          1448
      45.9285          1448
      45.9299          1448
      45.9315          1448
      45.9329          1448
      45.9395          1448
      45.9409          1448
      45.9422          1448
      45.9435          1448
      45.9631          1448
      45.9645          1448
      45.9745          1448
      45.9758          1448
      45.9775          1448
      45.9788          1448
      45.9855          1448
      45.9868          1448
      45.9881          1448
      45.9894          1448
      46.0085          1448
      46.0093          1448
      46.0198          1448
      46.0206          1448
      46.0228          1448
      46.0236          1448
      46.0308          1448
      46.0316          1448
      46.0335          1448
      46.0343          1448
      46.0533          1448
      46.0541          1448
      46.0647          1448
      46.0654          1448
      46.0677          1448
      46.0684          1448
      46.0757          1448
      46.0764          1448
      46.0783          1448
      46.0791          1448
      46.0981          1448
      46.0989          1448
      46.1095          1448
      46.1103          1448
      46.1125          1448
      46.1133          1448
      46.1205          1448
      46.1213          1448
      46.1231          1448
      46.1239          1448
       46.143          1448
      46.1438          1448
      46.1543          1448
      46.1551          1448
      46.1573          1448
      46.1581          1448
      46.1653          1448
      46.1661          1448
       46.168          1448
      46.1687          1448
      46.1878          1448
      46.1886          1448
      46.1991          1448
      46.1999          1448
      46.2021          1448
      46.2029          1448
      46.2101          1448
      46.2109          1448
      46.2128          1448
      46.2136          1448
      46.2326          1448
      46.2334          1448
      46.2439          1448
      46.2447          1448
      46.2469          1448
      46.2477          1448
      46.2549          1448
      46.2557          1448
      46.2576          1448
      46.2584          1448
      46.2774          1448
      46.2782          1448
      46.2888          1448
      46.2896          1448
      46.2918          1448
      46.2926          1448
      46.2998          1448
      46.3005          1448
      46.3024          1448
      46.3032          1448
      46.3223          1448
       46.323          1448
      46.3336          1448
      46.3344          1448
      46.3366          1448
      46.3374          1448
      46.3446          1448
      46.3454          1448
      46.3473          1448
       46.348          1448
      46.3671          1448
      46.3679          1448
      46.3784          1448
      46.3792          1448
      46.3814          1448
      46.3822          1448
      46.3894          1448
      46.3902          1448
      46.3921          1448
      46.3929          1448
      46.4119          1448
      46.4127          1448
      46.4232          1448
       46.424          1448
      46.4262          1448
       46.427          1448
      46.4342          1448
       46.435          1448
      46.4369          1448
      46.4377          1448
      46.4567          1448
      46.4575          1448
      46.4681          1448
      46.4688          1448
      46.4711          1448
      46.4718          1448
      46.4791          1448
      46.4798          1448
      46.4817          1448
      46.4825          1448
      46.5016          1448
      46.5023          1448
      46.5129          1448
      46.5137          1448
      46.5159          1448
      46.5167          1448
      46.5239          1448
      46.5247          1448
      46.5266          1448
      46.5273          1448
      46.5464          1448
      46.5472          1448
      46.5577          1448
      46.5585          1448
      46.5607          1448
      46.5615          1448
      46.5687          1448
      46.5695          1448
      46.5714          1448
      46.5722          1448
      46.5912          1448
       46.592          1448
      46.6025          1448
      46.6033          1448
      46.6055          1448
      46.6063          1448
      46.6135          1448
      46.6143          1448
      46.6162          1448
       46.617          1448
       46.636          1448
      46.6368          1448
      46.6474          1448
      46.6481          1448
      46.6504          1448
      46.6511          1448
      46.6584          1448
      46.6591          1448
       46.661          1448
      46.6618          1448
      46.6809          1448
      46.6816          1448
      46.6922          1448
       46.693          1448
      46.6952          1448
       46.696          1448
      46.7032          1448
       46.704          1448
      46.7046           517
      46.7487          1448
      46.7495          1448
      46.7502          1448
       46.751          1448
      46.7518          1448
      46.7526          1448
      46.7533          1448
      46.7541          1448
      46.7549          1448
      46.7557          1448
      46.7935          1448
      46.7943          1448
      46.7951          1448
      46.7958          1448
      46.7966          1448
      46.7974          1448
      46.7982          1448
      46.7989          1448
      46.7997          1448
      46.8005          1448
      46.8383          1448
      46.8391          1448
      46.8399          1448
      46.8407          1448
      46.8414          1448
      46.8422          1448
       46.843          1448
      46.8438          1448
      46.8445          1448
      46.8453          1448
      46.8831          1448
      46.8839          1448
      46.8847          1448
      46.8855          1448
      46.8863          1448
       46.887          1448
      46.8878          1448
      46.8886          1448
      46.8894          1448
      46.8901          1448
       46.928          1448
      46.9287          1448
      46.9295          1448
      46.9303          1448
      46.9311          1448
      46.9319          1448
      46.9326          1448
      46.9334          1448
      46.9342          1448
       46.935          1448
      46.9728          1448
      46.9736          1448
      46.9743          1448
      46.9751          1448
      46.9759          1448
      46.9767          1448
      46.9775          1448
      46.9782          1448
       46.979          1448
      46.9798          1448
      47.0185          1448
      47.0202          1448
      47.0218          1448
      47.0235          1448
      47.0252          1448
      47.0268          1448
      47.0285          1448
      47.0302          1448
      47.0318          1448
      47.0335          1448
      47.0651          1448
      47.0668          1448
      47.0684          1448
      47.0701          1448
      47.0718          1448
      47.0734          1448
      47.0751          1448
      47.0768          1448
      47.0784          1448
      47.0801          1448
      47.1117          1448
      47.1134          1448
       47.115          1448
      47.1167          1448
      47.1184          1448
        47.12          1448
      47.1217          1448
      47.1234          1448
       47.125          1448
      47.1267          1448
      47.1583          1448
        47.16          1448
      47.1616          1448
      47.1633          1448
       47.165          1448
      47.1666          1448
      47.1683          1448
        47.17          1448
      47.1716          1448
      47.1733          1448
      47.2049          1448
      47.2066          1448
      47.2082          1448
      47.2099          1448
      47.2116          1448
      47.2132          1448
      47.2149          1448
      47.2166          1448
      47.2182          1448
      47.2199          1448
      47.2515          1448
      47.2532          1448
      47.2548          1448
      47.2565          1448
      47.2582          1448
      47.2598          1448
      47.2615          1448
      47.2632          1448
      47.2648          1448
      47.2665          1448
      47.2981          1448
      47.2998          1448
      47.3014          1448
      47.3031          1448
      47.3048          1448
      47.3064          1448
      47.3081          1448
      47.3098          1448
      47.3115          1448
      47.3131          1448
      47.3447          1448
      47.3464          1448
       47.348          1448
      47.3497          1448
      47.3514          1448
       47.353          1448
      47.3547          1448
      47.3564          1448
      47.3581          1448
      47.3597          1448
      47.3913          1448
       47.393          1448
      47.3946          1448
      47.3963          1448
       47.398          1448
      47.3997          1448
      47.4013          1448
       47.403          1448
      47.4047          1448
      47.4063          1448
      47.4379          1448
      47.4396          1448
      47.4412          1448
      47.4429          1448
      47.4446          1448
      47.4463          1448
      47.4479          1448
      47.4496          1448
      47.4513          1448
      47.4529          1448
      47.4845          1448
      47.4862          1448
      47.4879          1448
      47.4895          1448
      47.4912          1448
      47.4929          1448
      47.4945          1448
      47.4962          1448
      47.4979          1448
      47.4995          1448
      47.5311          1448
      47.5328          1448
      47.5345          1448
      47.5361          1448
      47.5378          1448
      47.5395          1448
      47.5411          1448
      47.5428          1448
      47.5445          1448
      47.5461          1448
      47.5777          1448
      47.5794          1448
      47.5811          1448
      47.5827          1448
      47.5844          1448
      47.5861          1448
      47.5877          1448
      47.5894          1448
      47.5911          1448
      47.5927          1448
      47.6243          1448
       47.626          1448
      47.6277          1448
      47.6293          1448
       47.631          1448
      47.6327          1448
      47.6343          1448
       47.636          1448
      47.6377          1448
      47.6393          1448
      47.6709          1448
      47.6726          1448
      47.6743          1448
      47.6759          1448
      47.6776          1448
      47.6793          1448
      47.6809          1448
      47.6826          1448
      47.6843          1448
      47.6859          1448
      47.7175          1448
      47.7192          1448
      47.7209          1448
      47.7225          1448
      47.7242          1448
      47.7259          1448
      47.7275          1448
      47.7292          1448
      47.7309          1448
      47.7325          1448
      47.7641          1448
      47.7658          1448
      47.7675          1448
      47.7691          1448
      47.7708          1448
      47.7725          1448
      47.7741          1448
      47.7758          1448
      47.7775          1448
      47.7791          1448
      47.7808          1448
      47.8107          1448
      47.8124          1448
      47.8141          1448
      47.8157          1448
      47.8174          1448
      47.8191          1448
      47.8207          1448
      47.8224          1448
      47.8241          1448
      47.8257          1448
      47.8557          1448
      47.8573          1448
       47.859          1448
      47.8607          1448
      47.8623          1448
       47.864          1448
      47.8657          1448
      47.8673          1448
       47.869          1448
      47.8707          1448
      47.9006          1448
      47.9023          1448
      47.9039          1448
      47.9056          1448
      47.9073          1448
      47.9089          1448
      47.9106          1448
      47.9123          1448
      47.9139          1448
      47.9156          1448
      47.9455          1448
      47.9472          1448
      47.9489          1448
      47.9505          1448
      47.9522          1448
      47.9539          1448
      47.9555          1448
      47.9572          1448
      47.9589          1448
      47.9605          1448
      47.9905          1448
      47.9921          1448
      47.9938          1448
      47.9955          1448
      47.9971          1448
      47.9988          1448
      48.0005          1448
      48.0021          1448
      48.0038          1448
      48.0055          1448
      48.0346          1448
      48.0355          1448
       48.038          1448
      48.0389          1448
      48.0413          1448
      48.0422          1448
      48.0446          1448
      48.0455          1448
       48.048          1448
      48.0489          1448
      48.0788          1448
      48.0797          1448
      48.0821          1448
       48.083          1448
      48.0855          1448
      48.0864          1448
      48.0888          1448
      48.0897          1448
      48.0906          1448
      48.0921          1448
      48.0931          1448
       48.123          1448
      48.1239          1448
      48.1263          1448
      48.1272          1448
      48.1296          1448
      48.1306          1448
       48.133          1448
      48.1339          1448
      48.1348          1448
      48.1357          1448
      48.1372          1448
      48.1381          1448
      48.1681          1448
       48.169          1448
      48.1714          1448
      48.1723          1448
      48.1747          1448
      48.1756          1448
      48.1781          1448
       48.179          1448
      48.1799          1448
      48.1808          1448
      48.1823          1448
      48.1832          1448
      48.2131          1448
       48.214          1448
      48.2165          1448
      48.2174          1448
      48.2198          1448
      48.2207          1448
      48.2231          1448
       48.224          1448
      48.2249          1448
      48.2259          1448
      48.2274          1448
      48.2283          1448
      48.2582          1448
      48.2591          1448
      48.2615          1448
      48.2625          1448
      48.2649          1448
      48.2658          1448
      48.2682          1448
      48.2691          1448
        48.27          1448
      48.2709          1448
      48.2725          1448
      48.2734          1448
      48.3033          1448
      48.3042          1448
      48.3066          1448
      48.3075          1448
        48.31          1448
      48.3109          1448
      48.3133          1448
      48.3142          1448
      48.3151          1448
       48.316          1448
      48.3175          1448
      48.3184          1448
      48.3484          1448
      48.3493          1448
      48.3502          1448
      48.3517          1448
      48.3526          1448
       48.355          1448
      48.3559          1448
      48.3584          1448
      48.3593          1448
      48.3602          1448
      48.3611          1448
      48.3626          1448
      48.3635          1448
      48.3934          1448
      48.3943          1448
      48.3959          1448
      48.3968          1448
      48.3992          1448
      48.4001          1448
      48.4025          1448
      48.4034          1448
      48.4044          1448
      48.4053          1448
      48.4068          1448
      48.4077          1448
      48.4376          1448
      48.4385          1448
        48.44          1448
      48.4409          1448
      48.4434          1448
      48.4443          1448
      48.4467          1448
      48.4476          1448
      48.4485          1448
      48.4494          1448
       48.451          1448
      48.4519          1448
      48.4818          1448
      48.4827          1448
      48.4842          1448
      48.4851          1448
      48.4875          1448
      48.4885          1448
      48.4909          1448
      48.4918          1448
      48.4927          1448
      48.4936          1448
      48.4951          1448
       48.496          1448
       48.526          1448
      48.5269          1448
      48.5284          1448
      48.5293          1448
      48.5317          1448
      48.5326          1448
      48.5335          1448
      48.5351          1448
       48.536          1448
      48.5369          1448
      48.5378          1448
      48.5393          1448
      48.5402          1448
      48.5701          1448
       48.571          1448
      48.5726          1448
      48.5735          1448
      48.5759          1448
      48.5768          1448
      48.5777          1448
      48.5786          1448
      48.5801          1448
       48.581          1448
      48.5819          1448
      48.5829          1448
      48.5844          1448
      48.5853          1448
      48.6152          1448
      48.6161          1448
      48.6176          1448
      48.6185          1448
       48.621          1448
      48.6219          1448
      48.6228          1448
      48.6237          1448
      48.6252          1448
      48.6261          1448
       48.627          1448
      48.6279          1448
      48.6295          1448
      48.6304          1448
      48.6603          1448
      48.6612          1448
      48.6627          1448
      48.6636          1448
       48.666          1448
       48.667          1448
      48.6679          1448
      48.6688          1448
      48.6703          1448
      48.6712          1448
      48.6721          1448
       48.673          1448
      48.6745          1448
      48.6754          1448
      48.7054          1448
      48.7063          1448
      48.7072          1448
      48.7081          1448
       48.709          1448
      48.7111          1448
       48.712          1448
      48.7129          1448
      48.7138          1448
      48.7154          1448
      48.7163          1448
      48.7172          1448
      48.7181          1448
      48.7196          1448
      48.7205          1448
      48.7504          1448
      48.7513          1448
      48.7522          1448
      48.7532          1448
      48.7553          1448
      48.7562          1448
      48.7571          1448
       48.758          1448
      48.7595          1448
      48.7604          1448
      48.7613          1448
      48.7623          1448
      48.7638          1448
      48.7647          1448
      48.7946          1448
      48.7955          1448
      48.7964          1448
      48.7973          1448
      48.7995          1448
      48.8004          1448
      48.8013          1448
      48.8022          1448
      48.8037          1448
      48.8046          1448
      48.8055          1448
      48.8064          1448
      48.8079          1448
      48.8089          1448
      48.8388          1448
      48.8397          1448
      48.8406          1448
      48.8415          1448
      48.8436          1448
      48.8438           159
      48.8879          1448
      48.8889          1448
      48.8898          1448
      48.8907          1448
      48.8916          1448
      48.8925          1448
      48.8934          1448
      48.8943          1448
      48.8952          1448
      48.8961          1448
       48.897          1448
      48.8979          1448
      48.8988          1448
      48.8997          1448
      48.9006          1448
      48.9015          1448
       48.933          1448
      48.9339          1448
      48.9348          1448
      48.9357          1448
      48.9367          1448
      48.9376          1448
      48.9385          1448
      48.9394          1448
      48.9403          1448
      48.9412          1448
      48.9421          1448
       48.943          1448
      48.9439          1448
      48.9448          1448
      48.9457          1448
      48.9466          1448
      48.9781          1448
       48.979          1448
      48.9799          1448
      48.9808          1448
      48.9817          1448
      48.9826          1448
      48.9835          1448
      48.9844          1448
      48.9853          1448
      48.9863          1448
      48.9872          1448
      48.9881          1448
       48.989          1448
      48.9899          1448
      48.9908          1448
      48.9917          1448
      48.9926          1448
      49.0236          1448
      49.0249          1448
      49.0262          1448
      49.0276          1448
      49.0289          1448
      49.0302          1448
      49.0315          1448
      49.0329          1448
      49.0342          1448
      49.0355          1448
      49.0368          1448
      49.0382          1448
      49.0395          1448
      49.0408          1448
      49.0421          1448
      49.0434          1448
      49.0682          1448
      49.0695          1448
      49.0708          1448
      49.0722          1448
      49.0735          1448
      49.0748          1448
      49.0761          1448
      49.0774          1448
      49.0788          1448
      49.0801          1448
      49.0814          1448
      49.0827          1448
      49.0841          1448
      49.0854          1448
      49.0867          1448
       49.088          1448
      49.1128          1448
      49.1141          1448
      49.1154          1448
      49.1167          1448
      49.1181          1448
      49.1194          1448
      49.1207          1448
       49.122          1448
      49.1234          1448
      49.1247          1448
       49.126          1448
      49.1273          1448
      49.1287          1448
        49.13          1448
      49.1313          1448
      49.1326          1448
      49.1339          1448
      49.1574          1448
      49.1587          1448
        49.16          1448
      49.1613          1448
      49.1627          1448
       49.164          1448
      49.1653          1448
      49.1666          1448
      49.1679          1448
      49.1693          1448
      49.1706          1448
      49.1719          1448
      49.1732          1448
      49.1746          1448
      49.1759          1448
      49.1772          1448
      49.1785          1448
      49.1799          1448
      49.2033          1448
      49.2046          1448
      49.2059          1448
      49.2072          1448
      49.2086          1448
      49.2099          1448
      49.2112          1448
      49.2125          1448
      49.2139          1448
      49.2152          1448
      49.2165          1448
      49.2178          1448
      49.2192          1448
      49.2205          1448
      49.2218          1448
      49.2231          1448
      49.2244          1448
      49.2258          1448
      49.2271          1448
      49.2515          1448
      49.2528          1448
      49.2554          1448
      49.2581          1448
      49.2607          1448
      49.2634          1448
       49.266          1448
      49.2687          1448
      49.2713          1448
       49.274          1448
      49.2766          1448
      49.2792          1448
      49.2819          1448
      49.2845          1448
      49.2872          1448
      49.2898          1448
      49.2925          1448
      49.2951          1448
      49.2978          1448
      49.3004          1448
      49.3031          1448
      49.3057          1448
      49.3083          1448
       49.311          1448
      49.3136          1448
      49.3163          1448
      49.3189          1448
      49.3216          1448
      49.3242          1448
      49.3269          1448
      49.3295          1448
      49.3322          1448
      49.3348          1448
      49.3374          1448
      49.3401          1448
      49.3427          1448
      49.3454          1448
       49.348          1448
      49.3507          1448
      49.3533          1448
       49.356          1448
      49.3586          1448
      49.3613          1448
      49.3639          1448
      49.3665          1448
      49.3692          1448
      49.3718          1448
      49.3745          1448
      49.3769          1448
      49.3782          1448
      49.3795          1448
      49.3808          1448
      49.3822          1448
      49.3847          1448
       49.386          1448
        49.39          1448
      49.3913          1448
      49.3953          1448
      49.3966          1448
      49.4006          1448
      49.4019          1448
      49.4032          1448
      49.4059          1448
      49.4072          1448
      49.4111          1448
      49.4125          1448
      49.4164          1448
      49.4177          1448
      49.4215          1448
      49.4228          1448
      49.4241          1448
      49.4254          1448
      49.4268          1448
      49.4281          1448
      49.4306          1448
      49.4319          1448
      49.4359          1448
      49.4372          1448
      49.4412          1448
      49.4425          1448
      49.4465          1448
      49.4478          1448
      49.4518          1448
      49.4544          1448
      49.4571          1448
      49.4584          1448
       49.461          1448
      49.4623          1448
      49.4661          1448
      49.4674          1448
      49.4687          1448
        49.47          1448
      49.4714          1448
      49.4727          1448
      49.4752          1448
      49.4765          1448
      49.4805          1448
      49.4818          1448
      49.4858          1448
      49.4871          1448
      49.4884          1448
      49.4911          1448
      49.4924          1448
      49.4977          1448
      49.5004          1448
       49.503          1448
      49.5056          1448
      49.5083          1448
      49.5096          1448
      49.5109          1448
      49.5123          1448
      49.5136          1448
      49.5149          1448
      49.5162          1448
      49.5175          1448
      49.5198          1448
      49.5211          1448
      49.5251          1448
      49.5264          1448
      49.5304          1448
      49.5317          1448
       49.533          1448
      49.5343          1448
       49.537          1448
      49.5383          1448
      49.5449          1448
      49.5463          1448
      49.5516          1448
      49.5529          1448
      49.5555          1448
      49.5582          1448
      49.5608          1448
      49.5621          1448
      49.5635          1448
      49.5648          1448
      49.5661          1448
      49.5674          1448
      49.5688          1448
      49.5701          1448
      49.5714          1448
      49.5727          1448
       49.574          1448
      49.5763          1448
      49.5776          1448
      49.5789          1448
      49.5802          1448
      49.5829          1448
      49.5842          1448
      49.5909          1448
      49.5922          1448
      49.5988          1448
      49.6001          1448
      49.6041          1448
      49.6054          1448
       49.608          1448
      49.6107          1448
      49.6133          1448
      49.6147          1448
       49.616          1448
      49.6173          1448
      49.6186          1448
        49.62          1448
      49.6213          1448
      49.6226          1448
      49.6239          1448
      49.6252          1448
      49.6266          1448
      49.6279          1448
      49.6292          1448
      49.6305          1448
      49.6371          1448
      49.6385          1448
      49.6451          1448
      49.6464          1448
      49.6504          1448
      49.6517          1448
      49.6543          1448
       49.657          1448
      49.6596          1448
      49.6623          1448
      49.6636          1448
      49.6649          1448
      49.6662          1448
      49.6676          1448
      49.6689          1448
      49.6702          1448
      49.6715          1448
      49.6729          1448
      49.6742          1448
      49.6755          1448
      49.6768          1448
      49.6808          1448
      49.6834          1448
      49.6861          1448
      49.6887          1448
      49.6914          1448
       49.694          1448
      49.6967          1448
      49.6993          1448
       49.702          1448
      49.7042          1448
      49.7055          1448
      49.7069          1448
      49.7082          1448
      49.7095          1448
      49.7108          1448
      49.7122          1448
      49.7135          1448
      49.7148          1448
      49.7161          1448
      49.7175          1448
      49.7188          1448
      49.7201          1448
      49.7214          1448
      49.7227          1448
       49.728          1448
      49.7294          1448
      49.7307          1448
      49.7333          1448
      49.7346          1448
      49.7386          1448
      49.7399          1448
      49.7439          1448
      49.7452          1448
      49.7488          1448
      49.7501          1448
      49.7514          1448
      49.7528          1448
      49.7541          1448
      49.7554          1448
      49.7568          1448
      49.7581          1448
      49.7594          1448
      49.7607          1448
       49.762          1448
      49.7634          1448
      49.7647          1448
       49.766          1448
      49.7673          1448
      49.7687          1448
      49.7739          1448
      49.7753          1448
      49.7779          1448
      49.7792          1448
      49.7832          1448
      49.7845          1448
      49.7885          1448
      49.7898          1448
      49.7934          1448
      49.7947          1448
       49.796          1448
      49.7974          1448
      49.7987          1448
         49.8          1448
      49.8013          1448
      49.8027          1448
       49.804          1448
      49.8053          1448
      49.8066          1448
       49.808          1448
      49.8093          1448
      49.8106          1448
      49.8119          1448
      49.8132          1448
      49.8146          1448
      49.8185          1448
      49.8199          1448
      49.8225          1448
      49.8238          1448
      49.8278          1448
      49.8291          1448
      49.8331          1448
      49.8344          1448
       49.838          1448
      49.8393          1448
      49.8406          1448
       49.842          1448
      49.8433          1448
      49.8446          1448
      49.8459          1448
      49.8473          1448
      49.8486          1448
      49.8499          1448
      49.8512          1448
      49.8525          1448
      49.8539          1448
      49.8552          1448
      49.8565          1448
      49.8578          1448
      49.8592          1448
      49.8605          1448
      49.8644          1448
      49.8658          1448
      49.8684          1448
      49.8697          1448
      49.8711          1448
      49.8737          1448
       49.875          1448
       49.879          1448
      49.8803          1448
      49.8839          1448
      49.8852          1448
      49.8865          1448
      49.8879          1448
      49.8892          1448
      49.8905          1448
      49.8918          1448
      49.8932          1448
      49.8945          1448
      49.8958          1448
      49.8971          1448
      49.8985          1448
      49.8998          1448
      49.9011          1448
      49.9024          1448
      49.9037          1448
      49.9051          1448
      49.9064          1448
      49.9104          1448
      49.9117          1448
      49.9143          1448
      49.9157          1448
      49.9183          1448
      49.9196          1448
      49.9236          1448
      49.9249          1448
      49.9285          1448
      49.9298          1448
      49.9311          1448
      49.9325          1448
      49.9338          1448
      49.9351          1448
      49.9364          1448
      49.9378          1448
      49.9391          1448
      49.9404          1448
      49.9417          1448
       49.943          1448
      49.9444          1448
      49.9457          1448
       49.947          1448
      49.9483          1448
      49.9497          1448
       49.951          1448
      49.9523          1448
      49.9549          1448
      49.9563          1448
      49.9589          1448
      49.9602          1448
      49.9629          1448
      49.9642          1448
      49.9682          1448
      49.9695          1448
      49.9731          1448
      49.9735           417
      50.0177          1448
      50.0187          1448
      50.0196          1448
      50.0206          1448
      50.0215          1448
      50.0225          1448
      50.0234          1448
      50.0244          1448
      50.0254          1448
      50.0263          1448
      50.0273          1448
      50.0282          1448
      50.0292          1448
      50.0301          1448
      50.0311          1448
       50.032          1448
       50.033          1448
      50.0339          1448
      50.0349          1448
      50.0358          1448
      50.0368          1448
      50.0377          1448
      50.0387          1448
      50.0396          1448
      50.0406          1448
      50.0415          1448
      50.0425          1448
      50.0434          1448
      50.0444          1448
      50.0629          1448
      50.0639          1448
      50.0648          1448
      50.0658          1448
      50.0667          1448
      50.0677          1448
      50.0686          1448
      50.0696          1448
      50.0705          1448
      50.0715          1448
      50.0724          1448
      50.0734          1448
      50.0743          1448
      50.0753          1448
      50.0762          1448
      50.0772          1448
      50.0781          1448
      50.0791          1448
        50.08          1448
       50.081          1448
       50.082          1448
      50.0829          1448
      50.0839          1448
      50.0848          1448
      50.0858          1448
      50.0867          1448
      50.0877          1448
      50.0886          1448
      50.0896          1448
      50.1071          1448
      50.1081          1448
       50.109          1448
        50.11          1448
      50.1109          1448
      50.1119          1448
      50.1128          1448
      50.1138          1448
      50.1147          1448
      50.1157          1448
      50.1166          1448
      50.1176          1448
      50.1186          1448
      50.1195          1448
      50.1205          1448
      50.1214          1448
      50.1224          1448
      50.1233          1448
      50.1243          1448
      50.1252          1448
      50.1262          1448
      50.1271          1448
      50.1281          1448
       50.129          1448
        50.13          1448
      50.1309          1448
      50.1319          1448
      50.1328          1448
      50.1338          1448
      50.1347          1448
      50.1357          1448
      50.1523          1448
      50.1532          1448
      50.1542          1448
      50.1552          1448
      50.1561          1448
      50.1571          1448
       50.158          1448
       50.159          1448
      50.1599          1448
      50.1609          1448
      50.1618          1448
      50.1628          1448
      50.1637          1448
      50.1647          1448
      50.1656          1448
      50.1666          1448
      50.1675          1448
      50.1685          1448
      50.1694          1448
      50.1704          1448
      50.1713          1448
      50.1723          1448
      50.1732          1448
      50.1742          1448
      50.1752          1448
      50.1761          1448
      50.1771          1448
       50.178          1448
       50.179          1448
      50.1799          1448
      50.1965          1448
      50.1975          1448
      50.1984          1448
      50.1994          1448
      50.2003          1448
      50.2013          1448
      50.2022          1448
      50.2032          1448
      50.2041          1448
      50.2051          1448
       50.206          1448
       50.207          1448
      50.2079          1448
      50.2089          1448
      50.2098          1448
      50.2108          1448
      50.2118          1448
      50.2127          1448
      50.2137          1448
      50.2146          1448
      50.2156          1448
      50.2165          1448
      50.2175          1448
      50.2184          1448
      50.2194          1448
      50.2203          1448
      50.2213          1448
      50.2222          1448
      50.2232          1448
      50.2241          1448
      50.2251          1448
      50.2407          1448
      50.2417          1448
      50.2426          1448
      50.2436          1448
      50.2445          1448
      50.2455          1448
      50.2464          1448
      50.2474          1448
      50.2484          1448
      50.2493          1448
      50.2503          1448
      50.2512          1448
      50.2522          1448
      50.2531          1448
      50.2541          1448
       50.255          1448
       50.256          1448
      50.2569          1448
      50.2579          1448
      50.2588          1448
      50.2598          1448
      50.2607          1448
      50.2617          1448
      50.2626          1448
      50.2636          1448
      50.2645          1448
      50.2655          1448
      50.2664          1448
      50.2674          1448
      50.2684          1448
      50.2693          1448
      50.2703          1448
      50.2712          1448
      50.2859          1448
      50.2869          1448
      50.2878          1448
      50.2888          1448
      50.2897          1448
      50.2907          1448
      50.2916          1448
      50.2926          1448
      50.2935          1448
      50.2945          1448
      50.2954          1448
      50.2964          1448
      50.2973          1448
      50.2983          1448
      50.2992          1448
      50.3002          1448
      50.3011          1448
      50.3021          1448
       50.303          1448
       50.304          1448
       50.305          1448
      50.3059          1448
      50.3069          1448
      50.3078          1448
      50.3088          1448
      50.3097          1448
      50.3107          1448
      50.3116          1448
      50.3126          1448
      50.3135          1448
      50.3145          1448
      50.3154          1448
      50.3164          1448
      50.3301          1448
      50.3311          1448
       50.332          1448
       50.333          1448
      50.3339          1448
      50.3349          1448
      50.3358          1448
      50.3368          1448
      50.3377          1448
      50.3387          1448
      50.3396          1448
      50.3406          1448
      50.3416          1448
      50.3425          1448
      50.3435          1448
      50.3444          1448
      50.3454          1448
      50.3463          1448
      50.3473          1448
      50.3482          1448
      50.3492          1448
      50.3501          1448
      50.3511          1448
       50.352          1448
       50.353          1448
      50.3539          1448
      50.3549          1448
      50.3558          1448
      50.3568          1448
      50.3577          1448
      50.3587          1448
      50.3596          1448
      50.3606          1448
      50.3616          1448
      50.3625          1448
      50.3753          1448
      50.3762          1448
      50.3772          1448
      50.3782          1448
      50.3791          1448
      50.3801          1448
       50.381          1448
       50.382          1448
      50.3829          1448
      50.3839          1448
      50.3848          1448
      50.3858          1448
      50.3867          1448
      50.3877          1448
      50.3886          1448
      50.3896          1448
      50.3905          1448
      50.3915          1448
      50.3924          1448
      50.3934          1448
      50.3943          1448
      50.3953          1448
      50.3962          1448
      50.3972          1448
      50.3982          1448
      50.3991          1448
      50.4001          1448
       50.401          1448
       50.402          1448
      50.4029          1448
      50.4039          1448
      50.4048          1448
      50.4058          1448
      50.4067          1448
      50.4077          1448
      50.4195          1448
      50.4205          1448
      50.4214          1448
      50.4224          1448
      50.4233          1448
      50.4243          1448
      50.4252          1448
      50.4262          1448
      50.4271          1448
      50.4281          1448
       50.429          1448
        50.43          1448
      50.4309          1448
      50.4319          1448
      50.4328          1448
      50.4338          1448
      50.4348          1448
      50.4357          1448
      50.4367          1448
      50.4376          1448
      50.4386          1448
      50.4395          1448
      50.4405          1448
      50.4414          1448
      50.4424          1448
      50.4433          1448
      50.4443          1448
      50.4452          1448
      50.4462          1448
      50.4471          1448
      50.4481          1448
       50.449          1448
        50.45          1448
      50.4509          1448
      50.4519          1448
      50.4528          1448
      50.4538          1448
      50.4647          1448
      50.4656          1448
      50.4666          1448
      50.4675          1448
      50.4685          1448
      50.4694          1448
      50.4704          1448
      50.4714          1448
      50.4723          1448
      50.4733          1448
      50.4742          1448
      50.4752          1448
      50.4761          1448
      50.4771          1448
       50.478          1448
       50.479          1448
      50.4799          1448
      50.4809          1448
      50.4818          1448
      50.4828          1448
      50.4837          1448
      50.4847          1448
      50.4856          1448
      50.4866          1448
      50.4875          1448
      50.4885          1448
      50.4894          1448
      50.4904          1448
      50.4913          1448
      50.4923          1448
      50.4933          1448
      50.4942          1448
      50.4952          1448
      50.4961          1448
      50.4971          1448
       50.498          1448
      50.5089          1448
      50.5099          1448
      50.5108          1448
      50.5118          1448
      50.5127          1448
      50.5137          1448
      50.5146          1448
      50.5156          1448
      50.5165          1448
      50.5175          1448
      50.5184          1448
      50.5194          1448
      50.5203          1448
      50.5213          1448
      50.5222          1448
      50.5232          1448
      50.5241          1448
      50.5251          1448
       50.526          1448
       50.527          1448
      50.5279          1448
      50.5289          1448
      50.5299          1448
      50.5308          1448
      50.5318          1448
      50.5327          1448
      50.5337          1448
      50.5346          1448
      50.5356          1448
      50.5365          1448
      50.5375          1448
      50.5384          1448
      50.5394          1448
      50.5403          1448
      50.5413          1448
      50.5422          1448
      50.5432          1448
      50.5531          1448
      50.5541          1448
       50.555          1448
       50.556          1448
      50.5569          1448
      50.5579          1448
      50.5588          1448
      50.5598          1448
      50.5607          1448
      50.5617          1448
      50.5626          1448
      50.5636          1448
      50.5645          1448
      50.5655          1448
      50.5665          1448
      50.5674          1448
      50.5684          1448
      50.5693          1448
      50.5703          1448
      50.5712          1448
      50.5722          1448
      50.5731          1448
      50.5741          1448
       50.575          1448
       50.576          1448
      50.5769          1448
      50.5779          1448
      50.5788          1448
      50.5798          1448
      50.5807          1448
      50.5817          1448
      50.5826          1448
      50.5836          1448
      50.5845          1448
      50.5855          1448
      50.5865          1448
      50.5874          1448
      50.5884          1448
      50.5893          1448
      50.5983          1448
      50.5992          1448
      50.6002          1448
      50.6011          1448
      50.6021          1448
      50.6031          1448
       50.604          1448
       50.605          1448
      50.6059          1448
      50.6069          1448
      50.6078          1448
      50.6088          1448
      50.6097          1448
      50.6107          1448
      50.6116          1448
      50.6126          1448
      50.6135          1448
      50.6145          1448
      50.6154          1448
      50.6164          1448
      50.6173          1448
      50.6183          1448
      50.6192          1448
      50.6202          1448
      50.6211          1448
      50.6221          1448
      50.6231          1448
       50.624          1448
       50.625          1448
      50.6259          1448
      50.6269          1448
      50.6272           556
      50.6715          1448
      50.6724          1448
      50.6734          1448
      50.6743          1448
      50.6753          1448
      50.6762          1448
      50.6772          1448
      50.6781          1448
      50.6791          1448
        50.68          1448
       50.681          1448
       50.682          1448
      50.6829          1448
      50.6839          1448
      50.6848          1448
      50.6858          1448
      50.6867          1448
      50.6877          1448
      50.6886          1448
      50.6896          1448
      50.6905          1448
      50.6915          1448
      50.6924          1448
      50.6934          1448
      50.6943          1448
      50.6953          1448
      50.6962          1448
      50.6972          1448
      50.6981          1448
      50.6991          1448
         50.7          1448
       50.701          1448
      50.7019          1448
      50.7029          1448
      50.7039          1448
      50.7048          1448
      50.7058          1448
      50.7067          1448
      50.7077          1448
      50.7086          1448
      50.7096          1448
      50.7166          1448
      50.7176          1448
      50.7186          1448
      50.7195          1448
      50.7205          1448
      50.7214          1448
      50.7224          1448
      50.7233          1448
      50.7243          1448
      50.7252          1448
      50.7262          1448
      50.7271          1448
      50.7281          1448
       50.729          1448
        50.73          1448
      50.7309          1448
      50.7319          1448
      50.7328          1448
      50.7338          1448
      50.7347          1448
      50.7357          1448
      50.7366          1448
      50.7376          1448
      50.7385          1448
      50.7395          1448
      50.7405          1448
      50.7414          1448
      50.7424          1448
      50.7433          1448
      50.7443          1448
      50.7452          1448
      50.7462          1448
      50.7471          1448
      50.7481          1448
       50.749          1448
        50.75          1448
      50.7509          1448
      50.7519          1448
      50.7528          1448
      50.7538          1448
      50.7547          1448
      50.7557          1448
      50.7609          1448
      50.7618          1448
      50.7628          1448
      50.7637          1448
      50.7647          1448
      50.7656          1448
      50.7666          1448
      50.7675          1448
      50.7685          1448
      50.7694          1448
      50.7704          1448
      50.7713          1448
      50.7723          1448
      50.7732          1448
      50.7742          1448
      50.7751          1448
      50.7761          1448
      50.7771          1448
       50.778          1448
       50.779          1448
      50.7799          1448
      50.7809          1448
      50.7818          1448
      50.7828          1448
      50.7837          1448
      50.7847          1448
      50.7856          1448
      50.7866          1448
      50.7875          1448
      50.7885          1448
      50.7894          1448
      50.7904          1448
      50.7913          1448
      50.7923          1448
      50.7932          1448
      50.7942          1448
      50.7951          1448
      50.7961          1448
      50.7971          1448
       50.798          1448
       50.799          1448
      50.7999          1448
      50.8009          1448
      50.8051          1448
       50.806          1448
       50.807          1448
      50.8079          1448
      50.8089          1448
      50.8098          1448
      50.8108          1448
      50.8118          1448
      50.8127          1448
      50.8137          1448
      50.8146          1448
      50.8156          1448
      50.8165          1448
      50.8175          1448
      50.8184          1448
      50.8194          1448
      50.8203          1448
      50.8213          1448
      50.8222          1448
      50.8232          1448
      50.8241          1448
      50.8251          1448
       50.826          1448
       50.827          1448
      50.8279          1448
      50.8289          1448
      50.8298          1448
      50.8308          1448
      50.8317          1448
      50.8327          1448
      50.8337          1448
      50.8346          1448
      50.8356          1448
      50.8365          1448
      50.8375          1448
      50.8384          1448
      50.8394          1448
      50.8403          1448
      50.8413          1448
      50.8422          1448
      50.8432          1448
      50.8441          1448
      50.8451          1448
       50.846          1448
       50.847          1448
      50.8503          1448
      50.8512          1448
      50.8522          1448
      50.8531          1448
      50.8541          1448
       50.855          1448
       50.856          1448
      50.8569          1448
      50.8579          1448
      50.8588          1448
      50.8598          1448
      50.8607          1448
      50.8617          1448
      50.8626          1448
      50.8636          1448
      50.8645          1448
      50.8655          1448
      50.8664          1448
      50.8674          1448
      50.8683          1448
      50.8693          1448
      50.8703          1448
      50.8712          1448
      50.8722          1448
      50.8731          1448
      50.8741          1448
       50.875          1448
       50.876          1448
      50.8769          1448
      50.8779          1448
      50.8788          1448
      50.8798          1448
      50.8807          1448
      50.8817          1448
      50.8826          1448
      50.8836          1448
      50.8845          1448
      50.8855          1448
      50.8864          1448
      50.8874          1448
      50.8883          1448
      50.8893          1448
      50.8903          1448
      50.8912          1448
      50.8922          1448
      50.8945          1448
      50.8954          1448
      50.8964          1448
      50.8973          1448
      50.8983          1448
      50.8992          1448
      50.9002          1448
      50.9011          1448
      50.9021          1448
       50.903          1448
       50.904          1448
      50.9049          1448
      50.9059          1448
      50.9069          1448
      50.9078          1448
      50.9088          1448
      50.9097          1448
      50.9107          1448
      50.9116          1448
      50.9126          1448
      50.9135          1448
      50.9145          1448
      50.9154          1448
      50.9164          1448
      50.9173          1448
      50.9183          1448
      50.9192          1448
      50.9202          1448
      50.9211          1448
      50.9221          1448
       50.923          1448
       50.924          1448
      50.9249          1448
      50.9259          1448
      50.9269          1448
      50.9278          1448
      50.9288          1448
      50.9297          1448
      50.9307          1448
      50.9316          1448
      50.9326          1448
      50.9335          1448
      50.9345          1448
      50.9354          1448
      50.9364          1448
      50.9373          1448
      50.9383          1448
      50.9396          1448
      50.9406          1448
      50.9415          1448
      50.9425          1448
      50.9435          1448
      50.9444          1448
      50.9454          1448
      50.9463          1448
      50.9473          1448
      50.9482          1448
      50.9492          1448
      50.9501          1448
      50.9511          1448
       50.952          1448
       50.953          1448
      50.9539          1448
      50.9549          1448
      50.9558          1448
      50.9568          1448
      50.9577          1448
      50.9587          1448
      50.9596          1448
      50.9606          1448
      50.9615          1448
      50.9625          1448
      50.9635          1448
      50.9644          1448
      50.9654          1448
      50.9663          1448
      50.9673          1448
      50.9682          1448
      50.9692          1448
      50.9701          1448
      50.9711          1448
       50.972          1448
       50.973          1448
      50.9739          1448
      50.9749          1448
      50.9758          1448
      50.9768          1448
      50.9777          1448
      50.9787          1448
      50.9796          1448
      50.9806          1448
      50.9815          1448
      50.9825          1448
      50.9834          1448
      50.9844          1448
      50.9854          1448
      50.9863          1448
      50.9873          1448
      50.9882          1448
      50.9892          1448
      50.9901          1448
      50.9911          1448
       50.992          1448
       50.993          1448
      50.9939          1448
      50.9949          1448
      50.9958          1448
      50.9968          1448
      50.9977          1448
      50.9987          1448
      50.9996          1448
      51.0006          1448
      51.0015          1448
      51.0025          1448
      51.0034          1448
      51.0044          1448
      51.0054          1448
      51.0063          1448
      51.0073          1448
       51.008          1448
      51.0088          1448
      51.0096          1448
      51.0104          1448
      51.0112          1448
       51.012          1448
      51.0128          1448
      51.0136          1448
      51.0143          1448
      51.0151          1448
      51.0161          1448
      51.0169          1448
       51.018          1448
      51.0188          1448
      51.0199          1448
      51.0207          1448
      51.0215          1448
      51.0222          1448
       51.023          1448
      51.0238          1448
      51.0246          1448
      51.0256          1448
      51.0264          1448
      51.0275          1448
      51.0283          1448
      51.0294          1448
      51.0302          1448
      51.0313          1448
      51.0321          1448
      51.0332          1448
       51.034          1448
      51.0351          1448
      51.0359          1448
       51.037          1448
      51.0378          1448
      51.0389          1448
      51.0397          1448
      51.0408          1448
      51.0416          1448
      51.0427          1448
      51.0435          1448
      51.0446          1448
      51.0454          1448
      51.0465          1448
      51.0473          1448
      51.0485          1448
      51.0492          1448
      51.0504          1448
      51.0511          1448
      51.0521          1448
      51.0529          1448
      51.0537          1448
      51.0545          1448
      51.0552          1448
       51.056          1448
      51.0568          1448
      51.0576          1448
      51.0584          1448
      51.0592          1448
        51.06          1448
      51.0607          1448
      51.0615          1448
      51.0623          1448
      51.0631          1448
      51.0639          1448
      51.0647          1448
      51.0655          1448
      51.0663          1448
      51.0671          1448
      51.0679          1448
      51.0687          1448
      51.0694          1448
      51.0704          1448
      51.0712          1448
      51.0723          1448
      51.0731          1448
      51.0742          1448
       51.075          1448
      51.0762          1448
      51.0769          1448
      51.0781          1448
      51.0788          1448
        51.08          1448
      51.0807          1448
      51.0819          1448
      51.0827          1448
      51.0838          1448
      51.0846          1448
      51.0857          1448
      51.0865          1448
      51.0876          1448
      51.0884          1448
      51.0895          1448
      51.0903          1448
      51.0914          1448
      51.0922          1448
      51.0933          1448
      51.0941          1448
      51.0952          1448
       51.096          1448
      51.0968          1448
      51.0976          1448
      51.0983          1448
      51.0991          1448
      51.0999          1448
      51.1007          1448
      51.1015          1448
      51.1023          1448
      51.1031          1448
      51.1039          1448
      51.1046          1448
      51.1054          1448
      51.1062          1448
       51.107          1448
      51.1078          1448
      51.1086          1448
      51.1094          1448
      51.1101          1448
      51.1109          1448
      51.1117          1448
      51.1125          1448
      51.1133          1448
      51.1141          1448
      51.1149          1448
      51.1157          1448
      51.1164          1448
      51.1172          1448
      51.1183          1448
      51.1191          1448
      51.1202          1448
       51.121          1448
      51.1221          1448
      51.1229          1448
       51.124          1448
      51.1248          1448
      51.1259          1448
      51.1267          1448
      51.1278          1448
      51.1286          1448
      51.1297          1448
      51.1305          1448
      51.1316          1448
      51.1324          1448
      51.1332          1448
       51.134          1448
      51.1348          1448
      51.1356          1448
      51.1364          1448
      51.1373          1448
      51.1381          1448
      51.1393          1448
        51.14          1448
      51.1408          1448
      51.1416          1448
      51.1424          1448
      51.1432          1448
       51.144          1448
      51.1448          1448
      51.1455          1448
      51.1463          1448
      51.1471          1448
      51.1479          1448
      51.1487          1448
      51.1495          1448
      51.1503          1448
      51.1511          1448
      51.1518          1448
      51.1526          1448
      51.1534          1448
      51.1542          1448
       51.155          1448
      51.1558          1448
      51.1566          1448
      51.1573          1448
      51.1581          1448
      51.1589          1448
      51.1597          1448
      51.1605          1448
      51.1613          1448
      51.1621          1448
      51.1631          1448
      51.1639          1448
       51.165          1448
      51.1658          1448
      51.1669          1448
      51.1677          1448
      51.1689          1448
      51.1696          1448
      51.1704          1448
      51.1712          1448
       51.172          1448
      51.1728          1448
      51.1736          1448
      51.1746          1448
      51.1754          1448
      51.1765          1448
      51.1773          1448
       51.178          1448
      51.1788          1448
      51.1796          1448
      51.1804          1448
      51.1814          1448
      51.1822          1448
      51.1833          1448
      51.1841          1448
      51.1849          1448
      51.1857          1448
      51.1865          1448
      51.1872          1448
       51.188          1448
      51.1888          1448
      51.1896          1448
      51.1904          1448
      51.1912          1448
       51.192          1448
      51.1927          1448
      51.1935          1448
      51.1943          1448
      51.1949          1047
       51.239          1448
      51.2398          1448
      51.2406          1448
      51.2413          1448
      51.2421          1448
      51.2429          1448
      51.2437          1448
      51.2445          1448
      51.2453          1448
      51.2461          1448
      51.2468          1448
      51.2476          1448
      51.2484          1448
      51.2492          1448
        51.25          1448
      51.2508          1448
      51.2516          1448
      51.2524          1448
      51.2531          1448
      51.2539          1448
      51.2547          1448
      51.2555          1448
      51.2563          1448
      51.2571          1448
      51.2579          1448
      51.2586          1448
      51.2594          1448
      51.2602          1448
       51.261          1448
      51.2618          1448
      51.2626          1448
      51.2634          1448
      51.2642          1448
      51.2649          1448
      51.2657          1448
      51.2665          1448
      51.2673          1448
      51.2681          1448
      51.2689          1448
      51.2697          1448
      51.2704          1448
      51.2712          1448
       51.272          1448
      51.2728          1448
      51.2736          1448
      51.2744          1448
      51.2752          1448
       51.276          1448
      51.2767          1448
      51.2775          1448
      51.2783          1448
      51.2791          1448
      51.2799          1448
      51.2807          1448
      51.2815          1448
      51.2838          1448
      51.2846          1448
      51.2854          1448
      51.2862          1448
       51.287          1448
      51.2878          1448
      51.2885          1448
      51.2893          1448
      51.2901          1448
      51.2909          1448
      51.2917          1448
      51.2925          1448
      51.2933          1448
       51.294          1448
      51.2948          1448
      51.2956          1448
      51.2964          1448
      51.2972          1448
       51.298          1448
      51.2988          1448
      51.2996          1448
      51.3003          1448
      51.3011          1448
      51.3019          1448
      51.3027          1448
      51.3035          1448
      51.3043          1448
      51.3051          1448
      51.3058          1448
      51.3066          1448
      51.3074          1448
      51.3082          1448
       51.309          1448
      51.3098          1448
      51.3106          1448
      51.3113          1448
      51.3121          1448
      51.3129          1448
      51.3137          1448
      51.3145          1448
      51.3153          1448
      51.3161          1448
      51.3169          1448
      51.3176          1448
      51.3184          1448
      51.3192          1448
        51.32          1448
      51.3208          1448
      51.3216          1448
      51.3224          1448
      51.3231          1448
      51.3239          1448
      51.3247          1448
      51.3255          1448
      51.3263          1448
      51.3271          1448
      51.3279          1448
      51.3287          1448
      51.3294          1448
      51.3302          1448
       51.331          1448
      51.3318          1448
      51.3326          1448
      51.3334          1448
      51.3342          1448
      51.3349          1448
      51.3357          1448
      51.3365          1448
      51.3373          1448
      51.3381          1448
      51.3389          1448
      51.3397          1448
      51.3405          1448
      51.3412          1448
       51.342          1448
      51.3428          1448
      51.3436          1448
      51.3444          1448
      51.3452          1448
       51.346          1448
      51.3467          1448
      51.3475          1448
      51.3483          1448
      51.3491          1448
      51.3499          1448
      51.3507          1448
      51.3515          1448
      51.3523          1448
       51.353          1448
      51.3538          1448
      51.3546          1448
      51.3554          1448
      51.3562          1448
       51.357          1448
      51.3578          1448
      51.3585          1448
      51.3593          1448
      51.3601          1448
      51.3609          1448
      51.3617          1448
      51.3625          1448
      51.3633          1448
      51.3641          1448
      51.3648          1448
      51.3656          1448
      51.3664          1448
      51.3672          1448
       51.368          1448
      51.3688          1448
      51.3696          1448
      51.3703          1448
      51.3711          1448
      51.3719          1448
      51.3727          1448
      51.3735          1448
      51.3743          1448
      51.3751          1448
      51.3759          1448
      51.3766          1448
      51.3774          1448
      51.3782          1448
       51.379          1448
      51.3798          1448
      51.3806          1448
      51.3814          1448
      51.3821          1448
      51.3829          1448
      51.3837          1448
      51.3845          1448
      51.3853          1448
      51.3861          1448
      51.3869          1448
      51.3877          1448
      51.3884          1448
      51.3892          1448
        51.39          1448
      51.3908          1448
      51.3916          1448
      51.3924          1448
      51.3932          1448
      51.3939          1448
      51.3947          1448
      51.3955          1448
      51.3963          1448
      51.3971          1448
      51.3979          1448
      51.3987          1448
      51.3995          1448
      51.4002          1448
       51.401          1448
      51.4018          1448
      51.4026          1448
      51.4034          1448
      51.4042          1448
       51.405          1448
      51.4057          1448
      51.4065          1448
      51.4073          1448
      51.4081          1448
      51.4089          1448
      51.4097          1448
      51.4105          1448
      51.4113          1448
       51.412          1448
      51.4128          1448
      51.4136          1448
      51.4144          1448
      51.4152          1448
       51.416          1448
      51.4168          1448
      51.4175          1448
      51.4183          1448
      51.4191          1448
      51.4199          1448
      51.4207          1448
      51.4215          1448
      51.4223          1448
      51.4231          1448
      51.4238          1448
      51.4246          1448
      51.4254          1448
      51.4262          1448
       51.427          1448
      51.4278          1448
      51.4286          1448
      51.4293          1448
      51.4301          1448
      51.4309          1448
      51.4317          1448
      51.4325          1448
      51.4333          1448
      51.4341          1448
      51.4349          1448
      51.4356          1448
      51.4364          1448
      51.4372          1448
       51.438          1448
      51.4388          1448
      51.4396          1448
      51.4404          1448
      51.4411          1448
      51.4419          1448
      51.4427          1448
      51.4435          1448
      51.4443          1448
      51.4451          1448
      51.4459          1448
      51.4467          1448
      51.4474          1448
      51.4482          1448
       51.449          1448
      51.4498          1448
      51.4506          1448
      51.4514          1448
      51.4522          1448
      51.4529          1448
      51.4537          1448
      51.4545          1448
      51.4553          1448
      51.4561          1448
      51.4569          1448
      51.4577          1448
      51.4585          1448
      51.4592          1448
        51.46          1448
      51.4608          1448
      51.4616          1448
      51.4624          1448
      51.4632          1448
       51.464          1448
      51.4647          1448
      51.4655          1448
      51.4663          1448
      51.4671          1448
      51.4679          1448
      51.4687          1448
      51.4695          1448
      51.4703          1448
       51.471          1448
      51.4718          1448
      51.4726          1448
      51.4734          1448
      51.4742          1448
       51.475          1448
      51.4758          1448
      51.4765          1448
      51.4773          1448
      51.4781          1448
      51.4789          1448
      51.4797          1448
      51.4805          1448
      51.4813          1448
      51.4821          1448
      51.4828          1448
      51.4836          1448
      51.4844          1448
      51.4852          1448
       51.486          1448
      51.4868          1448
      51.4876          1448
      51.4883          1448
      51.4891          1448
      51.4899          1448
      51.4907          1448
      51.4915          1448
      51.4923          1448
      51.4931          1448
      51.4939          1448
      51.4946          1448
      51.4954          1448
      51.4962          1448
       51.497          1448
      51.4978          1448
      51.4986          1448
      51.4994          1448
      51.5001          1448
      51.5009          1448
      51.5017          1448
      51.5025          1448
      51.5033          1448
      51.5041          1448
      51.5049          1448
      51.5057          1448
      51.5064          1448
      51.5072          1448
       51.508          1448
      51.5088          1448
      51.5096          1448
      51.5104          1448
      51.5112          1448
      51.5119          1448
      51.5127          1448
      51.5135          1448
      51.5143          1448
      51.5151          1448
      51.5159          1448
      51.5167          1448
      51.5175          1448
      51.5182          1448
       51.519          1448
      51.5198          1448
      51.5206          1448
      51.5214          1448
      51.5222          1448
       51.523          1448
      51.5237          1448
      51.5245          1448
      51.5253          1448
      51.5261          1448
      51.5269          1448
      51.5277          1448
      51.5285          1448
      51.5292          1448
        51.53          1448
      51.5308          1448
      51.5316          1448
      51.5324          1448
      51.5332          1448
       51.534          1448
      51.5348          1448
      51.5355          1448
      51.5363          1448
      51.5371          1448
      51.5379          1448
      51.5387          1448
      51.5395          1448
      51.5403          1448
       51.541          1448
      51.5418          1448
      51.5426          1448
      51.5434          1448
      51.5442          1448
       51.545          1448
      51.5458          1448
      51.5466          1448
      51.5473          1448
      51.5481          1448
      51.5489          1448
      51.5497          1448
      51.5505          1448
      51.5513          1448
      51.5521          1448
      51.5528          1448
      51.5536          1448
      51.5544          1448
      51.5552          1448
       51.556          1448
      51.5568          1448
      51.5576          1448
      51.5584          1448
      51.5591          1448
      51.5599          1448
      51.5607          1448
      51.5615          1448
      51.5623          1448
      51.5631          1448
      51.5639          1448
      51.5646          1448
      51.5654          1448
      51.5662          1448
       51.567          1448
      51.5678          1448
      51.5686          1448
      51.5694          1448
      51.5702          1448
      51.5709          1448
      51.5717          1448
      51.5725          1448
      51.5733          1448
      51.5741          1448
      51.5749          1448
      51.5757          1448
      51.5764          1448
      51.5772          1448
       51.578          1448
      51.5788          1448
      51.5796          1448
      51.5804          1448
      51.5812          1448
       51.582          1448
      51.5827          1448
      51.5835          1448
      51.5843          1448
      51.5851          1448
      51.5859          1448
      51.5867          1448
      51.5875          1448
      51.5882          1448
       51.589          1448
      51.5898          1448
      51.5906          1448
      51.5914          1448
      51.5922          1448
       51.593          1448
      51.5938          1448
      51.5945          1448
      51.5953          1448
      51.5961          1448
      51.5969          1448
      51.5977          1448
      51.5985          1448
      51.5993          1448
         51.6          1448
      51.6008          1448
      51.6016          1448
      51.6024          1448
      51.6032          1448
       51.604          1448
      51.6048          1448
      51.6056          1448
      51.6063          1448
      51.6071          1448
      51.6079          1448
      51.6087          1448
      51.6095          1448
      51.6103          1448
      51.6111          1448
      51.6118          1448
      51.6126          1448
      51.6134          1448
      51.6142          1448
       51.615          1448
      51.6158          1448
      51.6166          1448
      51.6174          1448
      51.6181          1448
      51.6189          1448
      51.6197          1448
      51.6205          1448
      51.6213          1448
      51.6221          1448
      51.6229          1448
      51.6236          1448
      51.6244          1448
      51.6252          1448
       51.626          1448
      51.6268          1448
      51.6276          1448
      51.6284          1448
      51.6292          1448
      51.6299          1448
      51.6307          1448
      51.6315          1448
      51.6323          1448
      51.6331          1448
      51.6339          1448
      51.6347          1448
      51.6354          1448
      51.6362          1448
       51.637          1448
      51.6378          1448
      51.6386          1448
      51.6394          1448
      51.6402          1448
       51.641          1448
      51.6417          1448
      51.6425          1448
      51.6433          1448
      51.6441          1448
      51.6449          1448
      51.6457          1448
      51.7015        102808
      51.7023          1448
      51.7031          1448
      51.7039          1448
      51.7047          1448
      51.7055          1448
      51.7062          1448
       51.707          1448
      51.7078          1448
      51.7086          1448
      51.7094          1448
      51.7102          1448
       51.711          1448
      51.7118          1448
      51.7125          1448
      51.7133          1448
      51.7141          1448
      51.7149          1448
      51.7157          1448
      51.7165          1448
      51.7173          1448
      51.7181          1448
      51.7196          1448
      51.7212          1448
       51.722          1448
      51.7236          1448
      51.7243          1448
      51.7259          1448
      51.7314          1448
      51.7322          1448
       51.733          1448
      51.7338          1448
      51.7346          1448
      51.7354          1448
      51.7361          1448
      51.7369          1448
      51.7377          1448
      51.7385          1448
      51.7393          1448
      51.7401          1448
      51.7409          1448
      51.7417          1448
      51.7424          1448
      51.7432          1448
       51.744          1448
      51.7448          1448
      51.7456          1448
      51.7464          1448
      51.7472          1448
      51.7479          1448
      51.7487          1448
      51.7495          1448
      51.7503          1448
      51.7511          1448
      51.7519          1448
      51.7527          1448
      51.7535          1448
      51.7542          1448
       51.755          1448
      51.7558          1448
      51.7566          1448
      51.7574          1448
      51.7582          1448
       51.759          1448
      51.7597          1448
      51.7605          1448
      51.7613          1448
      51.7621          1448
      51.7629          1448
      51.7637          1448
      51.7645          1448
       51.766          1448
      51.7668          1448
      51.7684          1448
      51.7692          1448
      51.7755          1448
      51.7763          1448
      51.7771          1448
      51.7778          1448
      51.7786          1448
      51.7794          1448
      51.7802          1448
       51.781          1448
      51.7818          1448
      51.7826          1448
      51.7833          1448
      51.7841          1448
      51.7849          1448
      51.7857          1448
      51.7865          1448
      51.7873          1448
      51.7881          1448
      51.7889          1448
      51.7896          1448
      51.7904          1448
      51.7912          1448
       51.792          1448
      51.7928          1448
      51.7936          1448
      51.7944          1448
      51.7951          1448
      51.7959          1448
      51.7967          1448
      51.7975          1448
      51.7983          1448
      51.7991          1448
      51.7999          1448
      51.8007          1448
      51.8014          1448
      51.8022          1448
       51.803          1448
      51.8038          1448
      51.8046          1448
      51.8054          1448
      51.8062          1448
      51.8069          1448
      51.8077          1448
      51.8085          1448
      51.8093          1448
      51.8109          1448
      51.8117          1448
      51.8132          1448
       51.814          1448
      51.8203          1448
      51.8211          1448
      51.8219          1448
      51.8227          1448
      51.8235          1448
      51.8243          1448
       51.825          1448
      51.8258          1448
      51.8266          1448
      51.8274          1448
      51.8282          1448
       51.829          1448
      51.8298          1448
      51.8305          1448
      51.8313          1448
      51.8321          1448
      51.8329          1448
      51.8337          1448
      51.8345          1448
      51.8353          1448
      51.8361          1448
      51.8368          1448
      51.8376          1448
      51.8384          1448
      51.8392          1448
        51.84          1448
      51.8408          1448
      51.8416          1448
      51.8423          1448
      51.8431          1448
      51.8439          1448
      51.8442           494
      51.8883          1448
      51.8891          1448
      51.8899          1448
      51.8907          1448
      51.8914          1448
      51.8922          1448
       51.893          1448
      51.8938          1448
      51.8946          1448
      51.8954          1448
      51.8962          1448
      51.8969          1448
      51.8977          1448
      51.8985          1448
      51.8993          1448
      51.9001          1448
      51.9009          1448
      51.9017          1448
      51.9025          1448
      51.9032          1448
       51.904          1448
      51.9048          1448
      51.9056          1448
      51.9064          1448
      51.9072          1448
       51.908          1448
      51.9087          1448
      51.9095          1448
      51.9103          1448
      51.9111          1448
      51.9119          1448
      51.9127          1448
      51.9135          1448
      51.9143          1448
       51.915          1448
      51.9158          1448
      51.9166          1448
      51.9174          1448
      51.9182          1448
       51.919          1448
      51.9198          1448
      51.9205          1448
      51.9213          1448
      51.9221          1448
      51.9229          1448
      51.9237          1448
      51.9245          1448
      51.9253          1448
       51.926          1448
      51.9268          1448
      51.9331          1448
      51.9339          1448
      51.9347          1448
      51.9355          1448
      51.9363          1448
      51.9371          1448
      51.9378          1448
      51.9386          1448
      51.9394          1448
      51.9402          1448
       51.941          1448
      51.9418          1448
      51.9426          1448
      51.9434          1448
      51.9441          1448
      51.9449          1448
      51.9457          1448
      51.9465          1448
      51.9473          1448
      51.9481          1448
      51.9489          1448
      51.9496          1448
      51.9504          1448
      51.9512          1448
       51.952          1448
      51.9528          1448
      51.9536          1448
      51.9544          1448
      51.9552          1448
      51.9559          1448
      51.9567          1448
      51.9575          1448
      51.9583          1448
      51.9591          1448
      51.9599          1448
      51.9607          1448
      51.9614          1448
      51.9622          1448
       51.963          1448
      51.9638          1448
      51.9646          1448
      51.9654          1448
      51.9662          1448
       51.967          1448
      51.9677          1448
      51.9685          1448
      51.9693          1448
      51.9701          1448
      51.9709          1448
      51.9717          1448
      51.9725          1448
       51.978          1448
      51.9788          1448
      51.9795          1448
      51.9803          1448
      51.9811          1448
      51.9819          1448
      51.9827          1448
      51.9835          1448
      51.9843          1448
      51.9851          1448
      51.9858          1448
      51.9866          1448
      51.9874          1448
      51.9882          1448
       51.989          1448
      51.9898          1448
      51.9906          1448
      51.9913          1448
      51.9921          1448
      51.9929          1448
      51.9937          1448
      51.9945          1448
      51.9953          1448
      51.9961          1448
      51.9968          1448
      51.9976          1448
      51.9984          1448
      51.9992          1448
           52          1448
      52.0008          1448
      52.0016          1448
      52.0024          1448
      52.0031          1448
      52.0039          1448
      52.0047          1448
      52.0055          1448
      52.0063          1448
      52.0071          1448
      52.0081          1448
      52.0091          1448
      52.0102          1448
      52.0112          1448
      52.0122          1448
      52.0132          1448
      52.0142          1448
      52.0153          1448
      52.0163          1448
      52.0173          1448
      52.0183          1448
      52.0194          1448
      52.0204          1448
      52.0223          1448
      52.0233          1448
      52.0243          1448
      52.0253          1448
      52.0264          1448
      52.0274          1448
      52.0284          1448
      52.0294          1448
      52.0305          1448
      52.0315          1448
      52.0325          1448
      52.0335          1448
      52.0346          1448
      52.0356          1448
      52.0366          1448
      52.0376          1448
      52.0387          1448
      52.0397          1448
      52.0407          1448
      52.0417          1448
      52.0428          1448
      52.0438          1448
      52.0448          1448
      52.0458          1448
      52.0469          1448
      52.0479          1448
      52.0489          1448
      52.0499          1448
       52.051          1448
       52.052          1448
       52.053          1448
       52.054          1448
      52.0551          1448
      52.0561          1448
      52.0571          1448
      52.0581          1448
      52.0591          1448
      52.0602          1448
      52.0612          1448
      52.0622          1448
      52.0632          1448
      52.0643          1448
      52.0653          1448
      52.0663          1448
      52.0673          1448
      52.0684          1448
      52.0694          1448
      52.0704          1448
      52.0714          1448
      52.0725          1448
      52.0735          1448
      52.0745          1448
      52.0755          1448
      52.0766          1448
      52.0776          1448
      52.0786          1448
      52.0796          1448
      52.0807          1448
      52.0817          1448
      52.0827          1448
      52.0837          1448
      52.0848          1448
      52.0858          1448
      52.0868          1448
      52.0878          1448
      52.0889          1448
      52.0899          1448
      52.0909          1448
      52.0919          1448
       52.093          1448
       52.094          1448
       52.095          1448
       52.096          1448
      52.0971          1448
      52.0981          1448
      52.0991          1448
      52.1001          1448
      52.1012          1448
      52.1022          1448
      52.1032          1448
      52.1042          1448
      52.1053          1448
      52.1063          1448
      52.1073          1448
      52.1083          1448
      52.1094          1448
      52.1104          1448
      52.1114          1448
      52.1124          1448
      52.1135          1448
      52.1145          1448
      52.1155          1448
      52.1165          1448
      52.1176          1448
      52.1186          1448
      52.1196          1448
      52.1206          1448
      52.1217          1448
      52.1227          1448
      52.1237          1448
      52.1247          1448
      52.1257          1448
      52.1268          1448
      52.1278          1448
      52.1288          1448
      52.1298          1448
      52.1309          1448
      52.1319          1448
      52.1329          1448
      52.1339          1448
       52.135          1448
       52.136          1448
       52.137          1448
       52.138          1448
      52.1391          1448
      52.1401          1448
      52.1411          1448
      52.1421          1448
      52.1432          1448
      52.1442          1448
      52.1452          1448
      52.1462          1448
      52.1473          1448
      52.2046         81088
      52.2057          1448
      52.2067          1448
      52.2077          1448
      52.2087          1448
      52.2098          1448
      52.2108          1448
      52.2118          1448
      52.2128          1448
      52.2139          1448
      52.2149          1448
      52.2159          1448
      52.2169          1448
       52.218          1448
       52.219          1448
        52.22          1448
      52.2213          1448
      52.2223          1448
      52.2244          1448
      52.2264          1448
      52.2274          1448
      52.2295          1448
      52.2305          1448
      52.2326          1448
      52.2336          1448
      52.2356          1448
      52.2367          1448
      52.2397          1448
      52.2408          1448
      52.2418          1448
      52.2428          1448
      52.2438          1448
      52.2448          1448
      52.2459          1448
      52.2469          1448
      52.2479          1448
      52.2489          1448
        52.25          1448
       52.251          1448
       52.252          1448
       52.253          1448
      52.2541          1448
      52.2551          1448
      52.2561          1448
      52.2571          1448
      52.2582          1448
      52.2592          1448
      52.2602          1448
      52.2612          1448
      52.2623          1448
      52.2633          1448
      52.2643          1448
      52.2656          1448
      52.2666          1448
      52.2686          1448
      52.2697          1448
      52.2717          1448
      52.2727          1448
      52.2748          1448
      52.2758          1448
      52.2779          1448
      52.2789          1448
      52.2809          1448
       52.282          1448
       52.285          1448
      52.2861          1448
      52.2871          1448
      52.2881          1448
      52.2891          1448
      52.2902          1448
      52.2912          1448
      52.2922          1448
      52.2932          1448
      52.2943          1448
      52.2953          1448
      52.2963          1448
      52.2973          1448
      52.2984          1448
      52.2994          1448
      52.3004          1448
      52.3014          1448
      52.3025          1448
      52.3035          1448
      52.3045          1448
      52.3055          1448
      52.3066          1448
      52.3076          1448
      52.3086          1448
      52.3099          1448
      52.3109          1448
      52.3129          1448
       52.314          1448
       52.316          1448
       52.317          1448
      52.3181          1448
      52.3191          1448
      52.3201          1448
      52.3222          1448
      52.3232          1448
      52.3252          1448
      52.3263          1448
      52.3293          1448
      52.3304          1448
      52.3314          1448
      52.3324          1448
      52.3334          1448
      52.3345          1448
      52.3355          1448
      52.3365          1448
      52.3375          1448
      52.3386          1448
      52.3396          1448
      52.3406          1448
      52.3416          1448
      52.3427          1448
      52.3437          1448
      52.3447          1448
      52.3457          1448
      52.3468          1448
      52.3478          1448
      52.3488          1448
      52.3498          1448
      52.3509          1448
      52.3519          1448
      52.3529          1448
      52.3542          1448
      52.3552          1448
      52.3572          1448
      52.3583          1448
      52.3603          1448
      52.3613          1448
      52.3624          1448
      52.3634          1448
      52.3644          1448
      52.3654          1448
      52.3675          1448
      52.3685          1448
      52.3706          1448
      52.3716          1448
      52.3746          1448
      52.3757          1448
      52.3767          1448
      52.3777          1448
      52.3787          1448
      52.3798          1448
      52.3808          1448
      52.3818          1448
      52.3828          1448
      52.3839          1448
      52.3849          1448
      52.3859          1448
      52.3869          1448
       52.388          1448
       52.389          1448
        52.39          1448
       52.391          1448
      52.3921          1448
      52.3931          1448
      52.3941          1448
      52.3951          1448
      52.3962          1448
      52.3972          1448
      52.3982          1448
      52.3995          1448
      52.4005          1448
      52.4025          1448
      52.4036          1448
      52.4056          1448
      52.4066          1448
      52.4077          1448
      52.4087          1448
      52.4097          1448
      52.4107          1448
      52.4128          1448
      52.4138          1448
      52.4159          1448
      52.4169          1448
        52.42          1448
       52.421          1448
       52.422          1448
       52.423          1448
      52.4241          1448
      52.4251          1448
      52.4261          1448
      52.4271          1448
      52.4282          1448
      52.4292          1448
      52.4302          1448
      52.4312          1448
      52.4323          1448
      52.4333          1448
      52.4343          1448
      52.4353          1448
      52.4364          1448
      52.4374          1448
      52.4384          1448
      52.4394          1448
      52.4405          1448
      52.4415          1448
      52.4425          1448
      52.4435          1448
      52.4446          1448
      52.4456          1448
      52.4466          1448
      52.4479          1448
      52.4489          1448
      52.4509          1448
       52.452          1448
       52.453          1448
       52.454          1448
       52.455          1448
      52.4561          1448
      52.4581          1448
      52.4591          1448
      52.4612          1448
      52.4622          1448
      52.4653          1448
      52.4663          1448
      52.4673          1448
      52.4684          1448
      52.4694          1448
      52.4704          1448
      52.4714          1448
      52.4725          1448
      52.4735          1448
      52.4745          1448
      52.4755          1448
      52.4766          1448
      52.4776          1448
      52.4786          1448
      52.4796          1448
      52.4806          1448
      52.4817          1448
      52.4827          1448
      52.4837          1448
      52.4847          1448
      52.4858          1448
      52.4868          1448
      52.4878          1448
      52.4888          1448
      52.4899          1448
      52.4909          1448
      52.4922          1448
      52.4932          1448
      52.4952          1448
      52.4963          1448
      52.4973          1448
      52.4983          1448
      52.4993          1448
      52.5003          1448
      52.5024          1448
      52.5034          1448
      52.5055          1448
      52.5065          1448
      52.5096          1448
      52.5106          1448
      52.5116          1448
      52.5126          1448
      52.5137          1448
      52.5147          1448
      52.5157          1448
      52.5167          1448
      52.5178          1448
      52.5188          1448
      52.5198          1448
      52.5208          1448
      52.5219          1448
      52.5229          1448
      52.5239          1448
      52.5249          1448
       52.526          1448
       52.527          1448
       52.528          1448
       52.529          1448
      52.5301          1448
      52.5311          1448
      52.5321          1448
      52.5331          1448
      52.5342          1448
      52.5352          1448
      52.5364          1448
      52.5375          1448
      52.5395          1448
      52.5405          1448
      52.5416          1448
      52.5426          1448
      52.5436          1448
      52.5446          1448
      52.5467          1448
      52.5477          1448
      52.5498          1448
      52.5508          1448
      52.5539          1448
      52.5549          1448
      52.5559          1448
      52.5569          1448
       52.558          1448
       52.559          1448
        52.56          1448
       52.561          1448
      52.5621          1448
      52.5631          1448
      52.5641          1448
      52.5651          1448
      52.5662          1448
      52.5672          1448
      52.5682          1448
      52.5692          1448
      52.5703          1448
      52.5713          1448
      52.5723          1448
      52.5733          1448
      52.5744          1448
      52.5754          1448
      52.5764          1448
      52.5774          1448
      52.5785          1448
      52.5795          1448
      52.5805          1448
      52.5815          1448
      52.5826          1448
      52.5838          1448
      52.5848          1448
      52.5859          1448
      52.5869          1448
      52.5879          1448
      52.5889          1448
       52.591          1448
       52.592          1448
      52.5941          1448
      52.5951          1448
      52.5982          1448
      52.5992          1448
      52.6002          1448
      52.6012          1448
      52.6023          1448
      52.6033          1448
      52.6043          1448
      52.6053          1448
      52.6063          1448
      52.6074          1448
      52.6084          1448
      52.6094          1448
      52.6104          1448
      52.6111           833
      52.6554          1448
      52.6564          1448
      52.6574          1448
      52.6584          1448
      52.6595          1448
      52.6605          1448
      52.6615          1448
      52.6625          1448
      52.6636          1448
      52.6646          1448
      52.6656          1448
      52.6666          1448
      52.6677          1448
      52.6687          1448
      52.6697          1448
      52.6707          1448
      52.6718          1448
      52.6728          1448
      52.6738          1448
      52.6748          1448
      52.6759          1448
      52.6769          1448
      52.6779          1448
      52.6789          1448
        52.68          1448
       52.681          1448
       52.682          1448
       52.683          1448
      52.6841          1448
      52.6851          1448
      52.6861          1448
      52.6871          1448
      52.6882          1448
      52.6892          1448
      52.6902          1448
      52.6912          1448
      52.6923          1448
      52.6933          1448
      52.6943          1448
      52.6953          1448
      52.7007          1448
      52.7017          1448
      52.7027          1448
      52.7038          1448
      52.7048          1448
      52.7058          1448
      52.7068          1448
      52.7079          1448
      52.7089          1448
      52.7099          1448
      52.7109          1448
       52.712          1448
       52.713          1448
       52.714          1448
       52.715          1448
      52.7161          1448
      52.7171          1448
      52.7181          1448
      52.7191          1448
      52.7202          1448
      52.7212          1448
      52.7222          1448
      52.7232          1448
      52.7243          1448
      52.7253          1448
      52.7263          1448
      52.7273          1448
      52.7284          1448
      52.7294          1448
      52.7304          1448
      52.7314          1448
      52.7325          1448
      52.7335          1448
      52.7345          1448
      52.7355          1448
      52.7366          1448
      52.7376          1448
      52.7386          1448
      52.7396          1448
      52.7407          1448
      52.7417          1448
       52.746          1448
       52.747          1448
      52.7481          1448
      52.7491          1448
      52.7501          1448
      52.7511          1448
      52.7522          1448
      52.7532          1448
      52.7542          1448
      52.7552          1448
      52.7563          1448
      52.7573          1448
      52.7583          1448
      52.7593          1448
      52.7604          1448
      52.7614          1448
      52.7624          1448
      52.7634          1448
      52.7644          1448
      52.7655          1448
      52.7665          1448
      52.7675          1448
      52.7685          1448
      52.7696          1448
      52.7706          1448
      52.7716          1448
      52.7726          1448
      52.7737          1448
      52.7747          1448
      52.7757          1448
      52.7767          1448
      52.7778          1448
      52.7788          1448
      52.7798          1448
      52.7808          1448
      52.7819          1448
      52.7829          1448
      52.7839          1448
      52.7849          1448
       52.786          1448
      52.7903          1448
      52.7913          1448
      52.7923          1448
      52.7934          1448
      52.7944          1448
      52.7954          1448
      52.7964          1448
      52.7975          1448
      52.7985          1448
      52.7995          1448
      52.8005          1448
      52.8016          1448
      52.8026          1448
      52.8036          1448
      52.8046          1448
      52.8057          1448
      52.8067          1448
      52.8077          1448
      52.8087          1448
      52.8098          1448
      52.8108          1448
      52.8118          1448
      52.8128          1448
      52.8139          1448
      52.8149          1448
      52.8159          1448
      52.8169          1448
       52.818          1448
       52.819          1448
        52.82          1448
       52.821          1448
      52.8221          1448
      52.8231          1448
      52.8241          1448
      52.8251          1448
      52.8262          1448
      52.8272          1448
      52.8282          1448
      52.8292          1448
      52.8303          1448
      52.8346          1448
      52.8356          1448
      52.8366          1448
      52.8377          1448
      52.8387          1448
      52.8397          1448
      52.8407          1448
      52.8418          1448
      52.8428          1448
      52.8438          1448
      52.8448          1448
      52.8459          1448
      52.8469          1448
      52.8479          1448
      52.8489          1448
        52.85          1448
       52.851          1448
       52.852          1448
       52.853          1448
      52.8541          1448
      52.8551          1448
      52.8561          1448
      52.8571          1448
      52.8582          1448
      52.8592          1448
      52.8602          1448
      52.8612          1448
      52.8623          1448
      52.8633          1448
      52.8643          1448
      52.8653          1448
      52.8664          1448
      52.8674          1448
      52.8684          1448
      52.8694          1448
      52.8705          1448
      52.8715          1448
      52.8725          1448
      52.8735          1448
      52.8745          1448
      52.8756          1448
      52.8789          1448
      52.8799          1448
      52.8809          1448
       52.882          1448
       52.883          1448
       52.884          1448
       52.885          1448
      52.8861          1448
      52.8871          1448
      52.8881          1448
      52.8891          1448
      52.8902          1448
      52.8912          1448
      52.8922          1448
      52.8932          1448
      52.8942          1448
      52.8953          1448
      52.8963          1448
      52.8973          1448
      52.8983          1448
      52.8994          1448
      52.9004          1448
      52.9014          1448
      52.9024          1448
      52.9035          1448
      52.9045          1448
      52.9055          1448
      52.9065          1448
      52.9076          1448
      52.9086          1448
      52.9096          1448
      52.9106          1448
      52.9117          1448
      52.9127          1448
      52.9137          1448
      52.9147          1448
      52.9158          1448
      52.9168          1448
      52.9178          1448
      52.9188          1448
      52.9199          1448
      52.9209          1448
      52.9242          1448
      52.9252          1448
      52.9262          1448
      52.9273          1448
      52.9283          1448
      52.9293          1448
      52.9303          1448
      52.9314          1448
      52.9324          1448
      52.9334          1448
      52.9344          1448
      52.9355          1448
      52.9365          1448
      52.9375          1448
      52.9385          1448
      52.9396          1448
      52.9406          1448
      52.9416          1448
      52.9426          1448
      52.9437          1448
      52.9447          1448
      52.9457          1448
      52.9467          1448
      52.9478          1448
      52.9488          1448
      52.9498          1448
      52.9508          1448
      52.9519          1448
      52.9529          1448
      52.9539          1448
      52.9549          1448
       52.956          1448
       52.957          1448
       52.958          1448
       52.959          1448
      52.9601          1448
      52.9611          1448
      52.9621          1448
      52.9631          1448
      52.9642          1448
      52.9652          1448
      52.9662          1448
      52.9695          1448
      52.9705          1448
      52.9716          1448
      52.9726          1448
      52.9736          1448
      52.9746          1448
      52.9757          1448
      52.9767          1448
      52.9777          1448
      52.9787          1448
      52.9798          1448
      52.9808          1448
      52.9818          1448
      52.9828          1448
      52.9839          1448
      52.9849          1448
      52.9859          1448
      52.9869          1448
       52.988          1448
       52.989          1448
        52.99          1448
       52.991          1448
      52.9921          1448
      52.9931          1448
      52.9941          1448
      52.9951          1448
      52.9962          1448
      52.9972          1448
      52.9982          1448
      52.9992          1448
      53.0003          1448
      53.0013          1448
      53.0023          1448
      53.0033          1448
      53.0043          1448
      53.0054          1448
      53.0064          1448
      53.0074          1448
      53.0084          1448
      53.0094          1448
      53.0105          1448
      53.0115          1448
      53.0148          1448
      53.0158          1448
      53.0168          1448
      53.0178          1448
      53.0189          1448
      53.0199          1448
      53.0209          1448
      53.0219          1448
       53.023          1448
       53.024          1448
       53.025          1448
       53.026          1448
      53.0271          1448
      53.0281          1448
      53.0291          1448
      53.0301          1448
      53.0312          1448
      53.0322          1448
      53.0332          1448
      53.0342          1448
      53.0353          1448
      53.0363          1448
      53.0373          1448
      53.0383          1448
      53.0394          1448
      53.0404          1448
      53.0414          1448
      53.0424          1448
      53.0435          1448
      53.0445          1448
      53.0455          1448
      53.0465          1448
      53.0476          1448
      53.0486          1448
      53.0496          1448
      53.0506          1448
      53.0517          1448
      53.0527          1448
      53.0537          1448
      53.0547          1448
      53.0557          1448
      53.0567          1448
      53.0601          1448
       53.061          1448
      53.0621          1448
      53.0631          1448
      53.0642          1448
      53.0651          1448
      53.0662          1448
      53.0672          1448
      53.0683          1448
      53.0692          1448
      53.0703          1448
      53.0713          1448
      53.0723          1448
      53.0733          1448
      53.0743          1448
      53.0753          1448
      53.0763          1448
      53.0773          1448
      53.0783          1448
      53.0793          1448
      53.0803          1448
      53.0812          1448
      53.0822          1448
      53.0832          1448
      53.0842          1448
      53.0852          1448
      53.0862          1448
      53.0872          1448
      53.0882          1448
      53.0892          1448
      53.0902          1448
      53.0912          1448
      53.0922          1448
      53.0932          1448
      53.0942          1448
      53.0952          1448
      53.0962          1448
      53.0972          1448
      53.0982          1448
      53.0992          1448
      53.1002          1448
      53.1012          1448
      53.1021          1448
      53.1053          1448
      53.1063          1448
      53.1074          1448
      53.1084          1448
      53.1094          1448
      53.1104          1448
      53.1115          1448
      53.1125          1448
      53.1135          1448
      53.1145          1448
      53.1156          1448
      53.1166          1448
      53.1175          1448
      53.1185          1448
      53.1195          1448
      53.1205          1448
      53.1215          1448
      53.1225          1448
      53.1235          1448
      53.1245          1448
      53.1255          1448
      53.1265          1448
      53.1275          1448
      53.1285          1448
      53.1295          1448
      53.1305          1448
      53.1315          1448
      53.1325          1448
      53.1335          1448
      53.1345          1448
      53.1355          1448
      53.1365          1448
      53.1375          1448
      53.1384          1448
      53.1394          1448
      53.1404          1448
      53.1414          1448
      53.1424          1448
      53.1434          1448
      53.1444          1448
      53.1454          1448
      53.1464          1448
      53.1496          1448
      53.1506          1448
      53.1516          1448
      53.1526          1448
      53.1537          1448
      53.1547          1448
      53.1557          1448
      53.1567          1448
      53.1578          1448
      53.1588          1448
      53.1598          1448
      53.1608          1448
      53.1618          1448
      53.1628          1448
      53.1638          1448
      53.1648          1448
      53.1658          1448
      53.1668          1448
      53.1678          1448
      53.1688          1448
      53.1698          1448
      53.1708          1448
      53.1718          1448
      53.1728          1448
      53.1738          1448
      53.1747          1448
      53.1757          1448
      53.1767          1448
      53.1777          1448
      53.1787          1448
      53.1797          1448
      53.1807          1448
      53.1817          1448
      53.1827          1448
      53.1837          1448
      53.1847          1448
      53.1857          1448
      53.1867          1448
      53.1877          1448
      53.1887          1448
      53.1897          1448
      53.1907          1448
      53.1938          1448
      53.1948          1448
      53.1959          1448
      53.1969          1448
      53.1979          1448
      53.1989          1448
         53.2          1448
       53.201          1448
       53.202          1448
       53.203          1448
      53.2041          1448
      53.2051          1448
      53.2061          1448
      53.2071          1448
      53.2081          1448
      53.2091          1448
      53.2101          1448
       53.211          1448
       53.212          1448
       53.213          1448
       53.214          1448
       53.215          1448
       53.216          1448
       53.217          1448
       53.218          1448
       53.219          1448
        53.22          1448
       53.221          1448
       53.222          1448
       53.223          1448
       53.224          1448
       53.225          1448
       53.226          1448
       53.227          1448
       53.228          1448
       53.229          1448
        53.23          1448
       53.231          1448
      53.2319          1448
      53.2329          1448
      53.2339          1448
      53.2349          1448
      53.2381          1448
      53.2391          1448
      53.2401          1448
      53.2411          1448
      53.2422          1448
      53.2432          1448
      53.2442          1448
      53.2452          1448
      53.2463          1448
      53.2473          1448
      53.2483          1448
      53.2493          1448
      53.2503          1448
      53.2513          1448
      53.2523          1448
      53.2533          1448
      53.2543          1448
      53.2553          1448
      53.2563          1448
      53.2573          1448
      53.2583          1448
      53.2593          1448
      53.2603          1448
      53.2613          1448
      53.2623          1448
      53.2633          1448
      53.2643          1448
      53.2653          1448
      53.2663          1448
      53.2673          1448
      53.2682          1448
      53.2692          1448
      53.2702          1448
      53.2712          1448
      53.2722          1448
      53.2732          1448
      53.2742          1448
      53.2752          1448
      53.2762          1448
      53.2772          1448
      53.2782          1448
      53.2792          1448
      53.2824          1448
      53.2834          1448
      53.2844          1448
      53.2854          1448
      53.2865          1448
      53.2875          1448
      53.2885          1448
      53.2895          1448
      53.2906          1448
      53.2916          1448
      53.2926          1448
      53.2936          1448
      53.2946          1448
      53.2956          1448
      53.2966          1448
      53.2976          1448
      53.2986          1448
      53.2996          1448
      53.3006          1448
      53.3016          1448
      53.3026          1448
      53.3036          1448
      53.3045          1448
      53.3055          1448
      53.3065          1448
      53.3075          1448
      53.3085          1448
      53.3095          1448
      53.3105          1448
      53.3115          1448
      53.3125          1448
      53.3135          1448
      53.3145          1448
      53.3155          1448
      53.3157           280
      62.2535          1448
      62.2627          1448
       62.272          1448
      62.2812          1448
      62.2905          1448
      62.2997          1448
       62.309          1448
      62.3182          1448
      62.3274          1448
      62.3367          1448
      62.3459          1448
      62.3552          1448
      62.3644          1448
      62.7804         17376
      63.8645         10136
        63.92         10136
      63.9322         56472
      63.9443         13032
      63.9565          8688
      63.9687         26064
      63.9809         69504
      63.9931          1448
      64.0053          1448
      64.0175          1448
      64.0333          1448
      64.0491          1448
      64.5234          4344
      65.5932          5792
      65.6521          5792
      65.6678          2896
      65.6835          5792
      65.6991          5792
      65.7148          5792
      65.7305          2896
      65.7461          5792
      65.7618          4344
      65.7775          5792
      65.7931          2896
      65.8088          5792
      65.8245          4344
      65.8401          2896
      66.8952        111496
      66.9503          2896
      66.9621          2896
      66.9739          2896
      66.9857          2896
      66.9975         20272
      67.0093          1448
      67.0209          2896
      67.0325          2896
      67.0441         41992
      67.0558          1448
      67.0674          1448
      68.1282          7240
      68.1815          7240
      68.1915          5792
      68.2014          7240
      68.2114          5792
      68.2213          7240
      68.2313          5792
      68.2413          5792
      68.2512          7240
      68.2612          5792
      68.2712          5792
      68.2811          2896
      68.2911          5792
      68.3011          5792
       68.311          7240
       68.321          5792
      68.3309          5792
      68.3409          5792
      68.3509          5792
      69.4041         68056
      69.4569          2896
      69.4664          2896
      69.4758          2896
      69.4853          2896
      69.4947          2896
      69.5042          2896
      69.5137          2896
      69.5231          2896
      69.5326         24616
       69.542          2896
      69.5515          2896
       69.561          2896
      69.5704         34752
      70.6315         72400
      70.6923         50680
       70.701         27512
      70.7184         20272
      70.7357         10136
      70.7531          4344
      70.7669           835
      70.8224          1448
      70.8311          1448
      70.8571          1448
      70.8745          1448
      70.8919          1448
      70.9092          1448
      70.9266          1448
      70.9423          1448
       70.951          1448
       72.042          5792
      72.0979          2896
      72.1091          5792
      72.1426          5792
       72.165          4344
      72.1873          4344
      72.2097          2896
      72.2321          2896
      73.3037          8688
      73.3622         11584
      73.3739          2896
       73.409          8688
      73.4324          5792
      73.4558          4344
      73.4792         37648
      73.5026          4344
      74.5561         44888
      74.6096         15928
      74.6198         31856
      74.6403         14480
      74.6506         62264
      74.6608          1448
       74.671          1448
      74.6813          1448
      74.6915          1448
       74.712          1448
      74.7222          1448
      74.7324          1448
      75.0178          5792
       76.082          8688
      76.1445          4344
      76.1541         15928
      76.1734          4344
      76.1926          4344
      76.2118          4344
      76.2311          4344
      76.2503          4344
      77.3098         91224
      77.3622          2896
      77.3714          2896
      77.3805          8688
      77.3897          7240
      77.3988          2896
       77.408          4344
      77.4171         13032
      77.4263          4344
      77.4354         41992
      77.4446          1448
      77.4537          1448
      77.4629          1448
       77.472          1448
      77.9113          4344
       78.981          8688
      79.0327          4344
      79.0411         11584
      79.0496         11584
       79.058         11584
      79.0664          8688
      79.0748         17376
      79.0832          4344
      79.0917          7240
      79.1001         10136
      79.1085         11584
      79.1169          2896
      79.1253          8688
      79.1338         10136
      79.1422        131768
      79.1506          1448
       79.159          1448
      79.1675          1448
      79.1759          1448
      79.1843          1448
      79.1927          1448
      79.2946          4344
       79.303          4344
      79.3202          2896
      79.3286          4344
      79.3371          2896
      79.3463          4344
      79.3547          2896
      79.3631          1537
      79.4148          1448
      79.4233          1448
      79.4317          1448
      79.4401          1448
      79.4485          1448
      79.4569          1448
      79.4654          1448
      79.4738          1448
      79.4822          1448
      79.4906          1448
       79.499          1448
      79.5075          1448
      79.5159          1448
      79.5243          1448
      79.6506          5792
       79.659          5792
      79.6759          5792
      79.6927          7240
      79.7601         15928
      79.7685          1448
      79.7769          1448
      79.7853          1448
      79.7938          1448
      79.8022          1448
      79.8106          1448
      79.9116          8688
      79.9297         10136
      79.9381          1448
      79.9465          1448
      79.9549          1448
      79.9633          1448
      79.9718          1448
      79.9814          1448
      79.9898          1448
      79.9982          1448
      80.0066          1448
       80.015          1448
      80.0321          1448
      80.0491          1448
      80.0661          1448
      80.0831          1448
      80.1001          1448
      80.1172          1448
      80.1342          1448
      80.1512          1448
      80.1682          1448
      80.3214         11584
       80.425          8688
       80.442          1448
      80.4682          1448
      80.4853          1448
      80.5023          1448
      80.5193          1448
      80.5363          1448
      80.5533          1448
      80.5704          1448
      80.5874          1448
      80.6044          1448
      80.6214          1448
      80.6384          1448
      80.6555          1448
      80.6725          1448
      80.6895          1448
      80.7065          1448
      80.7235          1448
      80.7406          1448
      80.7576          1448
      80.7746          1448
      80.7916          1448
      80.8086          1448
      80.8257          1448
      80.8427          1448
      80.8597          1448
      80.8767          1448
      80.8937          1448
      80.9108          1448
      80.9278          1448
      80.9448          1448
      80.9618          1448
      80.9788          1448
      80.9959          1448
      81.0129          1448
      81.0529          1448
       81.093          1448
       81.133          1448
      81.1731          1448
      81.2131          1448
      81.5336         11584
      81.5768          1448
      81.6169          1448
      81.6569          1448
      81.7002          1448
      81.7403          1448
      81.7803          1448
      81.8204          1448
      81.8604          1448
      81.9005          1448
      81.9146           476
       81.998          1448
       82.038          1448
      82.0589          1448
      82.0798          1448
      82.1007          1448
      82.1216          1448
      82.1425          1448
      82.1634          1448
      82.1843          1448
      82.2052          1448
      82.2261          1448
       82.247          1448
      82.2679          1448
      82.2888          1448
      82.3097          1448
      82.3306          1448
      82.3515          1448
      82.3724          1448
      82.3933          1448
      82.4142          1448
      82.4351          1448
       82.456          1448
      82.4769          1448
      82.4978          1448
      82.5187          1448
      82.5396          1448
      82.5605          1448
      82.5814          1448
      82.6022          1448
      82.6231          1448
       82.644          1448
      82.6649          1448
      82.6858          1448
      82.7067          1448
      82.7276          1448
      82.7485          1448
      82.8112          1448
       82.853          1448
      82.8948          1448
      83.2605          5792
      83.4272          2896
      83.7508          5792
       83.911          1448
      83.9511          1448
      84.0312          1448
      84.0474          1448
      84.0635          1448
      84.0797          1448
      84.0987          1448
      84.1068          1448
      84.1311          1448
      84.1391          1448
      84.1582          1448
      84.1662          1448
      84.1743          1448
      84.1905          1448
      84.1986          1448
      84.2228          1448
      84.2309          1448
      84.2419          1448
      84.2499          1448
      84.2742          1448
      84.2823          1448
      84.2932          1448
      84.3013          1448
      84.3256          1448
      84.3336          1448
      84.3446          1448
      84.3526          1448
      84.3769          1448
       84.385          1448
      84.3959          1448
       84.404          1448
      84.4283          1448
      84.4363          1448
      84.4473          1448
      84.4554          1448
      84.4796          1448
      84.4877          1448
      84.4986          1448
      84.5067          1448
      84.5391          1448
      84.5471          1448
      84.5552          1448
      84.5633          1448
      84.5714          1448
      84.6037          1448
      84.6118          1448
       84.628          1448
      84.6361          1448
      84.6442          1448
      84.6684          1448
      84.6765          1448
      84.7008          1448
      84.7089          1448
      84.7169          1448
      84.7412          1448
      84.7493          1448
      84.7711          1448
      84.7792          1448
      84.7873          1448
      84.7954          1448
      84.8035          1448
      84.8116          1448
      84.8306          1448
      84.8387          1448
      84.8467          1448
      84.8548          1448
      84.8629          1448
       84.871          1448
        84.89          1448
      84.8981          1448
      84.9062          1448
      84.9143          1448
      84.9224          1448
      84.9304          1448
      84.9495          1448
      84.9575          1448
      84.9656          1448
      84.9737          1448
      84.9818          1448
      84.9899          1448
      85.0089          1448
      85.0177          1448
      85.0266          1448
      85.0354          1448
      85.0442          1448
      85.0531          1448
      85.0698          1448
      85.0787          1448
      85.0875          1448
      85.0963          1448
      85.1052          1448
       85.114          1448
      85.1308          1448
      85.1396          1448
      85.1484          1448
      85.1573          1448
      85.1661          1448
      85.1749          1448
      85.1917          1448
      85.2005          1448
      85.2094          1448
      85.2182          1448
       85.227          1448
      85.2359          1448
      85.2526          1448
      85.2615          1448
      85.2703          1448
      85.2791          1448
       85.288          1448
      85.2968          1448
      85.3136          1448
      85.3224          1448
      85.3312          1448
      85.3401          1448
      85.3489          1448
      85.3578          1448
      85.3745          1448
      85.3833          1448
      85.3922          1448
       85.401          1448
      85.4099          1448
      85.4187          1448
      85.4355          1448
      85.4443          1448
      85.4531          1448
       85.462          1448
      85.4708          1448
      85.4796          1448
      85.4964          1448
      85.5052          1448
      85.5141          1448
      85.5229          1448
      85.5317          1448
      85.5406          1448
      85.5573          1448
      85.5662          1448
       85.575          1448
      85.5838          1448
       85.587           485
      85.6391          1448
      85.6479          1448
      85.6568          1448
      85.6656          1448
      85.6745          1448
      85.6833          1448
         85.7          1448
      85.7089          1448
      85.7177          1448
      85.7266          1448
      85.7354          1448
      85.7442          1448
       85.761          1448
      85.7698          1448
      85.7787          1448
      85.7875          1448
      85.7963          1448
      85.8052          1448
      85.8219          1448
      85.8308          1448
      85.8396          1448
      85.8484          1448
      85.8573          1448
      85.8661          1448
      85.8829          1448
      85.8917          1448
      85.9005          1448
      85.9094          1448
      85.9182          1448
       85.927          1448
      85.9438          1448
      85.9526          1448
      85.9615          1448
      85.9703          1448
      85.9791          1448
       85.988          1448
      86.0047          1448
      86.0136          1448
      86.0248          1448
      86.0361          1448
      86.0474          1448
      86.0586          1448
      86.0699          1448
      86.0811          1448
      86.0924          1448
      86.1037          1448
      86.1149          1448
      86.1262          1448
      86.1374          1448
      86.1487          1448
        86.16          1448
      86.1712          1448
      86.1825          1448
      86.1938          1448
       86.205          1448
      86.2163          1448
      86.2275          1448
      86.2388          1448
      86.2501          1448
      86.2613          1448
      86.2726          1448
      86.2838          1448
      86.2951          1448
      86.3064          1448
      86.3176          1448
      86.3289          1448
      86.3401          1448
      86.3514          1448
      86.3627          1448
      86.3739          1448
      86.3852          1448
      86.3965          1448
      86.4077          1448
       86.419          1448
      86.4302          1448
      86.4415          1448
      86.4528          1448
       86.464          1448
      86.4753          1448
      86.4865          1448
      86.4978          1448
      86.5091          1448
      86.5203          1448
      86.5316          1448
      86.5429          1448
      86.5541          1448
      86.5654          1448
      86.5766          1448
      86.5879          1448
      86.5992          1448
      86.6104          1448
      86.6217          1448
      86.6329          1448
      86.6442          1448
      86.6555          1448
      86.6667          1448
       86.678          1448
      86.6893          1448
      86.7005          1448
      86.7118          1448
       86.723          1448
      86.7343          1448
      86.7456          1448
      86.7568          1448
      86.7681          1448
      86.7793          1448
      86.7906          1448
      86.8019          1448
      86.8131          1448
      86.8244          1448
      86.8357          1448
      86.8469          1448
      86.8582          1448
      86.8694          1448
      86.8807          1448
       86.892          1448
      86.9032          1448
      86.9145          1448
      86.9257          1448
       86.937          1448
      86.9483          1448
      86.9595          1448
      86.9708          1448
      86.9821          1448
      86.9933          1448
      87.0046          1448
      87.0158          1448
      87.0257          1448
      87.0356          1448
      87.0454          1448
      87.0577          1448
      87.0676          1448
      87.0788          1448
      87.0887          1448
      87.0985          1448
      87.1084          1448
      87.1207          1448
      87.1305          1448
      87.1418          1448
      87.1517          1448
      87.1615          1448
      87.1714          1448
      87.1837          1448
      87.1935          1448
      87.2048          1448
      87.2146          1448
      87.2245          1448
      87.2344          1448
      87.2466          1448
      87.2565          1448
      87.2678          1448
      87.2776          1448
      87.2875          1448
      87.2973          1448
      87.3072          1448
       87.317          1448
      87.3269          1448
      87.3368          1448
      87.3466          1448
      87.3565          1448
      87.3663          1448
      87.3762          1448
       87.386          1448
      87.3959          1448
      87.4058          1448
      87.4156          1448
      87.4255          1448
      87.4353          1448
      87.4452          1448
      87.4551          1448
      87.4649          1448
      87.4748          1448
      87.4846          1448
      87.4945          1448
      87.5043          1448
      87.5142          1448
      87.5241          1448
      87.5339          1448
      87.5438          1448
      87.5536          1448
      87.5635          1448
      87.5733          1448
      87.5832          1448
      87.5931          1448
      87.6029          1448
      87.6128          1448
      87.6226          1448
      87.6325          1448
      87.6423          1448
      87.6522          1448
      87.6621          1448
      87.6719          1448
      87.6818          1448
      87.6916          1448
      87.7015          1448
      87.7113          1448
      87.7212          1448
      87.7311          1448
      87.7409          1448
      87.7508          1448
      87.7606          1448
      87.7705          1448
      87.7803          1448
      87.7902          1448
      87.8001          1448
      87.8099          1448
      87.8198          1448
      87.8296          1448
      87.8395          1448
      87.8493          1448
      87.8592          1448
      87.8691          1448
      87.8789          1448
      87.8888          1448
      87.8899           122
      87.9431          1448
      87.9529          1448
      87.9628          1448
      87.9726          1448
      87.9825          1448
      87.9923          1448
      88.0022          1448
      88.0121          1448
      88.0204          1448
      88.0288          1448
      88.0372          1448
      88.0456          1448
       88.054          1448
      88.1545         17376
      88.1726          1448
       88.181          1448
      88.1894          1448
      88.1978          1448
      88.2062          1448
      88.2145          1448
      88.2327          1448
      88.2411          1448
      88.2494          1448
      88.2578          1448
      88.2662          1448
      88.2746          1448
      88.2927          1448
      88.3011          1448
      88.3095          1448
      88.3178          1448
      88.3262          1448
      88.3346          1448
       88.343          1448
      88.3527          1448
      88.3611          1448
      88.3695          1448
      88.3779          1448
      88.3862          1448
      88.3946          1448
      88.4044          1448
      88.4127          1448
      88.4211          1448
      88.4295          1448
      88.4379          1448
      88.4463          1448
       88.456          1448
      88.4644          1448
      88.4728          1448
      88.4811          1448
      88.4895          1448
      88.4979          1448
      88.5077          1448
       88.516          1448
      88.5244          1448
      88.5328          1448
      88.5412          1448
      88.5496          1448
      88.5579          1448
      88.5663          1448
      88.5747          1448
      88.5831          1448
      88.5915          1448
      88.5998          1448
      88.6082          1448
      88.6166          1448
       88.625          1448
      88.6333          1448
      88.6417          1448
      88.6501          1448
      88.6585          1448
      88.6669          1448
      88.6752          1448
      88.6836          1448
       88.692          1448
      88.7004          1448
      88.7088          1448
      88.7171          1448
      88.7255          1448
      88.7339          1448
      88.7423          1448
      88.7507          1448
       88.759          1448
      88.7674          1448
      88.7758          1448
      88.7842          1448
      88.7926          1448
      88.8009          1448
      88.8093          1448
      88.8177          1448
      88.8261          1448
      88.8345          1448
      88.8428          1448
      88.8512          1448
      88.8596          1448
       88.868          1448
      88.8764          1448
      88.8847          1448
      88.8931          1448
      88.9015          1448
      88.9099          1448
      88.9182          1448
      88.9266          1448
       88.935          1448
      88.9434          1448
      88.9518          1448
      88.9601          1448
      88.9685          1448
      88.9769          1448
      88.9853          1448
      88.9937          1448
       89.002          1448
      89.0104          1448
      89.0237          1448
      89.0369          1448
      89.0502          1448
      89.0635          1448
      89.0767          1448
        89.09          1448
      89.1033          1448
      89.1165          1448
      89.1298          1448
      89.2757         13032
       89.349         10136
      89.3622          1448
      89.3755          1448
      89.3888          1448
      89.4055          1448
      89.4188          1448
       89.432          1448
      89.4453          1448
      89.4585          1448
      89.4718          1448
      89.4851          1448
      89.4983          1448
      89.5116          1448
      89.5249          1448
      89.5381          1448
      89.5514          1448
      89.5646          1448
      89.5779          1448
      89.5912          1448
      89.6044          1448
      89.6177          1448
       89.631          1448
      89.6442          1448
      89.6575          1448
      89.6707          1448
       89.684          1448
      89.6973          1448
      89.7105          1448
      89.7238          1448
      89.7371          1448
      89.7503          1448
      89.7608          1135
      89.8174          1448
      89.8306          1448
      89.8439          1448
      89.8571          1448
      89.8704          1448
      89.8837          1448
      89.8969          1448
      89.9102          1448
      89.9235          1448
      89.9367          1448
      90.0636         15928
       90.088          1448
      90.0974          1448
      90.1069          1448
      90.1163          1448
      90.1258          1448
      90.1501          1448
      90.1596          1448
      90.1691          1448
      90.1785          1448
       90.188          1448
      90.2029          1448
      90.2123          1448
      90.2218          1448
      90.2313          1448
      90.2407          1448
      90.2502          1448
      90.2651          1448
      90.2745          1448
       90.284          1448
      90.2934          1448
      90.3029          1448
      90.3124          1448
      90.3273          1448
      90.3367          1448
      90.3462          1448
      90.3556          1448
      90.3651          1448
      90.3746          1448
      90.3894          1448
      90.3989          1448
      90.4084          1448
      90.4178          1448
      90.4273          1448
      90.4368          1448
      90.4516          1448
      90.4611          1448
      90.4706          1448
        90.48          1448
      90.4895          1448
      90.4989          1448
      90.5138          1448
      90.5233          1448
      90.5327          1448
      90.5422          1448
      90.5517          1448
      90.5611          1448
       90.576          1448
      90.5855          1448
      90.5949          1448
      90.6044          1448
      90.6139          1448
      90.6233          1448
      90.6382          1448
      90.6477          1448
      90.6571          1448
      90.6666          1448
       90.676          1448
      90.6855          1448
       90.695          1448
      90.7044          1448
      90.7139          1448
      90.7234          1448
      90.7328          1448
      90.7423          1448
      90.7517          1448
      90.7612          1448
      90.7707          1448
      90.7801          1448
      90.7896          1448
       90.799          1448
      90.8085          1448
       90.818          1448
      90.8369          1448
      90.8558          1448
      90.8747          1448
      90.8937          1448
      90.9031          1448
      90.9315          1448
      90.9504          1448
       91.118          8688
      91.2289          7240
      91.2511          1448
      91.2843          1448
      91.2954          1448
      91.3287          1448
      91.3508          1448
       91.373          1448
      91.3952          1448
      91.4173          1448
      91.4395          1448
      91.4617          1448
      91.4838          1448
       91.506          1448
      91.5282          1448
      91.5504          1448
      91.6723         10136
      91.7156          1448
      91.7266          1448
      91.7377          1448
       91.781          1448
      91.7921          1448
      91.8364          1448
      91.8475          1448
      91.8908          1448
      91.9019          1448
      91.9451          1448
      91.9562          1448
      92.0106          1448
        92.03          1448
      92.0847          1448
      92.1042          1448
      92.1236          1448
      92.1819          1448
      92.2014          1448
      92.2403          1448
      92.2791          1448
       92.318          1448
      92.3375          1448
      92.3958          1448
      92.4347          1448
      92.4736          1448
      92.5125          1448
      92.5319          1448
      92.5708          1448
      92.6291          1448
      92.6486          1448
       92.668          1448
      92.7263          1448
      92.7458          1448
      92.7652          1448
      92.8236          1448
       92.843          1448
      92.8624          1448
      92.9208          1448
      92.9402          1448
      92.9597          1448
      93.0161          1305
      93.0688          1448
      93.0783          1448
      93.0877          1448
       93.116          1448
       93.131          1448
      93.1404          1448
      93.1687          1448
      93.1781          1448
      93.1931          1448
      93.2025          1448
      93.2308          1448
      93.2402          1448
      93.2552          1448
      93.2646          1448
      93.2929          1448
      93.3023          1448
      93.3173          1448
      93.3267          1448
       93.355          1448
      93.3644          1448
      93.3794          1448
      93.3888          1448
      93.4171          1448
      93.4265          1448
      93.4415          1448
       93.451          1448
      93.4792          1448
      93.4887          1448
      93.5036          1448
      93.5131          1448
      93.5413          1448
      93.5508          1448
      93.5658          1448
      93.5752          1448
      93.6035          1448
      93.6129          1448
      93.6279          1448
      93.6373          1448
      93.6656          1448
       93.675          1448
        93.69          1448
      93.6994          1448
      93.7277          1448
      93.7371          1448
      93.7521          1448
      93.7615          1448
      93.7898          1448
      93.7992          1448
      93.8142          1448
      93.8236          1448
      93.8519          1448
      93.8613          1448
      93.8763          1448
      93.8858          1448
       93.914          1448
      93.9235          1448
      93.9385          1448
      93.9479          1448
      93.9761          1448
      93.9856          1448
      94.0006          1448
        94.01          1448
      94.0596          1448
      94.0761          1448
      94.0926          1448
      94.1208          1448
      94.1373          1448
      94.1538          1448
      94.2034          1448
      94.2199          1448
       94.253          1448
       94.286          1448
      94.3191          1448
      94.3356          1448
      94.3852          1448
      94.4017          1448
      94.4183          1448
      94.4679          1448
      94.4844          1448
      94.5009          1448
      94.5505          1448
       94.567          1448
      94.5835          1448
      94.6331          1448
      94.6497          1448
      94.6662          1448
      94.7158          1448
      94.7323          1448
      94.7488          1448
      94.7984          1448
      94.8149          1448
      94.8315          1448
      94.8811          1448
      94.8976          1448
      94.9141          1448
      95.0692         10136
      95.1125          1448
      95.1237          1448
      95.1349          1448
      95.1781          1448
      95.1893          1448
      95.2341          1448
      95.2453          1448
      95.3012          1448
      95.3124          1448
      95.3236          1448
      95.3683          1448
      95.3795          1448
      95.4019          1448
      95.4243          1448
      95.4467          1448
       95.469          1448
      95.4914          1448
      95.5138          1448
      95.5362          1448
      95.5585          1448
      95.5809          1448
      95.6033          1448
      95.6257          1448
       95.648          1448
      95.6704          1448
      95.6928          1448
      95.7152          1448
      95.7375          1448
      95.7578          1448
       95.769          1448
      95.7802          1448
      95.8026          1448
      95.8138          1448
       95.825          1448
      95.8362          1448
      95.8697          1448
      95.8809          1448
      95.9033          1448
      95.9145          1448
       95.948          1448
      95.9592          1448
      95.9704          1448
      95.9816          1448
      96.0152          1448
      96.0268          1448
      96.0384          1448
        96.05          1448
      96.0848          1448
       96.108          1448
      96.1196          1448
      96.1545          1448
      96.1777          1448
      96.2009          1448
      96.3635         10136
      96.4099          1448
      96.4331          1448
      96.4447          1448
      96.5028          1448
      96.5144          1448
      96.5724          1448
       96.584          1448
      96.6421          1448
      96.6537          1448
      96.6769          1448
      96.7117          1448
      96.7234          1448
      96.7466          1448
      96.7698          1448
      96.7921          1327
       96.847          1448
      96.8586          1448
      96.8702          1448
       96.905          1448
      96.9282          1448
      96.9514          1448
      96.9631          1448
      96.9747          1448
      96.9979          1448
      97.0348          1448
      97.0475          1448
      97.0601          1448
      97.0728          1448
      97.1108          1448
      97.1234          1448
      97.1361          1448
      97.1488          1448
      97.1703          1448
       97.183          1448
      97.1956          1448
      97.2083          1448
      97.2262          1448
      97.2389          1448
      97.2516          1448
      97.2642          1448
      97.2822          1448
      97.2948          1448
      97.3075          1448
      97.3202          1448
      97.3381          1448
      97.3508          1448
      97.3634          1448
      97.3761          1448
       97.394          1448
      97.4067          1448
      97.4194          1448
       97.432          1448
        97.45          1448
      97.4626          1448
      97.4753          1448
      97.4879          1448
      97.5059          1448
      97.5186          1448
      97.5312          1448
      97.5439          1448
      97.5618          1448
      97.5745          1448
      97.5871          1448
      97.5998          1448
      97.6177          1448
      97.6304          1448
      97.6431          1448
      97.6557          1448
      97.6737          1448
      97.6863          1448
       97.699          1448
      97.7117          1448
      97.7296          1448
      97.7423          1448
      97.7549          1448
      97.7676          1448
      97.7855          1448
      97.7982          1448
      97.8109          1448
      97.8235          1448
      97.8415          1448
      97.8541          1448
      97.8668          1448
      97.8794          1448
      97.8974          1448
        97.91          1448
      97.9227          1448
      97.9354          1448
      97.9533          1448
       97.966          1448
      97.9786          1448
      97.9913          1448
      98.0092          1448
      98.0211          1448
      98.0338          1448
      98.0456          1448
      98.0644          1448
      98.0762          1448
      98.0889          1448
      98.1008          1448
      98.1195          1448
      98.1314          1448
       98.144          1448
      98.1559          1448
      98.1746          1448
      98.1865          1448
      98.1992          1448
       98.211          1448
      98.2298          1448
      98.2416          1448
      98.2543          1448
      98.2661          1448
      98.2849          1448
      98.2967          1448
      98.3094          1448
      98.3213          1448
        98.34          1448
      98.3519          1448
      98.3645          1448
      98.3764          1448
      98.3951          1448
       98.407          1448
      98.4197          1448
      98.4315          1448
      98.4503          1448
      98.4621          1448
      98.4748          1448
      98.4867          1448
      98.5054          1448
      98.5173          1448
      98.5299          1448
      98.5418          1448
      98.5605          1448
      98.5724          1448
       98.585          1448
      98.5969          1448
      98.6157          1448
      98.6275          1448
      98.6402          1448
       98.652          1448
      98.6708          1448
      98.6826          1448
      98.6953          1448
      98.7072          1448
      98.7259          1448
      98.7378          1448
      98.7504          1448
      98.7623          1448
       98.781          1448
      98.7929          1448
      98.8056          1448
      98.8174          1448
      98.8362          1448
       98.848          1448
      98.8607          1448
      98.8726          1448
      98.8913          1448
      98.9032          1448
      98.9158          1448
      98.9277          1448
      98.9464          1448
      98.9583          1448
      98.9709          1448
      98.9828          1448
      99.0015          1448
      99.0134          1448
      99.0267          1448
      99.0391          1448
      99.0573          1448
      99.0697          1448
      99.0824          1448
      99.0949          1448
       99.113          1448
      99.1255          1448
      99.1381          1448
      99.1506          1448
      99.1687          1448
      99.1812          1448
      99.1939          1448
      99.2063          1448
      99.2245          1448
      99.2369          1448
      99.2496          1448
      99.2621          1448
      99.2802          1448
      99.2927          1448
      99.3053          1448
      99.3178          1448
      99.3359          1448
      99.3484          1448
      99.3611          1448
      99.3735          1448
      99.3833           531
      99.4391          1448
      99.4515          1448
       99.464          1448
      99.4765          1448
      99.4889          1448
      99.5073          1448
      99.5197          1448
      99.5322          1448
      99.5447          1448
       99.563          1448
      99.5755          1448
      99.5879          1448
      99.6004          1448
      99.6187          1448
      99.6312          1448
      99.6437          1448
      99.6561          1448
      99.6745          1448
      99.6869          1448
      99.6994          1448
      99.7119          1448
      99.7243          1448
      99.7368          1448
      99.7493          1448
      99.7617          1448
      99.7742          1448
      99.7867          1448
      99.7991          1448
      99.8116          1448
      99.8241          1448
      99.8365          1448
       99.849          1448
      99.8614          1448
      99.8739          1448
      99.8864          1448
      99.8988          1448
      99.9113          1448
      99.9238          1448
      99.9362          1448
      99.9487          1448
      99.9612          1448
      99.9736          1448
      99.9861          1448
      99.9986          1448
      100.011          1448
      100.022          1448
      100.032          1448
      100.043          1448
      100.054          1448
      100.064          1448
      100.075          1448
      100.086          1448
      100.096          1448
      100.107          1448
      100.118          1448
      100.128          1448
      100.139          1448
       100.15          1448
       100.16          1448
      100.171          1448
      100.182          1448
      100.192          1448
      100.203          1448
      100.214          1448
      100.224          1448
      100.235          1448
      100.246          1448
      100.256          1448
      100.267          1448
      100.278          1448
      100.288          1448
      100.299          1448
       100.31          1448
       100.32          1448
      100.331          1448
      100.342          1448
      100.352          1448
      100.363          1448
      100.374          1448
      100.384          1448
      100.395          1448
      100.406          1448
      100.416          1448
      100.427          1448
      100.437          1448
      100.448          1448
      100.459          1448
      100.469          1448
       100.48          1448
      100.491          1448
      100.501          1448
      100.512          1448
      100.523          1448
      100.533          1448
      100.544          1448
      100.555          1448
      100.565          1448
      100.576          1448
      100.587          1448
      100.597          1448
      100.725         17376
      100.737          1448
      100.747          1448
      100.758          1448
      100.769          1448
      100.779          1448
       100.79          1448
      100.801          1448
      100.812          1448
      100.823          1448
      100.833          1448
      100.844          1448
      100.855          1448
      100.866          1448
      100.877          1448
      100.887          1448
      100.898          1448
      100.908          1448
      100.919          1448
       100.93          1448
       100.94          1448
      100.951          1448
      100.962          1448
      100.972          1448
      100.983          1448
      100.994          1448
      101.004          1448
      101.015          1448
      101.024          1448
      101.032          1448
      101.041          1448
      101.049          1448
      101.058          1448
      101.066          1448
      101.075          1448
      101.084          1448
      101.093          1448
      101.101          1448
       101.11          1448
      101.118          1448
      101.127          1448
      101.135          1448
      101.144          1448
      101.152          1448
      101.161          1448
      101.169          1448
      101.178          1448
      101.187          1448
      101.195          1448
      101.204          1448
      101.212          1448
      101.221          1448
      101.229          1448
      101.238          1448
      101.246          1448
      101.255          1448
      101.263          1448
      101.272          1448
      101.281          1448
      101.289          1448
      101.298          1448
      101.306          1448
      101.315          1448
      101.323          1448
      101.332          1448
       101.34          1448
      101.349          1448
      101.357          1448
      101.366          1448
      101.375          1448
      101.383          1448
      101.392          1448
        101.4          1448
      101.409          1448
      101.417          1448
      101.426          1448
      101.434          1448
      101.443          1448
      101.451          1347
      101.503          1448
      101.511          1448
       101.52          1448
      101.528          1448
      101.537          1448
      101.546          1448
      101.554          1448
      101.563          1448
      101.571          1448
       101.58          1448
      101.588          1448
      101.597          1448
      101.605          1448
      101.614          1448
      101.622          1448
      101.631          1448
       101.64          1448
      101.648          1448
      101.657          1448
      101.665          1448
      101.674          1448
      101.682          1448
      101.691          1448
      101.699          1448
      101.708          1448
      101.716          1448
      101.725          1448
      101.734          1448
      101.742          1448
      101.751          1448
      101.759          1448
      101.768          1448
      101.776          1448
      101.785          1448
      101.793          1448
      101.896         17376
      101.914          1448
      101.922          1448
      101.931          1448
      101.939          1448
      101.948          1448
      101.956          1448
      101.974          1448
      101.982          1448
      101.991          1448
          102          1448
      102.008          1448
      102.021          1448
      102.039          1448
      102.052          1448
      102.066          1448
      102.079          1448
      102.092          1448
      102.106          1448
      102.119          1448
      102.133          1448
      102.146          1448
      102.159          1448
      102.173          1448
      102.186          1448
      102.199          1448
      102.239          1448
      102.266          1448
      102.293          1448
      102.319          1448
      102.533          7240
      102.586          4344
      102.693          8688
      102.747          1448
       102.76          1448
      102.773          1448
      102.813          1448
       102.84          1448
      102.853          1448
      103.055         10136
       103.11          1448
      103.137          1448
      103.151          1448
      103.194          1448
      103.208          1448
      103.222          1448
      103.251          1448
      103.265          1448
      103.279          1448
      103.292          1448
      103.322          1448
      103.336          1448
      103.349          1448
      103.363          1448
      103.393          1448
      103.406          1448
       103.42          1448
      103.434          1448
      103.489          1448
      103.503          1448
      103.516          1448
       103.53          1448
      103.571          1448
      103.585          1448
      103.599          1448
      103.612          1448
      103.667          1448
      103.681          1448
      103.695          1448
      103.736          1448
      103.764          1448
      103.791          1448
      103.818          1448
      103.843          1448
      103.857          1448
      103.871          1448
        103.9          1448
      103.914          1448
      103.928          1448
      103.942          1448
      103.971          1448
      103.985          1448
      103.999          1448
      104.012          1448
      104.068          1448
      104.108          1448
      104.148          1448
      104.188          1448
      104.228          1448
      104.268          1448
      104.308          1448
      104.349          1448
      104.389          1448
      104.429          1448
      104.469          1448
      104.509          1448
      104.549          1448
      104.589          1448
      104.629          1448
      104.669          1448
      104.709          1448
      104.749          1448
      104.789          1448
      104.829          1448
      104.869          1448
      104.883           457
      104.966          1448
      105.006          1448
      105.046          1448
      105.064          1448
      105.081          1448
      105.099          1448
      105.125          1448
      105.142          1448
       105.16          1448
      105.177          1448
      105.203          1448
       105.22          1448
      105.238          1448
      105.255          1448
      105.281          1448
      105.299          1448
      105.334          1448
      105.369          1448
      105.404          1448
      105.439          1448
      105.474          1448
      105.509          1448
      105.544          1448
      105.579          1448
      105.614          1448
      105.649          1448
      105.684          1448
      105.719          1448
      105.754          1448
      105.789          1448
      105.807          1448
      105.842          1448
      105.894          1448
      105.912          1448
      105.929          1448
      105.982          1448
      105.999          1448
      106.017          1448
      106.051          1448
      106.074          1448
      106.085          1448
      106.119          1448
      106.142          1448
      106.164          1448
      106.187          1448
       106.21          1448
      106.232          1448
      106.255          1448
      106.414         10136
      106.459          1448
      106.482          1448
      106.493          1448
       106.55          1448
      106.561          1448
      106.618          1448
      106.629          1448
      106.686          1448
      106.697          1448
       106.72          1448
       106.75          1448
      106.762          1448
      106.774          1448
      106.786          1448
      106.816          1448
      106.828          1448
       106.84          1448
      106.852          1448
      106.882          1448
      106.894          1448
      106.906          1448
      106.918          1448
      106.948          1448
      106.959          1448
      106.972          1448
      106.983          1448
      107.014          1448
      107.025          1448
      107.037          1448
      107.048          1448
      107.059          1448
       107.08          1448
      107.091          1448
      107.102          1448
      107.114          1448
      107.134          1448
      107.146          1448
      107.157          1448
      107.168          1448
      107.189          1448
        107.2          1448
      107.211          1448
      107.223          1448
      107.243          1448
      107.255          1448
      107.266          1448
      107.277          1448
      107.298          1448
      107.309          1448
       107.32          1448
      107.332          1448
      107.352          1448
      107.364          1448
      107.375          1448
      107.386          1448
      107.407          1448
      107.418          1448
       107.43          1448
      107.441          1448
      107.462          1448
      107.473          1448
      107.484          1448
      107.495          1448
      107.516          1448
      107.527          1448
      107.539          1448
       107.55          1448
      107.571          1448
      107.582          1448
      107.593          1448
      107.604          1448
      107.625          1448
      107.636          1448
      107.648          1448
      107.659          1448
       107.68          1448
      107.691          1448
      107.702          1448
      107.713          1448
      107.734          1448
      107.745          1448
      107.757          1448
      107.768          1448
      107.789          1448
        107.8          1448
      107.811          1448
      107.823          1448
      107.843          1448
      107.855          1448
      107.866          1448
      107.877          1448
      107.898          1448
      107.909          1448
       107.92          1448
      107.932          1448
      107.952          1448
      107.964          1448
      107.975          1448
      107.986          1448
      108.007          1448
      108.018          1448
       108.03          1448
      108.042          1448
      108.062          1448
      108.074          1448
      108.085          1448
      108.097          1448
      108.117          1448
      108.129          1448
      108.141          1448
      108.152          1448
      108.172          1448
      108.184          1448
      108.196          1448
      108.207          1448
      108.227          1448
      108.239          1448
      108.251          1448
      108.262          1448
      108.282          1448
      108.294          1448
      108.306          1448
      108.317          1448
      108.337          1448
      108.349          1448
      108.361          1448
      108.373          1448
      108.392          1448
      108.404          1448
      108.416          1448
      108.428          1448
      108.447          1448
      108.459          1448
      108.471          1448
      108.483          1448
      108.502          1448
      108.514          1448
      108.526          1448
      108.538          1448
      108.557          1448
      108.569          1448
      108.581          1448
      108.593          1448
      108.612          1448
      108.624          1448
      108.636          1448
      108.648          1448
      108.668          1448
      108.679          1448
      108.691          1448
      108.703          1448
      108.723          1448
      108.734          1448
      108.746          1448
      108.758          1448
      108.778          1448
      108.789          1448
      108.801          1448
      108.813          1448
      108.833          1448
      108.844          1448
      108.856          1448
      108.868          1448
      108.888          1448
        108.9          1448
      108.911          1448
      108.923          1448
      108.943          1448
      108.946           380
      109.001          1448
      109.013          1448
      109.036          1448
      109.058          1448
      109.081          1448
      109.103          1448
      109.126          1448
      109.148          1448
      109.171          1448
      109.193          1448
      109.216          1448
      109.238          1448
      109.306          1448
      109.351          1448
      109.396          1448
      109.621          5792
       110.72          2896
      110.816          2896
      110.835          1448
      110.855          1448
      110.879          1448
      110.918          1448
      110.938          1448
      110.958          1448
      110.981          1448
      111.001          1448
      111.021          1448
      111.031          1448
       111.04          1448
      111.049          1448
      111.059          1448
      111.068          1448
      111.078          1448
      111.087          1448
      111.097          1448
      111.106          1448
      111.116          1448
      111.125          1448
      111.135          1448
      111.144          1448
      111.154          1448
      111.163          1448
      111.172          1448
      111.182          1448
      111.191          1448
      111.201          1448
       111.21          1448
       111.22          1448
       111.39         17376
      112.444        137173
      112.499          1448
      112.753          1448
      112.764          1448
      112.819          1448
       112.83          1448
      112.841          1448
      112.852          1448
      112.884          1448
      112.895          1448
      112.906          1448
      112.917          1448
      112.928          1448
      112.939          1448
      112.951          1448
      112.962          1448
      112.973          1448
      112.984          1448
      112.995          1448
      113.006          1448
      113.017          1448
      113.028          1448
      113.039          1448
      113.049          1448
       113.06          1448
      113.071          1448
      114.172        141904
       114.23          1448
      114.489          1448
      114.505          1448
      114.563          1448
      114.579          1448
      114.594          1448
       114.61          1448
      114.638          1448
      114.653          1448
      114.669          1448
      114.684          1448
        114.7          1448
      114.715          1448
      114.731          1448
      114.746          1448
      114.762          1448
      114.777          1448
      114.793          1448
      114.808          1448
      114.824          1448
      114.839          1448
      114.855          1448
       114.87          1448
      114.886          1448
      114.901          1448
      114.917          1448
      114.932          1448
      114.948          1448
      114.963          1448
      114.979          1448
      114.994          1448
       115.01          1448
      115.017          1448
      115.024          1448
      115.031          1448
      115.038          1448
      115.045          1448
      115.052          1448
      115.067          1448
      115.074          1448
      115.081          1448
      115.088          1448
      115.095          1448
      115.102          1448
      115.117          1448
      115.124          1448
      115.131          1448
      115.138          1448
      115.145          1448
      115.152          1448
      115.167          1448
      115.174          1448
      115.181          1448
      115.188          1448
      115.195          1448
      115.202          1448
      115.209          1448
      115.218          1448
      115.225          1448
      115.232          1448
      115.239          1448
      115.246          1448
      115.252          1448
      115.259          1448
      115.266          1448
      115.275          1448
      115.282          1448
      115.289          1448
      115.296          1448
      115.303          1448
       115.31          1448
      115.317          1448
      115.324          1448
      115.331          1448
      115.338          1448
      115.344          1448
      115.351          1448
      115.358          1448
      115.365          1448
      115.372          1448
      115.379          1448
      115.386          1448
      115.393          1448
        115.4          1448
      115.407          1448
      115.414          1448
      115.421          1448
      115.428          1448
      115.435          1448
      115.442          1448
      115.449          1448
      115.456          1448
      115.463          1448
       115.47          1448
      115.477          1448
      115.484          1448
      115.491          1448
      115.498          1448
      115.504          1448
      115.511          1448
      115.518          1448
      115.525          1448
      115.532          1448
      115.539          1448
      115.546          1448
      115.553          1448
      115.556           588
      115.606          1448
      115.613          1448
       115.62          1448
      115.627          1448
      115.634          1448
      115.641          1448
      115.648          1448
      115.655          1448
      115.662          1448
      115.669          1448
      115.676          1448
      115.683          1448
       115.69          1448
      115.697          1448
      115.704          1448
      115.711          1448
      115.718          1448
      115.808         18824
      115.824          1448
      115.831          1448
      115.838          1448
      115.845          1448
      115.851          1448
      115.858          1448
      115.865          1448
      115.881          1448
      115.888          1448
      115.895          1448
      115.902          1448
      115.909          1448
      115.916          1448
      115.931          1448
      115.938          1448
      115.945          1448
      115.952          1448
      115.959          1448
      115.966          1448
      115.981          1448
      115.988          1448
      115.995          1448
      116.002          1448
      116.009          1448
       116.02          1448
      116.031          1448
      116.043          1448
      116.054          1448
      116.065          1448
      116.076          1448
      116.087          1448
      116.099          1448
       116.11          1448
      116.121          1448
      116.132          1448
      116.143          1448
      116.155          1448
      116.166          1448
      116.289         15928
       116.31          1448
      116.321          1448
      116.332          1448
      116.343          1448
      116.354          1448
      116.375          1448
      116.387          1448
      116.398          1448
      116.409          1448
       116.43          1448
      116.441          1448
      116.452          1448
      116.463          1448
      116.484          1448
      116.495          1448
      116.507          1448
      116.518          1448
      116.539          1448
       116.55          1448
      116.561          1448
      116.572          1448
      116.583          1448
      116.595          1448
      116.606          1448
      116.617          1448
      116.628          1448
      116.639          1448
      116.651          1448
      116.662          1448
      116.673          1448
      116.684          1448
      116.695          1448
      116.707          1448
      116.718          1448
      116.729          1448
       116.74          1448
      116.751          1448
      116.762          1448
      116.774          1448
      116.785          1448
      116.796          1448
      116.807          1448
      116.818          1448
       116.83          1448
      116.841          1448
      116.852          1448
      116.863          1448
      116.874          1448
      116.886          1448
      116.897          1448
      116.908          1448
      116.919          1448
       116.93          1448
      116.941          1448
      116.953          1448
      116.964          1448
      116.975          1448
      116.986          1448
      116.997          1448
      117.009          1448
       117.02          1448
      117.032          1448
      117.043          1448
      117.055          1448
      117.067          1448
      117.078          1448
       117.09          1448
      117.101          1448
      117.113          1448
      117.125          1448
      117.136          1448
      117.148          1448
       117.16          1448
      117.171          1448
      117.183          1448
      117.194          1448
      117.206          1448
      117.218          1448
      117.229          1448
      117.241          1448
      117.252          1448
      117.264          1448
      117.276          1448
      117.287          1448
      117.299          1448
       117.31          1448
      117.322          1448
      117.334          1448
      117.345          1448
      117.357          1448
      117.369          1448
       117.38          1448
      117.392          1448
      117.403          1448
      117.415          1448
      117.427          1448
      117.438          1448
       117.45          1448
      117.461          1448
      117.473          1448
      117.485          1448
      117.496          1448
      117.508          1448
      117.519          1448
      117.531          1448
      117.543          1448
      117.554          1448
      117.566          1448
      117.577          1448
      117.589          1448
      117.601          1448
      117.612          1448
      117.624          1448
      117.636          1448
      117.647          1448
      117.659          1448
       117.67          1448
      117.682          1448
      117.694          1448
      117.705          1448
      117.717          1448
      117.728          1448
       117.74          1448
      117.752          1448
      117.763          1448
      117.775          1448
      117.786          1448
      117.798          1448
       117.81          1448
      117.821          1448
      117.833          1448
      117.845          1448
      117.856          1448
      117.868          1448
      117.879          1448
      117.891          1448
      117.903          1448
      117.914          1448
      117.926          1448
      117.937          1448
      117.949          1448
      117.961          1448
      117.972          1448
      117.984          1448
      117.995          1448
      118.007          1448
      118.013          1448
      118.019          1448
      118.026          1448
      118.033          1448
      118.039          1448
      118.056          1448
      118.063          1448
      118.069          1448
      118.075          1448
      118.083          1448
      118.086           712
      118.135          1448
      118.141          1448
      118.148          1448
      118.154          1448
       118.16          1448
      118.166          1448
      118.172          1448
      118.191          1448
      118.197          1448
      118.203          1448
      118.209          1448
      118.216          1448
      118.222          1448
       118.24          1448
      118.246          1448
      118.253          1448
      118.259          1448
      118.265          1448
      118.271          1448
      118.297          1448
      118.304          1448
      118.316          1448
      118.328          1448
      118.341          1448
      118.353          1448
      118.365          1448
      118.378          1448
       118.39          1448
      118.402          1448
      118.415          1448
      118.427          1448
      118.439          1448
      118.451          1448
      118.464          1448
      118.575         13032
      118.612          1448
      118.618          1448
       118.63          1448
      118.636          1448
       118.68          1448
      118.686          1448
      118.698          1448
       118.71          1448
      118.747          1448
      118.754          1448
      118.772          1448
      118.778          1448
      118.791          1448
      118.815          1448
      118.821          1448
       118.84          1448
      118.846          1448
      118.875          1448
      118.881          1448
      118.889          1448
      118.896          1448
      118.924          1448
      118.931          1448
      118.939          1448
      118.945          1448
      118.974          1448
       118.98          1448
      118.988          1448
      118.994          1448
      119.029          1448
      119.041          1448
      119.053          1448
      119.065          1448
      119.076          1448
      119.088          1448
        119.1          1448
      119.112          1448
      119.124          1448
      119.136          1448
      119.148          1448
       119.16          1448
      119.171          1448
      119.183          1448
      119.195          1448
      119.207          1448
      119.219          1448
      119.231          1448
      119.243          1448
      119.254          1448
      119.266          1448
      119.278          1448
       119.29          1448
      119.302          1448
      119.314          1448
      119.326          1448
      119.337          1448
      119.349          1448
      119.361          1448
      119.373          1448
      119.385          1448
      119.397          1448
      119.409          1448
       119.42          1448
      119.432          1448
      119.444          1448
      119.456          1448
      119.468          1448
       119.48          1448
      119.492          1448
      119.504          1448
      119.515          1448
      119.527          1448
      119.539          1448
      119.551          1448
      119.563          1448
      119.575          1448
      119.587          1448
      119.598          1448
       119.61          1448
      119.622          1448
      119.634          1448
      119.646          1448
      119.658          1448
       119.67          1448
      119.681          1448
      119.693          1448
      119.705          1448
      119.717          1448
      119.729          1448
      119.741          1448
      119.753          1448
      119.764          1448
      119.776          1448
      119.788          1448
        119.8          1448
      119.812          1448
      119.824          1448
      119.836          1448
      119.848          1448
      119.859          1448
      119.871          1448
      119.883          1448
      119.895          1448
      119.907          1448
      119.919          1448
      119.931          1448
      119.942          1448
      119.954          1448
      119.966          1448
      119.978          1448
       119.99          1448
      120.002          1448
      120.014          1448
      120.026          1448
      120.039          1448
      120.051          1448
      120.063          1448
      120.076          1448
      120.088          1448
      120.101          1448
      120.113          1448
      120.126          1448
      120.138          1448
      120.151          1448
      120.163          1448
      120.176          1448
      120.188          1448
      120.201          1448
      120.213          1448
      120.225          1448
      120.238          1448
       120.25          1448
      120.263          1448
      120.275          1448
      120.288          1448
        120.3          1448
      120.313          1448
      120.325          1448
      120.338          1448
       120.35          1448
      120.363          1448
      120.375          1448
      120.388          1448
        120.4          1448
      120.412          1448
      120.425          1448
      120.437          1448
       120.45          1448
      120.462          1448
      120.475          1448
      120.487          1448
        120.5          1448
      120.512          1448
      120.525          1448
      120.537          1448
       120.55          1448
      120.562          1448
      120.574          1448
      120.587          1448
      120.599          1448
      120.612          1448
      120.624          1448
      120.637          1448
      120.649          1448
      120.662          1448
      120.674          1448
      120.687          1448
      120.699          1448
      120.712          1448
      120.724          1448
      120.737          1448
      120.749          1448
      120.761          1369
      120.817          1448
      120.829          1448
      120.841          1448
      120.854          1448
      120.866          1448
      120.879          1448
      120.891          1448
      120.904          1448
      120.916          1448
      120.929          1448
      120.941          1448
      120.954          1448
      120.966          1448
      120.979          1448
      120.991          1448
      121.004          1448
      121.016          1448
      121.024          1448
      121.033          1448
      121.041          1448
       121.05          1448
      121.058          1448
      121.067          1448
      121.076          1448
      121.085          1448
      121.093          1448
      121.101          1448
       121.11          1448
      121.118          1448
      121.128          1448
      121.136          1448
      121.145          1448
      121.153          1448
      121.161          1448
       121.17          1448
      121.179          1448
      121.188          1448
      121.196          1448
      121.205          1448
      121.213          1448
      121.222          1448
      121.231          1448
       121.24          1448
      121.248          1448
      121.256          1448
      121.265          1448
      121.273          1448
      121.283          1448
      121.291          1448
        121.3          1448
      121.308          1448
      121.317          1448
      121.325          1448
      121.335          1448
      121.343          1448
      121.351          1448
       121.36          1448
      121.368          1448
      121.377          1448
      121.386          1448
      121.395          1448
      121.403          1448
      121.411          1448
       121.42          1448
      121.428          1448
      121.438          1448
      121.446          1448
      121.455          1448
      121.463          1448
      121.472          1448
       121.48          1448
       121.49          1448
      121.498          1448
      121.506          1448
      121.515          1448
      121.523          1448
      121.532          1448
      121.541          1448
       121.55          1448
      121.558          1448
      121.567          1448
      121.575          1448
      121.583          1448
      121.593          1448
      121.601          1448
       121.61          1448
      121.618          1448
      121.627          1448
      121.635          1448
      121.645          1448
      121.653          1448
      121.661          1448
       121.67          1448
      121.678          1448
      121.687          1448
      121.696          1448
      121.705          1448
      121.713          1448
      121.722          1448
       121.73          1448
      121.738          1448
      121.748          1448
      121.756          1448
      121.765          1448
      121.773          1448
      121.782          1448
       121.79          1448
        121.8          1448
      121.808          1448
      121.817          1448
      121.825          1448
      121.833          1448
      121.842          1448
      121.851          1448
       121.86          1448
      121.868          1448
      121.877          1448
      121.885          1448
      121.893          1448
      121.903          1448
      121.912          1448
       121.92          1448
      121.928          1448
      121.937          1448
      121.945          1448
      121.955          1448
      121.963          1448
      121.972          1448
       121.98          1448
      121.988          1448
      121.997          1448
      122.006          1448
      122.015          1448
      122.023          1448
      122.032          1448
      122.041          1448
      122.049          1448
      122.058          1448
      122.067          1448
      122.075          1448
      122.084          1448
      122.092          1448
      122.101          1448
       122.11          1448
      122.118          1448
      122.127          1448
      122.135          1448
      122.144          1448
      122.152          1448
      122.161          1448
      122.169          1448
      122.178          1448
      122.186          1448
      122.195          1448
      122.204          1448
      122.212          1448
      122.221          1448
      122.229          1448
      122.238          1448
      122.246          1448
      122.255          1448
      122.263          1448
      122.272          1448
       122.28          1448
      122.289          1448
      122.298          1448
      122.306          1448
      122.315          1448
      122.323          1448
      122.332          1448
       122.34          1448
      122.349          1448
      122.357          1448
      122.366          1448
      122.374          1448
      122.383          1448
      122.392          1448
        122.4          1448
      122.409          1448
      122.417          1448
      122.426          1448
      122.434          1448
       122.46          1448
      122.477          1448
      122.494          1448
      122.511          1448
      122.528          1448
      122.545          1448
      122.716         10136
      122.768          7240
      122.785          1448
      122.793          1448
      122.819          1448
      122.836          1448
      122.845          1448
      122.862          1448
      122.879          1448
      122.896          1448
      122.913          1448
       122.93          1448
      122.947          1448
      122.964          1448
      122.981          1448
      122.998          1448
      123.013           941
      123.093          1448
      123.113          1448
      123.173          1448
      123.453          5792
      123.493          2896
       123.58          7240
       123.62          1448
      123.643          1448
      123.663          1448
      123.683          1448
      123.723          1448
      123.743          1448
      123.763          1448
      123.783          1448
      123.823          1448
      123.843          1448
      123.863          1448
      123.883          1448
      123.943          1448
       123.98          1448
          124          1448
       124.02          1448
      124.041          1448
      124.062          1448
      124.083          1448
      124.103          1448
      124.124          1448
      124.145          1448
      124.166          1448
      124.187          1448
      124.208          1448
      124.229          1448
       124.25          1448
      124.271          1448
      124.291          1448
      124.312          1448
      124.333          1448
      124.354          1448
      124.375          1448
      124.396          1448
      124.417          1448
      124.438          1448
      124.459          1448
       124.48          1448
        124.5          1448
      124.521          1448
      124.542          1448
      124.563          1448
      124.584          1448
      124.605          1448
      124.626          1448
      124.647          1448
      124.668          1448
      124.689          1448
      124.709          1448
       124.73          1448
      124.751          1448
      124.772          1448
      124.793          1448
      124.814          1448
      124.835          1448
      124.856          1448
      124.877          1448
      124.898          1448
      124.918          1448
      124.939          1448
       124.96          1448
      124.981          1448
      125.002          1448
      125.023          1448
      125.063          1448
      125.103          1448
      125.143          1448
      125.183          1448
      125.223          1448
      125.263          1448
      125.303          1448
      125.343          1448
      125.383          1448
      125.423          1448
      125.463          1448
      125.504          1448
      125.544          1448
      125.584          1448
      125.624          1448
      125.664          1448
      125.704          1448
      125.744          1448
      125.784          1448
      125.824          1448
      125.864          1448
      125.904          1448
      125.944          1448
      125.984          1448
      126.024          1448
      126.049          1448
      126.074          1448
      126.098          1448
      126.123          1448
      126.148          1448
      126.173          1448
      126.197          1448
      126.222          1448
      126.247          1448
      126.271          1448
      126.296          1448
      126.321          1448
      126.346          1448
       126.37          1448
      126.395          1448
       126.42          1448
      126.445          1448
      126.469          1448
      126.494          1448
      126.519          1448
      126.543          1448
      126.568          1448
      126.593          1448
      126.618          1448
      126.642          1448
      126.667          1448
      126.692          1448
      126.717          1448
      126.741          1448
      126.766          1448
      126.791          1448
      126.988         11584
      127.013          1448
      127.038          1448
      127.043          1448
      127.087          1448
      127.093          1448
      127.136          1448
      127.142          1448
      127.185          1448
      127.191          1448
      127.197          1448
      127.234          1448
       127.24          1448
      127.246          1448
      127.251          1448
      127.289          1448
      127.295          1448
      127.301          1448
      127.306          1448
      127.344          1448
       127.35          1448
      127.356          1448
      127.361          1448
      127.399          1448
      127.405          1448
       127.41          1448
      127.416          1448
      127.454          1448
       127.46          1448
      127.465          1448
      127.471          1448
      127.477          1448
      127.509          1448
      127.514          1448
       127.52          1448
      127.526          1448
      127.558          1448
      127.564          1448
      127.569          1448
      127.575          1448
      127.607          1448
      127.613          1448
      127.619          1448
      127.624          1448
      127.656          1448
      127.662          1448
      127.668          1448
      127.673          1448
      127.705          1448
      127.711          1448
      127.717          1448
      127.723          1448
      127.754          1448
       127.76          1448
      127.766          1448
      127.772          1448
      127.803          1448
      127.809          1448
      127.815          1448
      127.821          1448
      127.827          1448
      127.852          1448
      127.858          1448
      127.864          1448
       127.87          1448
      127.876          1448
      127.882          1448
      127.907          1448
      127.913          1448
      127.919          1448
      127.922           670
      127.971          1448
      127.977          1448
      127.983          1448
      127.988          1448
      127.994          1448
          128          1448
      128.026          1448
      128.032          1448
      128.037          1448
      128.043          1448
      128.049          1448
      128.055          1448
      128.081          1448
      128.086          1448
      128.092          1448
      128.098          1448
      128.104          1448
       128.11          1448
      128.141          1448
      128.147          1448
      128.153          1448
      128.159          1448
      128.165          1448
       128.17          1448
      128.205          1448
      128.211          1448
      128.223          1448
      128.229          1448
      128.234          1448
      128.252          1448
      128.269          1448
      128.275          1448
      128.287          1448
      128.298          1448
       128.31          1448
      128.322          1448
      128.333          1448
      128.345          1448
      128.356          1448
      128.368          1448
       128.38          1448
      128.391          1448
      128.403          1448
      128.415          1448
      128.426          1448
      128.438          1448
      128.449          1448
      128.461          1448
      128.473          1448
      128.484          1448
      128.496          1448
      128.508          1448
      128.519          1448
      128.531          1448
      128.543          1448
      128.554          1448
      128.566          1448
      128.577          1448
      128.589          1448
      128.601          1448
      128.612          1448
      128.624          1448
      128.636          1448
      128.647          1448
      128.659          1448
       128.67          1448
      128.682          1448
      128.694          1448
      128.705          1448
      128.717          1448
      128.729          1448
       128.74          1448
       128.75          1448
      128.762          1448
      128.773          1448
      128.785          1448
      128.795          1448
      128.801          1448
      128.811          1448
      128.817          1448
      128.834          1448
       128.84          1448
       128.85          1448
      128.856          1448
      128.866          1448
      128.871          1448
      128.889          1448
      128.895          1448
      128.905          1448
       128.91          1448
      128.921          1448
      128.926          1448
      128.944          1448
       128.95          1448
       128.96          1448
      128.965          1448
      128.975          1448
      128.981          1448
      128.999          1448
      129.005          1448
      129.641          1448
      130.273          1448
       130.29          1448
      130.299          1448
      130.307          1448
      130.315          1448
      130.324          1448
      130.342          1448
       130.35          1448
      130.359          1448
      130.367          1448
      130.375          1448
      130.384          1448
      130.402          1448
       130.41          1448
      130.419          1448
      130.427          1448
      130.435          1448
      130.444          1448
      130.462          1448
       130.47          1448
      130.479          1448
      130.487          1448
      130.495          1448
      130.504          1448
      130.512          1448
      130.522          1448
       130.53          1448
      130.539          1448
      130.547          1448
      130.555          1448
      130.564          1448
      130.574          1448
      130.582          1448
      130.599          1448
      130.615          1448
      130.624          1448
      130.632          1448
      130.641          1448
      130.649          1448
      130.657          1448
      130.666          1448
      130.691          1448
      130.708          1448
      130.724          1448
      130.733          1448
      130.741          1448
      130.766          1448
      130.783          1448
      130.917         10136
      131.041          7240
      131.074          1448
      131.104          1448
      131.114          1448
      131.144          1448
      131.174          1448
      131.183          1448
      131.203          1448
      131.223          1448
      131.243          1448
      131.263          1448
      131.283          1448
      131.303          1448
      131.323          1448
      131.343          1448
      131.363          1448
      131.383          1448
      131.403          1448
      131.423          1448
      131.443          1448
      131.462          1448
      131.482          1448
      131.502          1448
      131.522          1448
      131.542          1448
      131.562          1448
       131.58          1448
       131.59          1448
        131.6          1448
       131.61          1448
       131.62          1448
      131.633          1448
      131.638           592
      131.691          1448
      131.701          1448
      131.711          1448
      131.721          1448
      131.731          1448
      131.741          1448
      131.754          1448
      131.764          1448
      131.774          1448
      131.784          1448
      131.794          1448
      131.804          1448
      131.817          1448
      131.827          1448
      131.837          1448
      131.847          1448
      131.857          1448
      131.867          1448
      131.877          1448
      131.887          1448
      131.897          1448
      131.907          1448
      131.917          1448
      131.927          1448
      131.937          1448
      131.947          1448
      131.957          1448
      131.967          1448
      131.977          1448
      131.987          1448
      131.997          1448
      132.007          1448
      132.017          1448
      132.026          1448
      132.036          1448
      132.045          1448
      132.054          1448
      132.064          1448
      132.073          1448
      132.083          1448
      132.092          1448
      132.102          1448
      132.111          1448
      132.121          1448
       132.13          1448
       132.14          1448
      132.149          1448
      132.159          1448
      132.168          1448
      132.177          1448
      132.187          1448
      132.196          1448
      132.206          1448
      132.215          1448
      132.225          1448
      132.234          1448
      132.244          1448
      132.253          1448
      132.263          1448
      132.272          1448
      132.282          1448
      132.291          1448
        132.3          1448
       132.31          1448
      132.319          1448
      132.329          1448
      132.338          1448
      132.348          1448
      132.357          1448
      132.367          1448
      132.376          1448
      132.386          1448
      132.395          1448
      132.405          1448
      132.414          1448
      132.423          1448
      132.433          1448
      132.442          1448
      132.452          1448
      132.461          1448
      132.471          1448
       132.48          1448
       132.49          1448
      132.499          1448
      132.509          1448
      132.518          1448
      132.528          1448
      132.537          1448
      132.546          1448
      132.556          1448
      132.565          1448
      132.575          1448
      132.584          1448
      132.594          1448
      132.603          1448
      132.613          1448
      132.622          1448
      132.632          1448
      132.641          1448
      132.651          1448
       132.66          1448
      132.669          1448
      132.679          1448
      132.688          1448
      132.698          1448
      132.707          1448
      132.717          1448
      132.726          1448
      132.736          1448
      132.745          1448
      132.755          1448
      132.764          1448
      132.774          1448
      132.783          1448
      132.792          1448
      132.802          1448
      132.811          1448
      132.821          1448
       132.83          1448
       132.84          1448
      132.849          1448
      132.859          1448
      132.868          1448
      132.878          1448
      132.887          1448
      132.897          1448
      132.906          1448
      132.915          1448
      132.925          1448
      132.934          1448
      132.944          1448
      132.953          1448
      132.963          1448
      132.972          1448
      132.982          1448
      132.991          1448
      133.001          1448
       133.01          1448
      133.021          1448
      133.032          1448
      133.043          1448
      133.054          1448
      133.065          1448
      133.077          1448
      133.088          1448
      133.099          1448
       133.11          1448
      133.121          1448
      133.132          1448
      133.143          1448
      133.154          1448
      133.165          1448
      133.176          1448
      133.187          1448
      133.198          1448
       133.21          1448
      133.221          1448
      133.232          1448
      133.243          1448
      133.254          1448
      133.265          1448
      133.276          1448
      133.287          1448
      133.298          1448
      133.309          1448
       133.32          1448
      133.332          1448
      133.343          1448
      133.354          1448
      133.365          1448
      133.376          1448
      133.387          1448
      133.398          1448
      133.409          1448
       133.42          1448
      133.431          1448
      133.442          1448
      133.453          1448
      133.465          1448
      133.476          1448
      133.487          1448
      133.498          1448
      133.509          1448
       133.52          1448
      133.531          1448
      133.542          1448
      133.553          1448
      133.564          1448
      133.575          1448
      133.586          1448
      133.598          1448
      133.609          1448
       133.62          1448
      133.631          1448
      133.642          1448
      133.653          1448
      133.664          1448
      133.675          1448
      133.686          1448
      133.697          1448
      133.708          1448
      133.719          1448
      133.731          1448
      133.742          1448
      133.753          1448
      133.764          1448
      133.775          1448
      133.786          1448
      133.797          1448
      133.808          1448
      133.819          1448
       133.83          1448
      133.841          1448
      133.853          1448
      133.864          1448
      133.875          1448
      133.886          1448
      133.897          1448
      133.908          1448
      133.919          1448
       133.93          1448
      133.941          1448
      133.952          1448
      133.963          1448
      133.974          1448
      133.986          1448
      133.997          1448
      134.003           865
      134.054          1448
      134.062          1448
      134.069          1448
      134.076          1448
      134.084          1448
      134.091          1448
      134.099          1448
      134.112          1448
       134.12          1448
      134.127          1448
      134.135          1448
      134.142          1448
      134.149          1448
      134.163          1448
       134.17          1448
      134.178          1448
      134.185          1448
      134.193          1448
        134.2          1448
      134.214          1448
      134.221          1448
      134.228          1448
      134.236          1448
      134.243          1448
      134.251          1448
      134.264          1448
      134.272          1448
      134.279          1448
      134.287          1448
      134.294          1448
      134.301          1448
      134.315          1448
      134.322          1448
       134.33          1448
      134.337          1448
      134.345          1448
      134.352          1448
      134.366          1448
      134.373          1448
      134.381          1448
      134.388          1448
      134.395          1448
      134.403          1448
      134.416          1448
      134.424          1448
      134.431          1448
      134.439          1448
      134.446          1448
      134.454          1448
      134.467          1448
      134.475          1448
      134.482          1448
      134.489          1448
      134.497          1448
      134.504          1448
      134.518          1448
      134.525          1448
      134.533          1448
       134.54          1448
      134.547          1448
      134.555          1448
      134.562          1448
       134.57          1448
      134.577          1448
      134.585          1448
      134.592          1448
      134.599          1448
      134.607          1448
      134.614          1448
      134.622          1448
      134.629          1448
      134.637          1448
      134.644          1448
      134.651          1448
      134.659          1448
      134.666          1448
      134.674          1448
      134.681          1448
      134.689          1448
      134.696          1448
      134.703          1448
      134.711          1448
      134.718          1448
      134.726          1448
      134.733          1448
      134.741          1448
      134.748          1448
      134.755          1448
      134.763          1448
       134.77          1448
      134.778          1448
      134.785          1448
      134.793          1448
        134.8          1448
      134.807          1448
      134.815          1448
      134.822          1448
       134.83          1448
      134.837          1448
      134.845          1448
      134.852          1448
      134.859          1448
      134.867          1448
      134.874          1448
      134.882          1448
      134.889          1448
      134.897          1448
      134.904          1448
      134.911          1448
      134.919          1448
      134.926          1448
      134.934          1448
      134.941          1448
      134.949          1448
      134.956          1448
      134.963          1448
      134.971          1448
      134.978          1448
      134.986          1448
      134.993          1448
          135          1448
      135.008          1448
      135.017          1448
      135.027          1448
      135.036          1448
      135.046          1448
      135.055          1448
      135.064          1448
      135.074          1448
      135.083          1448
      135.093          1448
      135.102          1448
      135.112          1448
      135.121          1448
       135.13          1448
       135.14          1448
      135.149          1448
      135.159          1448
      135.272         17376
      135.287          1448
      135.296          1448
      135.306          1448
      135.315          1448
      135.324          1448
      135.334          1448
      135.349          1448
      135.358          1448
      135.368          1448
      135.377          1448
      135.385          1245
      135.438          1448
      135.447          1448
      135.457          1448
      135.466          1448
      135.476          1448
      135.485          1448
      135.495          1448
      135.504          1448
      135.513          1448
      135.532          1448
      135.551          1448
       135.57          1448
      135.589          1448
      135.608          1448
      135.627          1448
      135.645          1448
      135.815         10136
      135.883          8688
      135.902          1448
       135.92          1448
      135.935          1448
      135.945          1448
      135.954          1448
      135.992          1448
      136.001          1448
      136.011          1448
      136.018          1448
      136.053          1448
       136.06          1448
      136.073          1448
       136.08          1448
      136.115          1448
      136.122          1448
      136.129          1448
      136.136          1448
      136.178          1448
      136.185          1448
      136.192          1448
      136.199          1448
       136.24          1448
      136.247          1448
      136.261          1448
      136.268          1448
      136.289          1448
      136.303          1448
      136.317          1448
      136.331          1448
      136.345          1448
      136.359          1448
      136.373          1448
      136.387          1448
        136.4          1448
      136.414          1448
      136.428          1448
       136.44          1448
      136.447          1448
      136.454          1448
      136.461          1448
      136.478          1448
      136.485          1448
      136.497          1448
      136.504          1448
      136.511          1448
      136.518          1448
      136.536          1448
      136.543          1448
      136.554          1448
      136.561          1448
      136.568          1448
      136.575          1448
      136.593          1448
        136.6          1448
      136.612          1448
      136.619          1448
      136.626          1448
      136.633          1448
       136.65          1448
      136.657          1448
      136.669          1448
      136.676          1448
      136.683          1448
       136.69          1448
      136.707          1448
      136.714          1448
      136.726          1448
      136.733          1448
       136.74          1448
      136.747          1448
      136.764          1448
      136.771          1448
      136.783          1448
       136.79          1448
      136.797          1448
      136.804          1448
      136.822          1448
      136.829          1448
       136.84          1448
      136.847          1448
      136.854          1448
      136.861          1448
      136.879          1448
      136.886          1448
      136.898          1448
      136.905          1448
      136.911          1448
      136.918          1448
      136.936          1448
      136.943          1448
      136.955          1448
      136.962          1448
      136.969          1448
      136.976          1448
      136.993          1448
          137          1448
      137.012          1448
      137.023          1448
      137.034          1448
      137.045          1448
      137.057          1448
      137.068          1448
      137.079          1448
       137.09          1448
      137.101          1448
      137.113          1448
      137.124          1448
      137.135          1448
      137.146          1448
      137.157          1448
      137.169          1448
       137.18          1448
      137.191          1448
      137.202          1448
      137.213          1448
      137.225          1448
      137.236          1448
      137.247          1448
      137.258          1448
      137.269          1448
       137.28          1448
      137.292          1448
      137.303          1448
      137.314          1448
      137.325          1448
      137.336          1448
      137.348          1448
      137.349            84
      137.403          1448
      137.414          1448
      137.425          1448
      137.437          1448
      137.448          1448
      137.459          1448
       137.47          1448
      137.481          1448
      137.493          1448
      137.504          1448
      137.515          1448
      137.526          1448
      137.537          1448
      137.549          1448
       137.56          1448
      137.571          1448
      137.582          1448
      137.593          1448
      137.604          1448
      137.616          1448
      137.627          1448
      137.638          1448
      137.649          1448
       137.66          1448
      137.672          1448
      137.683          1448
      137.694          1448
      137.705          1448
      137.716          1448
      137.728          1448
      137.739          1448
       137.75          1448
      137.761          1448
      137.772          1448
      137.783          1448
      137.795          1448
      137.806          1448
      137.817          1448
      137.828          1448
      137.839          1448
      137.851          1448
      137.862          1448
      137.873          1448
      137.884          1448
      137.895          1448
      137.907          1448
      137.918          1448
      137.929          1448
       137.94          1448
      137.951          1448
      137.962          1448
      137.974          1448
      137.985          1448
      137.996          1448
      138.007          1448
      138.019          1448
      138.042          1448
      138.065          1448
      138.089          1448
      138.112          1448
      138.135          1448
      138.158          1448
      138.321          8688
      138.485          5792
      138.555          1448
      138.567          1448
       138.59          1448
      138.636          1448
      138.648          1448
      138.671          1448
      138.706          1448
      138.718          1448
      138.741          1448
      138.764          1448
      138.787          1448
       138.81          1448
      138.834          1448
      138.857          1448
       138.88          1448
      138.903          1448
      138.927          1448
      138.938          1448
      138.961          1448
      138.973          1448
      138.996          1448
      139.008          1448
       139.02          1448
      139.026          1448
      139.032          1448
      139.057          1448
      139.063          1448
      139.076          1448
      139.082          1448
      139.107          1448
      139.113          1448
      139.125          1448
      139.131          1448
      139.156          1448
      139.162          1448
      139.175          1448
      139.181          1448
      139.206          1448
      139.212          1448
      139.224          1448
       139.23          1448
      139.255          1448
      139.261          1448
      139.273          1448
       139.28          1448
      139.304          1448
      139.311          1448
      139.317          1448
      139.323          1448
      139.329          1448
      139.354          1448
       139.36          1448
      139.366          1448
      139.372          1448
      139.379          1448
      139.385          1448
      139.409          1448
      139.416          1448
      139.422          1448
      139.428          1448
      139.434          1448
       139.44          1448
      139.465          1448
      139.471          1448
      139.477          1448
      139.484          1448
       139.49          1448
      139.496          1448
      139.521          1448
      139.527          1448
      139.533          1448
      139.539          1448
      139.545          1448
      139.551          1448
      139.576          1448
      139.582          1448
      139.589          1448
      139.595          1448
      139.601          1448
      139.607          1448
      139.632          1448
      139.638          1448
      139.644          1448
       139.65          1448
      139.656          1448
      139.663          1448
      139.687          1448
      139.694          1448
        139.7          1448
      139.706          1448
      139.712          1448
      139.718          1448
      139.743          1448
      139.749          1448
      139.755          1448
      139.762          1448
      139.768          1448
      139.774          1448
      139.799          1448
      139.805          1448
      139.811          1448
      139.817          1448
      139.823          1448
      139.829          1448
      139.854          1448
       139.86          1448
      139.867          1448
      139.873          1448
      139.879          1448
      139.885          1448
       139.91          1448
      139.916          1448
      139.922          1448
      139.928          1448
      139.934          1448
      139.941          1448
      139.965          1448
      139.972          1448
      139.978          1448
      139.984          1448
       139.99          1448
      139.996          1448
      140.027          1448
      140.039          1448
       140.05          1448
      140.062          1448
      140.074          1448
      140.086          1448
      140.098          1448
       140.11          1448
      140.122          1448
      140.133          1448
      140.145          1448
      140.157          1448
      140.169          1448
      140.181          1448
      140.193          1448
      140.205          1448
      140.216          1448
      140.228          1448
      140.237          1057
      140.292          1448
      140.304          1448
      140.316          1448
      140.328          1448
       140.34          1448
      140.352          1448
      140.363          1448
      140.375          1448
      140.387          1448
      140.399          1448
      140.411          1448
      140.423          1448
      140.435          1448
      140.446          1448
      140.458          1448
       140.47          1448
      140.482          1448
      140.494          1448
      140.506          1448
      140.518          1448
      140.529          1448
      140.541          1448
      140.553          1448
      140.565          1448
      140.577          1448
      140.589          1448
      140.601          1448
      140.613          1448
      140.624          1448
      140.636          1448
      140.648          1448
       140.66          1448
      140.672          1448
      140.684          1448
      140.696          1448
      140.707          1448
      140.719          1448
      140.731          1448
      140.743          1448
      140.755          1448
      140.767          1448
      140.779          1448
      140.814          1448
      140.838          1448
      140.862          1448
      140.885          1448
      140.909          1448
       141.04          8688
      141.188          5792
      141.238          1448
      141.244          1448
       141.25          1448
      141.293          1448
      141.299          1448
      141.306          1448
      141.349          1448
      141.355          1448
      141.361          1448
      141.367          1448
      141.404          1448
       141.41          1448
      141.417          1448
      141.423          1448
       141.46          1448
      141.466          1448
      141.472          1448
      141.478          1448
      141.515          1448
      141.521          1448
      141.528          1448
      141.534          1448
      141.571          1448
      141.577          1448
      141.583          1448
      141.589          1448
      141.632          1448
      141.639          1448
      141.645          1448
      141.651          1448
      141.657          1448
      141.688          1448
      141.694          1448
        141.7          1448
      141.706          1448
      141.737          1448
      141.743          1448
       141.75          1448
      141.756          1448
      141.797          1448
      141.803          1448
      141.815          1448
      141.821          1448
      141.852          1448
      141.858          1448
      141.864          1448
      141.871          1448
      141.902          1448
      141.908          1448
      141.914          1448
       141.92          1448
      141.951          1448
      141.957          1448
      141.963          1448
      141.969          1448
          142          1448
      142.007          1448
      142.013          1448
      142.021          1448
      142.029          1448
      142.063          1448
      142.072          1448
      142.088          1448
      142.097          1448
      142.122          1448
      142.139          1448
      142.156          1448
      142.164          1448
      142.299         11584
      142.342          1448
      142.351          1448
      142.359          1448
      142.402          1448
      142.411          1448
      142.454          1448
      142.462          1448
      142.506          1448
      142.514          1448
      142.523          1448
      142.557          1448
      142.566          1448
      142.574          1448
      142.583          1448
      142.633          1448
      142.642          1448
       142.65          1448
      142.658          1448
      142.701          1448
      142.709          1448
      142.717          1448
      142.726          1448
      142.768          1448
      142.776          1448
      142.785          1448
      142.793          1448
      142.818          1448
      142.844          1448
      142.852          1448
      142.861          1448
      142.886          1448
      142.911          1448
      142.919          1448
      142.928          1448
      142.953          1448
      142.978          1448
      142.987          1448
      142.995          1448
      143.023          1448
      143.045          1448
      143.066          1448
      143.088          1448
       143.11          1448
      143.132          1448
      143.153          1448
      143.305          8688
      143.468          5792
      143.522          1448
      143.533          1448
      143.555          1448
      143.587          1448
      143.598          1448
      143.641          1448
      143.646           542
        143.7          1448
      143.711          1448
      143.721          1448
      143.732          1448
      143.776          1448
      143.787          1448
      143.808          1448
       143.83          1448
      143.852          1448
      143.874          1448
      143.895          1448
      143.917          1448
      143.939          1448
       143.96          1448
      143.982          1448
      144.004          1448
      144.055          1448
      144.455          4344
      144.622          1448
      144.705          5792
      144.745          1448
      144.866          1448
      144.906          1448
      145.026          1448
      145.047          1448
      145.109          1448
       145.13          1448
      145.151          1448
      145.214          1448
      145.256          1448
      145.297          1448
      145.339          1448
      145.381          1448
      145.423          1448
      145.465          1448
      145.506          1448
      145.548          1448
       145.59          1448
      145.632          1448
      145.674          1448
      145.715          1448
      145.757          1448
      145.799          1448
      145.841          1448
      145.883          1448
      145.924          1448
      145.945          1448
      145.987          1448
      146.088          1448
      146.128          1448
      146.521          4344
      146.842          5792
      147.002          1448
      147.042          1448
      147.058          1448
      147.093          1448
      147.101          1448
      147.118          1448
      147.145          1448
      147.153          1448
      147.177          1448
      147.185          1448
      147.204          1448
      147.212          1448
      147.237          1448
      147.245          1448
      147.264          1448
      147.272          1448
      147.296          1448
      147.304          1448
      147.323          1448
      147.331          1448
      147.364          1448
      147.372          1448
      147.383          1448
      147.391          1448
      147.431          1448
       147.44          1448
      147.448          1448
      147.456          1448
      147.496          1448
      147.505          1448
      147.513          1448
      147.521          1448
      147.561          1448
       147.57          1448
      147.578          1448
      147.586          1448
      147.626          1448
      147.635          1448
      147.643          1448
      147.651          1448
        147.7          1448
      147.708          1448
      147.716          1448
      147.724          1448
      147.765          1448
      147.773          1448
      147.781          1448
      147.789          1448
       147.83          1448
      147.838          1448
      147.846          1448
      147.854          1448
      147.895          1448
      147.903          1448
      147.911          1448
      147.919          1448
      147.954          1448
      147.962          1448
       147.97          1448
      147.978          1448
      148.047          1448
      148.065          1448
      148.101          1448
      148.137          1448
      148.173          1448
      148.209          1448
      148.244          1448
       148.28          1448
      148.316          1448
      148.352          1448
      148.388          1448
      148.406          1448
      148.424          1448
      148.442          1448
      148.478          1448
      148.496          1448
      148.514          1448
      148.532          1448
      148.568          1448
      148.586          1448
      148.604          1448
      148.622          1448
      148.658          1448
      148.676          1448
      148.693          1448
      148.711          1448
      148.747          1448
      148.765          1448
      148.783          1448
      148.801          1448
      148.855          1448
      148.891          1448
      148.909          1448
      148.963          1448
      148.999          1448
      149.057          1448
      149.137          1448
      149.217          1448
      149.618          5792
      149.868          5792
      149.951          1448
      149.991          1448
