     Time_Now Bytes Received 
      2.09319          1448
       2.1008          1448
      2.10842          1448
      2.11603          1448
      2.12364          1448
      2.13125          1448
      2.13887          1448
      2.14648          1448
      2.15409          1448
       2.1617          1448
      2.16932          1448
      2.17693          1448
      2.18454          1448
      2.19215          1448
      2.19977          1448
      2.38246         21720
      2.43575         10136
      2.46619         11584
       2.5526         15480
       2.5997          1448
      2.60351          1448
      2.61112          1448
      2.61873          1448
      2.62635          1448
      2.65679          1448
       2.6606          1448
      2.67202          1448
      2.67583          1448
      2.71008          1448
      2.71389          1448
       2.7215          1448
      2.72911          1448
      2.73672          1448
      2.76337          1448
      2.76717          1448
      2.77479          1448
       2.7824          1448
      2.79001          1448
      2.79762          1448
      2.82046          1448
      2.82427          1448
      2.83188          1448
      2.83949          1448
       2.8471          1448
      2.85471          1448
      2.86233          1448
      2.87755          1448
      2.88136          1448
      2.89278          1448
      2.89658          1448
        2.908          1448
      2.91181          1448
      2.93084          1448
      2.93464          1448
      2.94225          1448
      2.94606          1448
      2.95748          1448
      2.96129          1448
      2.96509          1448
      2.98412          1448
      2.98793          1448
      2.99554          1448
      2.99935          1448
      3.01077          1448
      3.01493          1448
      3.01911          1448
      3.03161          1448
      3.03995          1448
      3.04829          1448
      3.05663          1448
      3.06497          1448
      3.07331          1448
      3.08164          1448
      3.08921          1168
      3.13665          1448
      3.14082          1448
      3.14916          1448
       3.1575          1448
      3.16583          1448
      3.17417          1448
      3.18251          1448
      3.19085          1448
      3.19919          1448
      3.20753          1448
      3.21587          1448
      3.22416          1448
      3.22833          1448
       3.2325          1448
      3.23667          1448
      3.24084          1448
      3.24501          1448
      3.25496          1448
      3.25913          1448
       3.2758          1448
      3.28414          1448
      3.29248          1448
      3.30081          1448
      3.30915          1448
      3.31749          1448
      3.32583          1448
      3.33417          1448
      3.34251          1448
      3.35085          1448
      3.35919          1448
      3.36752          1448
      3.37586          1448
      3.46759         10136
      3.49837          8688
       3.5067          1448
      3.51921          1448
      3.52338          1448
      3.53747          1448
      3.54998          1448
      3.55415          1448
      3.56666          1448
      3.57083          1448
      3.58491          1448
      3.58908          1448
      3.60034          1000
      3.64902          1448
      3.65319          1448
       3.6657          1448
      3.66987          1448
      3.67404          1448
      3.67821          1448
      3.70063          1448
      3.70479          1448
       3.7173          1448
      3.72147          1448
      3.72564          1448
      3.72981          1448
      3.75223          1448
       3.7564          1448
      3.76474          1448
      3.77308          1448
      3.77725          1448
      3.78142          1448
      3.78559          1448
      3.80643          1448
       3.8106          1448
      3.82468          1448
      3.82885          1448
      3.83302          1448
      3.83719          1448
      3.85804          1448
      3.86221          1448
      3.87629          1448
      3.88046          1448
      3.88463          1448
       3.8888          1448
      3.90964          1448
      3.91381          1448
      3.92789          1448
      3.93206          1448
      3.93623          1448
       3.9404          1448
      3.96125          1448
      3.96542          1448
       3.9795          1448
      3.98367          1448
      3.98784          1448
        3.992          1448
      4.01235          1448
      4.01602          1448
       4.0296          1448
      4.03327          1448
      4.03694          1448
      4.04061          1448
      4.06296          1448
      4.06663          1448
      4.08021          1448
      4.08754          1448
      4.09121          1448
       4.0942          1168
      4.14114          1448
      4.14481          1448
      4.14848          1448
      4.15949          1448
      4.16682          1448
      4.17416          1448
       4.1815          1448
      4.18884          1448
      4.19251          1448
      4.19618          1448
      4.20718          1448
      4.21085          1448
      4.22186          1448
      4.22553          1448
      4.23653          1448
       4.2402          1448
      4.24387          1448
      4.24754          1448
      4.25855          1448
      4.26222          1448
      4.27323          1448
      4.27689          1448
       4.2879          1448
      4.29157          1448
      4.29524          1448
      4.29891          1448
      4.30992          1448
      4.31358          1448
      4.32459          1448
      4.32826          1448
      4.33927          1448
      4.34294          1448
      4.34661          1448
      4.35027          1448
      4.36128          1448
      4.36495          1448
      4.37596          1448
      4.37963          1448
      4.39063          1448
       4.3943          1448
      4.39797          1448
      4.40164          1448
      4.41265          1448
      4.41632          1448
      4.42732          1448
      4.43099          1448
        4.442          1448
      4.44567          1448
      4.44934          1448
      4.45301          1448
      4.46401          1448
      4.46768          1448
      4.47869          1448
      4.48236          1448
      4.49336          1448
      4.49594          1000
       4.5429          1448
      4.54657          1448
      4.55024          1448
      4.55391          1448
      4.56492          1448
      4.56859          1448
      4.57959          1448
      4.58326          1448
      4.59427          1448
      4.59794          1448
      4.60161          1448
      4.60528          1448
      4.61628          1448
      4.61995          1448
      4.63096          1448
      4.63463          1448
      4.64564          1448
      4.64931          1448
      4.65297          1448
      4.65664          1448
      4.66765          1448
      4.67132          1448
      4.68233          1448
        4.686          1448
        4.697          1448
      4.70067          1448
      4.70434          1448
      4.70801          1448
      4.71902          1448
      4.72269          1448
      4.73369          1448
      4.73736          1448
      4.74837          1448
      4.75204          1448
      4.75571          1448
      4.75938          1448
      4.77038          1448
      4.77405          1448
      4.78506          1448
      4.78873          1448
      4.79973          1448
       4.8034          1448
      4.80707          1448
      4.81074          1448
      4.82175          1448
      4.82542          1448
      4.83642          1448
      4.84009          1448
       4.8511          1448
      4.85477          1448
      4.85844          1448
      4.86211          1448
      4.87312          1448
      4.87678          1448
      4.88711          1168
      4.93473          1448
      4.93839          1448
       4.9494          1448
      4.95307          1448
      4.95674          1448
      4.96041          1448
      4.97142          1448
      4.97508          1448
      4.98609          1448
      4.98976          1448
      5.00077          1448
      5.00444          1448
      5.00811          1448
      5.01038          1448
      5.02063          1448
       5.0229          1448
       5.0353          1448
      5.03758          1448
      5.04998          1448
      5.05226          1448
      5.05593          1448
       5.0582          1448
      5.06845          1448
      5.07072          1448
      5.08312          1448
       5.0854          1448
       5.0978          1448
      5.10008          1448
      5.10374          1448
      5.10602          1448
      5.11627          1448
      5.11854          1448
      5.13094          1448
      5.13322          1448
      5.14562          1448
      5.14789          1448
      5.15156          1448
      5.15384          1448
      5.16408          1448
      5.16636          1448
      5.17876          1448
      5.18104          1448
      5.19344          1448
      5.19571          1448
      5.19938          1448
      5.20166          1448
       5.2119          1448
      5.21418          1448
      5.22658          1448
      5.22886          1448
      5.24125          1448
      5.24353          1448
       5.2472          1448
      5.24948          1448
      5.25972          1448
      5.26132          1000
      5.30689          1448
      5.30917          1448
      5.31372          1448
      5.31827          1448
      5.32055          1448
      5.32282          1448
      5.32965          1448
      5.33193          1448
      5.35471          1448
      5.35698          1448
      5.36381          1448
      5.36609          1448
      5.36837          1448
      5.37064          1448
      5.37747          1448
      5.37975          1448
      5.40253          1448
       5.4048          1448
      5.41163          1448
      5.41391          1448
      5.41618          1448
      5.41846          1448
      5.42529          1448
      5.42757          1448
      5.45035          1448
      5.45262          1448
      5.45945          1448
      5.46173          1448
        5.464          1448
      5.46628          1448
      5.47539          1448
      5.47766          1448
      5.49817          1448
      5.50044          1448
      5.50727          1448
      5.50955          1448
      5.51182          1448
       5.5141          1448
       5.5232          1448
      5.52548          1448
      5.54598          1448
      5.54826          1448
      5.55509          1448
      5.55736          1448
      5.55964          1448
      5.56192          1448
      5.57102          1448
       5.5733          1448
       5.5938          1448
      5.59608          1448
      5.60291          1448
      5.60518          1448
      5.60746          1448
      5.60974          1448
      5.61819          1168
      5.66374          1448
      5.66602          1448
      5.66829          1448
      5.67512          1448
      5.67968          1448
      5.68423          1448
       5.6865          1448
      5.68878          1448
      5.71156          1448
      5.71384          1448
      5.72067          1448
      5.72294          1448
      5.72977          1448
      5.73205          1448
      5.73432          1448
       5.7366          1448
      5.75938          1448
      5.76166          1448
      5.76849          1448
      5.77076          1448
      5.77759          1448
      5.77987          1448
      5.78214          1448
      5.78442          1448
       5.8072          1448
      5.80947          1448
       5.8163          1448
      5.81858          1448
      5.82541          1448
      5.82768          1448
      5.82996          1448
      5.83224          1448
      5.85502          1448
      5.85729          1448
      5.86412          1448
       5.8664          1448
      5.87323          1448
       5.8755          1448
      5.87778          1448
      5.88006          1448
      5.90284          1448
      5.90511          1448
      5.91194          1448
      5.91422          1448
      5.92105          1448
      5.92332          1448
       5.9256          1448
      5.92787          1448
      5.95066          1448
      5.95293          1448
      5.95976          1448
      5.96204          1448
      5.96887          1448
      5.97114          1448
      5.97342          1448
      5.97501          1000
      6.02011          1448
      6.02191          1448
      6.02371          1448
       6.0291          1448
       6.0309          1448
       6.0327          1448
       6.0345          1448
       6.0363          1448
      6.06697          1448
      6.06877          1448
      6.07417          1448
      6.07597          1448
      6.07777          1448
      6.07957          1448
      6.08137          1448
      6.08317          1448
      6.11384          1448
      6.11564          1448
      6.12103          1448
      6.12283          1448
      6.12463          1448
      6.12643          1448
      6.12823          1448
      6.13003          1448
       6.1607          1448
       6.1625          1448
       6.1679          1448
       6.1697          1448
       6.1715          1448
       6.1733          1448
      6.17509          1448
      6.17689          1448
      6.20757          1448
      6.20937          1448
      6.21476          1448
      6.21656          1448
      6.21836          1448
      6.22016          1448
      6.22196          1448
      6.22376          1448
      6.25443          1448
      6.25623          1448
      6.26163          1448
      6.26343          1448
      6.26523          1448
      6.26703          1448
      6.26882          1448
      6.27062          1448
       6.3013          1448
      6.30309          1448
      6.30849          1448
      6.31029          1448
      6.31209          1448
      6.31389          1448
      6.31535          1168
      6.36043          1448
      6.36222          1448
      6.36402          1448
      6.36942          1448
      6.37122          1448
      6.37662          1448
      6.37842          1448
      6.38021          1448
      6.40729          1448
      6.40909          1448
      6.41449          1448
      6.41629          1448
      6.42168          1448
      6.42348          1448
      6.42528          1448
      6.42708          1448
      6.45416          1448
      6.45595          1448
      6.46135          1448
      6.46315          1448
      6.46855          1448
      6.47035          1448
      6.47215          1448
      6.47394          1448
      6.50102          1448
      6.50282          1448
      6.50821          1448
      6.51002          1448
      6.51541          1448
      6.51721          1448
      6.51901          1448
      6.52081          1448
      6.54788          1448
      6.54968          1448
      6.55508          1448
      6.55688          1448
      6.56228          1448
      6.56407          1448
      6.56587          1448
      6.56767          1448
      6.59475          1448
      6.59655          1448
      6.60194          1448
      6.60374          1448
      6.60914          1448
      6.61094          1448
      6.61274          1448
      6.61454          1448
      6.64161          1448
      6.64341          1448
      6.64881          1448
      6.65061          1448
      6.65601          1448
       6.6578          1448
       6.6596          1448
      6.66087          1000
      6.70596          1448
      6.70776          1448
      6.70956          1448
      6.71136          1448
      6.71676          1448
      6.71855          1448
      6.72035          1448
      6.72215          1448
      6.75282          1448
      6.75462          1448
      6.75642          1448
      6.75822          1448
      6.76362          1448
      6.76542          1448
      6.76722          1448
      6.76902          1448
      6.79969          1448
      6.80149          1448
      6.80329          1448
      6.80509          1448
      6.81048          1448
      6.81228          1448
      6.81408          1448
      6.81588          1448
      6.81768          1448
      6.84655          1448
      6.84835          1448
      6.85015          1448
      6.85195          1448
      6.85735          1448
      6.85915          1448
      6.86095          1448
      6.86275          1448
      6.89162          1448
      6.89342          1448
      6.89522          1448
      6.89702          1448
      6.90421          1448
      6.90601          1448
      6.90781          1448
      6.90961          1448
      6.93668          1448
      6.93848          1448
      6.94028          1448
      6.94208          1448
      6.95108          1448
      6.95288          1448
      6.95468          1448
      6.95648          1448
      6.98175          1448
      6.98355          1448
      6.98535          1448
      6.98715          1448
      6.99794          1448
      6.99941          1168
      7.04429          1448
       7.0459          1448
      7.04751          1448
      7.04911          1448
      7.05072          1448
      7.05233          1448
      7.05394          1448
      7.05555          1448
      7.05716          1448
      7.09077          1448
      7.09238          1448
      7.09399          1448
       7.0956          1448
      7.09721          1448
      7.09881          1448
      7.10042          1448
      7.10203          1448
      7.13881          1448
      7.14042          1448
      7.14203          1448
      7.14364          1448
      7.14525          1448
      7.14685          1448
      7.14846          1448
      7.15007          1448
      7.18369          1448
      7.18529          1448
       7.1869          1448
      7.18851          1448
      7.19012          1448
      7.19173          1448
      7.19334          1448
      7.19495          1448
      7.19655          1448
      7.22856          1448
      7.23017          1448
      7.23178          1448
      7.23339          1448
      7.23499          1448
       7.2366          1448
      7.23821          1448
      7.23982          1448
      7.24143          1448
      7.24304          1448
      7.27504          1448
      7.27665          1448
      7.27826          1448
      7.27987          1448
      7.28148          1448
      7.28309          1448
       7.2847          1448
       7.2863          1448
      7.28791          1448
      7.28952          1448
      7.32153          1448
      7.32266          1000
      7.36756          1448
      7.36917          1448
      7.37078          1448
      7.37239          1448
      7.37399          1448
       7.3756          1448
      7.37721          1448
      7.37882          1448
      7.38043          1448
      7.38204          1448
      7.41404          1448
      7.41565          1448
      7.41726          1448
      7.41887          1448
      7.42048          1448
      7.42209          1448
       7.4237          1448
       7.4253          1448
      7.42691          1448
      7.42852          1448
      7.43013          1448
      7.46053          1448
      7.46214          1448
      7.46374          1448
      7.46535          1448
      7.46696          1448
      7.46857          1448
      7.47018          1448
      7.47179          1448
       7.4734          1448
        7.475          1448
       7.5054          1448
      7.50701          1448
      7.50862          1448
      7.51023          1448
      7.51184          1448
      7.51344          1448
      7.51505          1448
      7.51666          1448
      7.51827          1448
      7.51988          1448
      7.55028          1448
      7.55189          1448
      7.55349          1448
       7.5551          1448
      7.55671          1448
      7.55832          1448
      7.55993          1448
      7.56154          1448
      7.56315          1448
      7.56475          1448
      7.59515          1448
      7.59676          1448
      7.59837          1448
      7.59968          1168
      7.64456          1448
      7.64617          1448
      7.64778          1448
      7.64939          1448
      7.65099          1448
       7.6526          1448
      7.65421          1448
      7.65582          1448
      7.65743          1448
      7.65904          1448
      7.66065          1448
      7.66225          1448
      7.69104          1448
      7.69265          1448
      7.69426          1448
      7.69587          1448
      7.69748          1448
      7.69909          1448
      7.70069          1448
       7.7023          1448
      7.70391          1448
      7.70552          1448
      7.70713          1448
      7.70874          1448
      7.73753          1448
      7.73914          1448
      7.74074          1448
      7.74235          1448
      7.74396          1448
      7.74557          1448
      7.74718          1448
      7.74879          1448
       7.7504          1448
        7.752          1448
      7.75361          1448
      7.75522          1448
      7.78401          1448
      7.78562          1448
      7.78723          1448
      7.78884          1448
      7.79045          1448
      7.79205          1448
      7.79366          1448
      7.79527          1448
      7.79688          1448
      7.79849          1448
       7.8001          1448
      7.80171          1448
      7.80653          1448
      7.83049          1448
       7.8321          1448
      7.83371          1448
      7.83532          1448
      7.83693          1448
      7.83854          1448
      7.83967          1000
      7.88457          1448
      7.88618          1448
      7.88779          1448
       7.8894          1448
        7.891          1448
      7.89261          1448
      7.89422          1448
      7.89583          1448
      7.89744          1448
      7.90226          1448
      7.90548          1448
       7.9087          1448
      7.91191          1448
      7.93105          1448
      7.93266          1448
      7.93427          1448
      7.93588          1448
      7.93749          1448
       7.9391          1448
      7.94071          1448
      7.94231          1448
      7.94392          1448
      7.94875          1448
      7.95036          1448
      7.95518          1448
      7.95679          1448
      7.97593          1448
      7.97754          1448
      7.97914          1448
      7.98075          1448
      7.98236          1448
      7.98397          1448
      7.98558          1448
      7.98719          1448
       7.9888          1448
       7.9904          1448
      7.99523          1448
      7.99684          1448
      8.00166          1448
      8.00327          1448
      8.02212          1448
      8.02343          1448
      8.02533          1448
      8.02665          1448
      8.02855          1448
      8.02986          1448
      8.03177          1448
      8.03308          1448
      8.03499          1448
       8.0363          1448
      8.04155          1448
      8.04287          1448
      8.04785          1448
      8.04917          1448
      8.06754          1168
      8.11213          1448
      8.11344          1448
      8.11476          1448
      8.11607          1448
      8.11739          1448
       8.1187          1448
      8.12001          1448
      8.12133          1448
      8.12264          1448
      8.12395          1448
      8.12527          1448
      8.12658          1448
       8.1279          1448
      8.12921          1448
      8.13315          1448
      8.15802          1448
      8.15934          1448
      8.16065          1448
      8.16197          1448
      8.16328          1448
      8.16459          1448
      8.16591          1448
      8.16722          1448
      8.16853          1448
      8.16985          1448
      8.17116          1448
      8.17248          1448
      8.17379          1448
       8.1751          1448
      8.17642          1448
      8.20481          1448
      8.20612          1448
      8.20875          1448
      8.21138          1448
      8.21269          1448
      8.21401          1448
      8.21532          1448
      8.21663          1448
      8.21795          1448
      8.21926          1448
      8.22057          1448
      8.22189          1448
       8.2232          1448
      8.22452          1448
      8.22583          1448
      8.22714          1448
       8.2507          1448
      8.25202          1448
      8.25596          1448
      8.25727          1448
      8.25859          1448
       8.2599          1448
      8.26121          1448
      8.26253          1448
      8.26384          1448
      8.26476          1000
      8.30937          1448
      8.31068          1448
        8.312          1448
      8.31331          1448
      8.31463          1448
      8.31594          1448
      8.31725          1448
      8.31857          1448
      8.31988          1448
       8.3212          1448
      8.32251          1448
      8.32382          1448
      8.32514          1448
      8.32908          1448
      8.33171          1448
      8.33433          1448
      8.33696          1448
      8.35526          1448
      8.35658          1448
      8.35789          1448
      8.35921          1448
      8.36052          1448
      8.36183          1448
      8.36315          1448
      8.36446          1448
      8.36578          1448
      8.36709          1448
       8.3684          1448
      8.36972          1448
      8.37497          1448
       8.3776          1448
      8.38023          1448
      8.38285          1448
      8.39993          1448
      8.40125          1448
      8.40256          1448
      8.40388          1448
      8.40519          1448
       8.4065          1448
      8.40782          1448
      8.40913          1448
      8.41044          1448
      8.41176          1448
      8.41307          1448
      8.41439          1448
       8.4157          1448
      8.42087          1448
      8.42218          1448
      8.42612          1448
      8.42743          1448
      8.44583          1448
      8.44714          1448
      8.44846          1448
      8.44977          1448
      8.45084          1168
      8.49543          1448
      8.49674          1448
      8.49805          1448
      8.49937          1448
      8.50068          1448
        8.502          1448
      8.50331          1448
      8.50462          1448
      8.50594          1448
      8.50725          1448
      8.50856          1448
      8.50988          1448
      8.51382          1448
      8.51513          1448
      8.51908          1448
      8.52039          1448
      8.52433          1448
      8.52696          1448
      8.52959          1448
      8.54272          1448
      8.54404          1448
      8.54666          1448
      8.54929          1448
      8.55061          1448
      8.55192          1448
      8.55323          1448
      8.55455          1448
      8.55586          1448
      8.55718          1448
      8.56112          1448
      8.56243          1448
      8.56637          1448
      8.56769          1448
      8.57163          1448
      8.57294          1448
      8.57688          1448
      8.57951          1448
      8.58214          1448
      8.58871          1448
      8.59002          1448
      8.59265          1448
      8.59528          1448
       8.5979          1448
      8.60053          1448
      8.60184          1448
      8.60316          1448
       8.6071          1448
      8.60841          1448
      8.61235          1448
      8.61367          1448
      8.61761          1448
      8.62024          1448
      8.62286          1448
      8.62549          1448
      8.62812          1448
      8.63035          1000
      8.67496          1448
      8.67628          1448
      8.67759          1448
      8.67891          1448
      8.68022          1448
      8.68153          1448
      8.68285          1448
      8.68416          1448
      8.68548          1448
      8.68679          1448
      8.69073          1448
      8.69336          1448
      8.69599          1448
      8.69861          1448
      8.70124          1448
      8.70387          1448
       8.7065          1448
      8.70912          1448
      8.71175          1448
      8.71438          1448
      8.71701          1448
      8.72226          1448
      8.72358          1448
       8.7262          1448
      8.72883          1448
      8.73146          1448
      8.73409          1448
      8.73671          1448
      8.73934          1448
      8.74197          1448
       8.7446          1448
      8.74722          1448
      8.74985          1448
      8.75248          1448
      8.75511          1448
      8.75773          1448
      8.76036          1448
      8.76299          1448
      8.76562          1448
      8.76824          1448
      8.77087          1448
       8.7735          1448
      8.77613          1448
      8.77876          1448
      8.78138          1448
      8.78401          1448
      8.78664          1448
      8.78927          1448
      8.79189          1448
      8.79452          1448
      8.79715          1448
      8.79978          1448
       8.8024          1448
      8.80503          1448
      8.80741          1168
      38.8516          1448
      38.8526          1448
      38.8535          1448
      38.8545          1448
      38.8554          1448
      38.8564          1448
      38.8574          1448
      38.8583          1448
      38.8593          1448
      38.8602          1448
      38.8612          1448
      38.8621          1448
      38.8631          1448
       38.864          1448
       38.865          1448
      38.8659          1448
      38.8669          1448
      38.8678          1448
      38.8688          1448
      38.8697          1448
      38.8707          1448
      38.8716          1448
      38.8726          1448
      38.8968          1448
      38.8978          1448
      38.8987          1448
      38.8997          1448
      38.9006          1448
      38.9016          1448
      38.9025          1448
      38.9035          1448
      38.9044          1448
      38.9054          1448
      38.9063          1448
      38.9073          1448
      38.9082          1448
      38.9092          1448
      38.9101          1448
      38.9111          1448
       38.912          1448
       38.913          1448
       38.914          1448
      38.9149          1448
      38.9159          1448
      38.9168          1448
      38.9178          1448
      38.9187          1448
      38.9197          1448
      38.9206          1448
      38.9216          1448
      38.9225          1448
      38.9235          1448
      38.9244          1448
      38.9254          1448
      38.9263          1448
      38.9273          1448
       38.941          1448
       38.942          1448
      38.9429          1448
      38.9439          1448
      38.9448          1448
      38.9458          1448
      38.9467          1448
      38.9477          1448
      38.9486          1448
      38.9496          1448
      38.9506          1448
      38.9515          1448
      38.9525          1448
      38.9534          1448
      38.9544          1448
      38.9553          1448
      38.9563          1448
      38.9572          1448
      38.9582          1448
      38.9591          1448
      38.9601          1448
       38.961          1448
       38.962          1448
      38.9629          1448
      38.9639          1448
      38.9648          1448
      38.9658          1448
      38.9667          1448
      38.9677          1448
      38.9686          1448
      38.9696          1448
      38.9706          1448
      38.9715          1448
      38.9725          1448
      38.9734          1448
      38.9744          1448
      38.9753          1448
      38.9763          1448
      38.9772          1448
      38.9782          1448
      38.9791          1448
      38.9801          1448
       38.981          1448
       38.982          1448
      38.9829          1448
      38.9839          1448
      38.9848          1448
      38.9858          1448
      38.9867          1448
      38.9877          1448
      38.9886          1448
      38.9896          1448
      38.9905          1448
      38.9915          1448
      38.9925          1448
      38.9934          1448
      38.9944          1448
      38.9953          1448
      38.9963          1448
      38.9972          1448
      38.9982          1448
      38.9991          1448
      39.0001          1448
       39.001          1448
       39.002          1448
      39.0029          1448
      39.0039          1448
      39.0048          1448
      39.0058          1448
      39.0067          1448
      39.0077          1448
      39.0085          1448
      39.0093          1448
        39.01          1448
      39.0108          1448
      39.0116          1448
      39.0124          1448
      39.0132          1448
      39.0135           524
      42.0759          1448
      42.0827          1448
      42.0964          1448
        42.11          1448
      42.1237          1448
      42.1373          1448
       42.151          1448
      42.1646          1448
      43.0928         13032
      43.1336          5792
      43.1472          8688
      43.1744          5792
       43.188          5792
      43.2016          5792
      43.2152          5792
      44.1371          5792
      44.1817          8688
      44.1827         10136
      44.1837          8688
      44.1847          4344
      44.1857          7240
       44.227          4344
       44.228          4344
       44.229         10136
        44.23          4344
       44.231         10136
       44.232          4344
       44.233          5792
       44.234          2896
       44.235          4344
       44.236          2896
       44.237          2896
       44.238         11584
       44.239          5792
        44.24          2896
       44.241          5792
       44.242         11584
       44.243         13032
       44.244          2896
       44.245          5792
       44.246          2896
       44.247         30858
      44.2913          1448
      44.2923          1448
      44.2933          1448
      44.2943          1448
      44.2953          1448
      44.2963          1448
      44.2973          1448
      44.2983          1448
      44.3013          1448
      44.3033          1448
      44.3053          1448
      44.3073          1448
      44.3093          1448
      44.3113          1448
      44.3133          1448
      44.3153          1448
      44.3173          1448
      44.3193          1448
      44.3213          1448
      44.3233          1448
      44.3253          1448
      44.3273          1448
      44.3293          1448
      44.3313          1448
      44.3333          1448
      44.3353          1448
      44.3373          1448
      44.3383          1448
      44.3393          1448
      44.3403          1448
      44.3413          1448
      44.3423          1448
      44.3433          1448
      44.3443          1448
      44.3473          1448
      44.3493          1448
      44.3513          1448
      44.3533          1448
      44.3553          1448
      44.3573          1448
      44.3593          1448
      44.3612          1448
      44.3632          1448
      44.3652          1448
      44.3672          1448
      44.3692          1448
      44.3712          1448
      44.3732          1448
      44.3752          1448
      44.3772          1448
      44.3792          1448
      44.3812          1448
      44.3832          1448
      44.3852          1448
      44.3862          1448
      44.3872          1448
      44.3882          1448
      44.3892          1448
      44.3902          1448
      44.3932          1448
      44.3952          1448
      44.3972          1448
      44.3992          1448
      44.4012          1448
      44.4032          1448
      45.4458        112887
      45.4905          1448
      45.7351          1448
      45.7364          1448
       45.781          1448
      45.7823          1448
      45.7837          1448
       45.785          1448
      45.8269          1448
      45.8283          1448
      45.8296          1448
      45.8309          1448
      45.8323          1448
      45.8336          1448
      45.8349          1448
      45.8363          1448
      45.8729          1448
      45.8742          1448
      45.8755          1448
      45.8769          1448
      45.8782          1448
      45.8795          1448
      45.8809          1448
      45.8822          1448
      45.8835          1448
      45.8848          1448
      45.8862          1448
      45.8875          1448
      45.8888          1448
      45.8902          1448
      45.8915          1448
      45.8928          1448
      45.9188          1448
      45.9201          1448
      45.9215          1448
      45.9228          1448
      45.9241          1448
      45.9255          1448
      45.9268          1448
      45.9281          1448
      45.9294          1448
      45.9308          1448
      45.9321          1448
      45.9334          1448
      45.9348          1448
      45.9361          1448
      45.9374          1448
      45.9388          1448
      45.9401          1448
      45.9414          1448
      45.9428          1448
      45.9441          1448
      45.9454          1448
      45.9468          1448
      45.9481          1448
      45.9494          1448
      45.9508          1448
      45.9521          1448
      45.9534          1448
      45.9548          1448
      45.9561          1448
      45.9574          1448
      45.9588          1448
      45.9601          1448
      45.9647          1448
      45.9661          1448
      45.9674          1448
      45.9687          1448
      45.9701          1448
      45.9714          1448
      45.9727          1448
       45.974          1448
      45.9754          1448
      45.9767          1448
       45.978          1448
      45.9794          1448
      45.9807          1448
       45.982          1448
      45.9834          1448
      45.9847          1448
       45.986          1448
      45.9874          1448
      45.9887          1448
        45.99          1448
      45.9914          1448
      45.9927          1448
       45.994          1448
      45.9954          1448
      45.9967          1448
       45.998          1448
      45.9994          1448
      46.0007          1448
       46.002          1448
      46.0034          1448
      46.0047          1448
       46.006          1448
      46.0074          1448
      46.0081          1448
      46.0101          1448
      46.0109          1448
      46.0128          1448
      46.0135          1448
      46.0154          1448
      46.0162          1448
      46.0181          1448
      46.0189          1448
      46.0208          1448
      46.0215          1448
      46.0234          1448
      46.0242          1448
      46.0261          1448
      46.0269          1448
      46.0288          1448
      46.0295          1448
      46.0314          1448
      46.0322          1448
       46.033          1448
      46.0341          1448
      46.0349          1448
      46.0367          1448
      46.0375          1448
      46.0394          1448
      46.0402          1448
      46.0421          1448
      46.0429          1448
      46.0447          1448
      46.0455          1448
      46.0474          1448
      46.0482          1448
      46.0501          1448
      46.0508          1448
      46.0522          1448
       46.053          1448
      46.0549          1448
      46.0557          1448
      46.0576          1448
      46.0584          1448
      46.0591          1448
      46.0603          1448
       46.061          1448
      46.0629          1448
      46.0637          1448
      46.0656          1448
      46.0664          1448
      46.0682          1448
       46.069          1448
      46.0709          1448
      46.0717          1448
      46.0736          1448
      46.0744          1448
      46.0762          1448
      46.0765           511
      49.1215          1448
      49.1241          1448
      49.1268          1448
      49.1294          1448
       49.132          1448
      49.1347          1448
      49.1373          1448
        49.14          1448
      49.1426          1448
      49.1453          1448
      49.1479          1448
      49.1506          1448
      49.1532          1448
      49.1559          1448
      49.1585          1448
      49.1611          1448
      49.1638          1448
      49.1664          1448
      49.1691          1448
      49.1717          1448
      49.1744          1448
       49.177          1448
      49.1797          1448
      49.1823          1448
       49.185          1448
      49.1876          1448
      49.1902          1448
      49.1929          1448
      49.1955          1448
      49.1982          1448
      49.2008          1448
      49.2035          1448
      49.2061          1448
      49.2088          1448
      49.2114          1448
      49.2141          1448
      49.2167          1448
      49.2193          1448
       49.222          1448
      49.2246          1448
      49.2273          1448
      49.3463         56472
      49.4045         27512
      49.4469         37648
      49.4892         30408
      49.4932          1448
      49.4945          1448
      49.4958          1448
      49.4971          1448
      49.5011          1448
      49.5024          1448
      49.5037          1448
      49.5042           508
      52.5485          1448
      52.5496          1448
      52.5506          1448
      52.5516          1448
      52.5526          1448
      52.5537          1448
      52.5547          1448
      52.5557          1448
      52.5567          1448
      52.5578          1448
      52.5588          1448
      52.5598          1448
      52.5608          1448
      52.5619          1448
      52.5629          1448
      52.5639          1448
      52.5649          1448
       52.566          1448
       52.567          1448
       52.568          1448
      52.5939          1448
      52.5949          1448
      52.5959          1448
      52.5979          1448
         52.6          1448
       52.602          1448
      52.6041          1448
      52.6061          1448
      52.6082          1448
      52.6102          1448
      52.6123          1448
      52.6143          1448
      52.6164          1448
      52.6184          1448
      52.6205          1448
      52.6225          1448
      52.6246          1448
      52.6266          1448
      52.6287          1448
      52.6297          1448
      52.6307          1448
      52.6318          1448
      52.6328          1448
      52.6338          1448
      52.6392          1448
      52.6402          1448
      52.6422          1448
      52.6433          1448
      52.6474          1448
      52.6484          1448
      52.6515          1448
      52.6525          1448
      52.6556          1448
      52.6566          1448
      52.6597          1448
      52.6607          1448
      52.6638          1448
      52.6648          1448
      52.6679          1448
      52.6689          1448
       52.672          1448
       52.673          1448
       52.675          1448
      52.6771          1448
      52.6791          1448
      52.6802          1448
      52.6812          1448
      52.6822          1448
      52.6845          1448
      52.6855          1448
      52.6876          1448
      52.6886          1448
      52.6927          1448
      52.6937          1448
      52.6968          1448
      52.6978          1448
      52.7009          1448
      52.7019          1448
       52.705          1448
       52.706          1448
      52.7091          1448
      52.7101          1448
      52.7132          1448
      52.7142          1448
      52.7173          1448
      52.7183          1448
      52.7214          1448
      52.7224          1448
      52.7255          1448
      52.7265          1448
      52.7275          1448
      52.7285          1448
      52.7298          1448
      52.7308          1448
      52.7329          1448
      52.7339          1448
       52.738          1448
       52.739          1448
      52.7421          1448
      52.7431          1448
      52.7462          1448
      52.7472          1448
      52.7503          1448
      52.7513          1448
      52.7544          1448
      52.7554          1448
      52.7585          1448
      52.7595          1448
      52.7626          1448
      52.7636          1448
      52.7667          1448
      52.7677          1448
      52.7708          1448
      52.7718          1448
      52.7728          1448
      52.7739          1448
      52.7751          1448
      52.7761          1448
      52.7782          1448
      52.7792          1448
      52.7833          1448
      52.7843          1448
      52.7874          1448
      52.7884          1448
      52.7915          1448
      52.7925          1448
      52.7956          1448
      52.7966          1448
      52.7997          1448
      52.8007          1448
      52.8038          1448
      52.8048          1448
      52.8079          1448
      52.8089          1448
       52.812          1448
       52.813          1448
      52.8161          1448
      52.8171          1448
      52.8182          1448
      52.8192          1448
      52.8204          1448
      52.8215          1448
      52.8235          1448
      52.8245          1448
      52.8286          1448
      52.8297          1448
      52.8327          1448
      52.8338          1448
      52.8368          1448
      52.8378          1448
      52.8409          1448
      52.8419          1448
       52.845          1448
       52.846          1448
      52.8491          1448
      52.8501          1448
      52.8532          1448
      52.8542          1448
      52.8573          1448
      52.8583          1448
      52.8614          1448
      52.8617           372
      55.9176          1448
      55.9303          1448
       55.943          1448
      55.9556          1448
      55.9683          1448
       55.981          1448
      55.9936          1448
      56.0063          1448
      56.0189          1448
      56.0337          1448
      56.4032         11584
      56.4476          7240
      56.4623          5792
      56.4919          7240
      56.5215          5792
       56.551          4344
      56.6249          4344
      57.6947          5792
      57.7695          7240
       57.782         10136
      57.8069          2896
      57.8319          1448
      57.8568          4344
      58.9799          2896
      59.0677          2896
      59.0826          5792
      59.1124         26064
      59.1423          1448
      59.1721          1448
      59.2019          1448
      59.2317          1448
      59.2615          1448
      59.4851          4344
      59.5001          4344
      59.5448          4344
      60.5527         66128
      60.6052          1448
      60.8614          1448
      60.8799          1448
      60.9417          1448
      60.9509          1448
      60.9786          1448
      61.0064          1448
      61.0156          1448
      61.0573          1448
      61.0649          1448
      61.1082          1448
      61.1158          1448
      61.1591          1448
      61.1667          1448
        61.21          1448
      61.2176          1448
      61.2252          1448
      61.2634          1448
       61.271          1448
      61.2786          1448
      61.2862          1448
      61.3244          1448
       61.332          1448
      61.3397          1448
      61.3473          1448
      61.3854          1448
      61.3931          1448
      61.4007          1448
      61.4083          1448
      61.4465          1448
      61.4541          1448
      61.4617          1448
      61.4693          1448
      61.5075          1448
      61.5151          1448
      61.5228          1448
      61.5304          1448
      61.5533          1448
      61.5762          1448
      61.5838          1448
      61.5914          1448
      61.6143          1448
      61.6372          1448
      61.6448          1448
      61.6525          1448
      61.6753          1448
      61.6982          1448
      61.7059          1448
      61.7135          1448
      61.7364          1448
      61.7593          1448
      61.7669          1448
      61.7745          1448
      61.7974          1448
      61.8203          1448
      61.8279          1448
      61.8356          1448
      61.8584          1448
      61.8737          1448
       61.889          1448
      61.8966          1448
      61.9195          1448
      61.9347          1448
        61.95          1448
      61.9576          1448
      61.9805          1448
      62.1219         11584
      62.1682          1448
      62.1774          1448
      62.1866          1448
      62.2329          1448
      62.2421          1448
      62.2883          1448
      62.2976          1448
      62.3438          1448
       62.353          1448
      62.3623          1448
      62.4085          1448
      62.4177          1448
       62.427          1448
      62.4547          1448
      62.4824          1448
      62.4917          1448
      62.5194          1448
      62.5286          1448
      62.5564          1448
      62.5656          1448
      62.5933          1448
      62.6026          1448
      62.6211          1448
      62.6396          1448
       62.658          1448
      62.6765          1448
       62.695          1448
      62.7135          1448
       62.732          1448
      62.7505          1448
       62.769          1448
      62.7874          1448
      62.8059          1448
      62.8244          1448
      62.8429          1448
      62.8614          1448
      62.8799          1448
      62.8984          1448
      62.9168          1448
      62.9353          1448
      62.9538          1448
      62.9723          1448
      62.9908          1448
      63.0093          1448
      63.0336          1448
      63.2043          8688
      63.3761          5792
       63.437          1448
      63.4492          1448
      63.4614          1448
      63.5223          1448
      63.5345          1448
      63.5955          1448
      63.6077          1448
      63.6198          1448
      63.6686          1448
      63.6808          1448
      63.7051          1448
      63.7295          1448
      63.7539          1448
      63.7783          1448
      63.8026          1448
       63.827          1448
      63.8514          1448
      63.8758          1448
      63.8918           424
      63.9678          1448
        63.98          1448
      64.0165          1448
      64.0481          1448
      64.2695         10136
      64.3169          1448
      64.3485          1448
      64.3644          1448
      64.4118          1448
      64.4276          1448
      64.4908          1448
      64.5066          1448
      64.5541          1448
      64.5699          1448
      64.6173          1448
      64.6331          1448
      64.6489          1448
      64.6964          1448
       64.728          1448
      64.7596          1448
      64.7912          1448
      64.8229          1448
      64.8545          1448
      64.8861          1448
      64.9177          1448
      64.9493          1448
       64.981          1448
      65.0126          1448
      65.0439          1448
      65.0752          1448
      65.1066          1448
      65.1379          1448
      65.1692          1448
      65.2006          1448
      65.2319          1448
      65.2632          1448
      65.2946          1448
      65.3259          1448
      65.3572          1448
      65.3886          1448
      65.4042          1448
      65.4356          1448
      65.4826          1448
      65.4982          1448
      65.5139          1448
      65.5609          1448
      65.5766          1448
      65.5922          1448
      65.6392          1448
      65.6549          1448
      65.6706          1448
      65.7176          1448
      65.7489          1448
      65.7802          1448
      65.8116          1448
      65.8429          1448
      65.8742          1448
      65.9056          1448
      65.9369          1448
      65.9682          1448
      65.9996          1448
       66.027          1448
      66.0506          1448
      66.0742          1448
      66.0978          1448
      66.1213          1448
      66.1449          1448
      66.1685          1448
      66.1921          1448
      66.2157          1448
      66.2393          1448
      66.2629          1448
      66.2746          1448
      66.2982          1448
        66.31          1448
      66.3454          1448
      66.3572          1448
       66.369          1448
      66.3808          1448
      66.4161          1448
      66.4279          1448
      66.4397          1448
      66.4515          1448
      66.4869          1448
      66.4987          1448
      66.5105          1448
      66.5223          1448
      66.5694          1448
      66.5812          1448
       66.593          1448
      66.6284          1448
       66.652          1448
      66.6756          1448
      66.6992          1448
      66.7227          1448
      66.7463          1448
      66.7699          1448
      66.7935          1448
      66.8171          1448
      66.8407          1448
      66.8642          1448
      66.8878          1448
      66.9114          1448
       66.935          1448
      66.9586          1448
      66.9822          1448
      67.0057          1448
      67.0292          1448
      67.0524          1448
      67.0756          1448
      67.0989          1448
      67.1221          1448
      67.1454          1448
      67.1686          1448
      67.1802          1448
      67.2035          1448
      67.2151          1448
        67.25          1448
      67.2616          1448
      67.2732          1448
      67.2848          1448
      67.3197          1448
      67.3313          1448
      67.3429          1448
      67.3545          1448
      67.3894          1448
       67.401          1448
      67.4126          1448
      67.4243          1448
      67.4591          1448
      67.4824          1448
       67.494          1448
      67.5289          1448
      67.5521          1448
      67.5753          1448
       67.738         10136
      67.7845          1448
       67.804           968
      67.8621          1448
      67.8738          1448
      67.9086          1448
      67.9435          1448
      67.9551          1448
      67.9984          1448
        68.01          1448
        68.02          1448
      68.0625          1448
      68.0725          1448
      68.0924          1448
      68.1124          1448
      68.1422          1448
      68.1522          1448
      68.1821          1448
      68.1921          1448
       68.222          1448
      68.2319          1448
      68.2618          1448
      68.2718          1448
      68.3017          1448
      68.3116          1448
      68.3415          1448
      68.3515          1448
      68.3714          1448
      68.3913          1448
      68.4113          1448
      68.4312          1448
      68.4511          1448
       68.471          1448
       68.491          1448
      68.5109          1448
      68.5308          1448
      68.5507          1448
      68.5707          1448
      68.5906          1448
      68.6105          1448
      68.6305          1448
      68.6504          1448
      68.6703          1448
      68.6902          1448
      68.7102          1448
      68.7301          1448
        68.75          1448
      68.7699          1448
      68.7899          1448
      68.8098          1448
      68.8297          1448
      68.8497          1448
      68.8696          1448
      68.8895          1448
      68.9094          1448
      68.9294          1448
      68.9493          1448
      68.9692          1448
      68.9891          1448
      69.0091          1448
       69.028          1448
      69.0469          1448
      69.0658          1448
      69.0848          1448
      69.1037          1448
      69.1226          1448
      69.1415          1448
      69.1605          1448
      69.1794          1448
      69.1983          1448
      69.2172          1448
      69.2361          1448
      69.2551          1448
       69.274          1448
      69.2929          1448
      69.3118          1448
      69.3308          1448
      69.3497          1448
      69.3686          1448
      69.3875          1448
      69.4065          1448
      69.4254          1448
      69.4443          1448
      69.4632          1448
      69.4821          1448
      69.5011          1448
        69.52          1448
      69.5389          1448
      69.5578          1448
      69.5768          1448
      69.5957          1448
      69.6146          1448
      69.6335          1448
      69.6524          1448
      69.6714          1448
      69.6903          1448
      69.7092          1448
      69.7281          1448
      69.7471          1448
       69.766          1448
      69.7849          1448
      69.8038          1448
      69.8228          1448
      69.8417          1448
      69.8606          1448
      69.8795          1448
      69.8984          1448
      69.9174          1448
      69.9363          1448
      69.9552          1448
      69.9741          1448
      69.9931          1448
       70.012          1448
      70.0293          1448
      70.0467          1448
      70.0641          1448
      70.0814          1448
      70.0988          1448
      70.1162          1448
      70.1335          1448
      70.1509          1448
      70.1683          1448
      70.1856          1448
       70.203          1448
      70.2204          1448
      70.2377          1448
      70.2551          1448
      70.2724          1448
      70.2898          1448
      70.3072          1448
      70.3245          1448
      70.3419          1448
      70.3593          1448
      70.3766          1448
       70.394          1448
      70.4114          1448
      70.4287          1448
      70.4461          1448
      70.4634          1448
      70.4808          1448
      70.4982          1448
      70.5155          1448
      70.5329          1448
      70.5503          1448
      70.5676          1448
       70.585          1448
      70.6024          1448
      70.6197          1448
      70.6371          1448
      70.6545          1448
      70.6659           424
      70.7179          1448
      70.7266          1448
      70.7352          1448
      70.7439          1448
        70.77          1448
      70.7873          1448
       70.796          1448
      70.8047          1448
      70.8134          1448
      70.8481          1448
      70.8568          1448
      70.8655          1448
      70.8742          1448
      70.9089          1448
      70.9176          1448
      70.9349          1448
      70.9436          1448
      70.9697          1448
      70.9783          1448
      71.0044          1448
      71.0131          1448
      71.0523          1448
      71.0785          1448
      71.1047          1448
      71.1309          1448
      71.3141          7240
      71.4359          5792
      71.4923          1448
      71.5054          1448
      71.5316          1448
      71.5617          1448
      71.5748          1448
       71.601          1448
      71.6272          1448
      71.6403          1448
      71.6795          1448
      71.6926          1448
      71.7057          1448
      71.7188          1448
      71.7581          1448
      71.7712          1448
      71.7843          1448
      71.7973          1448
      71.8497          1448
      71.8628          1448
      71.8759          1448
      71.9151          1448
      71.9413          1448
      71.9675          1448
      71.9937          1448
      72.0199          1448
      72.1764         10136
      72.2211          1448
      72.2322          1448
      72.2434          1448
      72.2993          1448
      72.3105          1448
      72.3664          1448
      72.3775          1448
      72.4334          1448
      72.4446          1448
      72.5005          1448
      72.5117          1448
      72.5676          1448
      72.5787          1448
      72.5899          1448
      72.6346          1448
      72.6458          1448
      72.6682          1448
      72.6905          1448
      72.7129          1448
      72.7352          1448
      72.7576          1448
      72.7799          1448
      72.8023          1448
      72.8247          1448
       72.847          1448
      72.8694          1448
      72.8917          1448
      72.9141          1448
      72.9364          1448
      72.9588          1448
      72.9811          1448
      73.0035          1448
      73.0264          1448
      73.0498          1448
      73.0732          1448
      73.0966          1448
        73.12          1448
      73.1434          1448
      73.1668          1448
      73.1902          1448
      73.2136          1448
       73.237          1448
      73.2604          1448
      73.2838          1448
      73.3072          1448
      73.3306          1448
       73.354          1448
      73.3774          1448
      73.4008          1448
      73.4242          1448
      73.4476          1448
       73.471          1448
      73.4944          1448
      73.5178          1448
      73.5412          1448
      73.5646          1448
       73.588          1448
      73.6114          1448
      73.6348          1448
      73.6582          1448
      73.6816          1448
       73.705          1448
      73.7284          1448
      73.7518          1448
      73.7752          1448
      73.7986          1448
       73.822          1448
      73.8454          1448
      73.8688          1448
      73.8922          1448
      73.9156          1448
       73.939          1448
      73.9624          1448
      73.9858          1448
      74.0092          1448
      74.0297          1448
      74.0501          1448
      74.0604          1448
      74.0911          1448
      74.1013          1448
       74.132          1448
      74.1422          1448
      74.1729          1448
      74.1832          1448
      74.2106           968
      74.2776          1448
      74.2879          1448
      74.3186          1448
      74.3288          1448
      74.3595          1448
      74.3697          1448
      74.4004          1448
      74.4107          1448
      74.4414          1448
      74.4516          1448
      74.4823          1448
      74.4926          1448
      74.5233          1448
      74.5437          1448
      74.5642          1448
      74.5847          1448
      74.6154          1448
      74.6256          1448
      74.6563          1448
      74.6666          1448
      74.6973          1448
      74.7075          1448
      74.7382          1448
      74.7484          1448
      74.7791          1448
      74.7894          1448
      74.8201          1448
      74.8303          1448
       74.861          1448
      74.8713          1448
       74.902          1448
      74.9122          1448
      74.9429          1448
      74.9531          1448
      74.9838          1448
      74.9941          1448
      75.0236          1448
      75.0326          1448
      75.0596          1448
      75.0686          1448
      75.0956          1448
      75.1046          1448
      75.1208          1448
      75.1298          1448
      75.1658          1448
      75.1748          1448
      75.1838          1448
      75.1928          1448
      75.2271          1448
      75.2361          1448
      75.2451          1448
      75.2541          1448
      75.2811          1448
      75.2901          1448
      75.2991          1448
      75.3081          1448
      75.3171          1448
      75.3531          1448
      75.3621          1448
      75.3711          1448
      75.3801          1448
      75.4161          1448
      75.4251          1448
      75.4431          1448
      75.4521          1448
      75.4791          1448
      75.4881          1448
      75.5151          1448
      75.5241          1448
      75.5511          1448
      75.5691          1448
      75.5871          1448
      75.6051          1448
      75.6231          1448
      75.6411          1448
      75.6591          1448
      75.6771          1448
      75.6951          1448
      75.7131          1448
      75.8571         11584
      75.9022          1448
      75.9202          1448
      75.9292          1448
      75.9832          1448
      75.9922          1448
      76.0486          1448
      76.0583          1448
      76.0775          1448
       76.116          1448
      76.1256          1448
      76.1448          1448
      76.1641          1448
      76.1929          1448
      76.2026          1448
      76.2314          1448
      76.2411          1448
      76.2699          1448
      76.2795          1448
      76.3084          1448
       76.318          1448
      76.3373          1448
      76.3565          1448
      76.3661          1448
      76.3757          1448
      76.3854          1448
      76.4238          1448
      76.4335          1448
      76.4431          1448
      76.4527          1448
      76.4816          1448
      76.4912          1448
      76.5008          1448
      76.5104          1448
      76.5393          1448
      76.5489          1448
      76.5585          1448
      76.5681          1448
      76.6066          1448
      76.6163          1448
      76.6259          1448
      76.6355          1448
       76.674          1448
      76.6836          1448
      76.7028          1448
      76.7125          1448
      76.7413          1448
      76.7509          1448
      76.7798          1448
      76.9337         11584
      76.9722          1448
      77.0011          1448
      77.0107          1448
      77.0564          1448
      77.0594           424
      77.1118          1448
      77.1209          1448
      77.1301          1448
       77.185          1448
      77.1942          1448
      77.2125          1448
      77.2491          1448
      77.2582          1448
      77.2765          1448
      77.2948          1448
      77.3223          1448
      77.3314          1448
      77.3589          1448
       77.368          1448
      77.3955          1448
      77.4046          1448
      77.4229          1448
      77.4412          1448
      77.4595          1448
      77.4779          1448
       77.487          1448
      77.4962          1448
      77.5053          1448
      77.5419          1448
      77.5511          1448
      77.5602          1448
      77.5694          1448
      77.5968          1448
       77.606          1448
      77.6151          1448
      77.6243          1448
      77.6517          1448
      77.6609          1448
        77.67          1448
      77.6792          1448
      77.7158          1448
      77.7249          1448
      77.7341          1448
      77.7432          1448
      77.7707          1448
       77.789          1448
      77.8073          1448
      77.8165          1448
      77.8439          1448
      77.8531          1448
      77.8805          1448
      78.0263         11584
      78.0615          1448
      78.0879          1448
      78.0967          1448
      78.1408          1448
      78.1496          1448
      78.1584          1448
      78.2024          1448
      78.2113          1448
      78.2201          1448
      78.2465          1448
      78.2729          1448
      78.2817          1448
      78.3082          1448
       78.317          1448
      78.3434          1448
      78.3522          1448
      78.3786          1448
      78.3874          1448
      78.4139          1448
      78.4227          1448
      78.4491          1448
      78.4579          1448
      78.4843          1448
      78.4932          1448
      78.5108          1448
      78.5284          1448
       78.546          1448
      78.5548          1448
      78.5636          1448
      78.5813          1448
      78.5901          1448
      78.6165          1448
      78.6253          1448
      78.6341          1448
      78.6429          1448
      78.6782          1448
       78.687          1448
      78.6958          1448
      78.7046          1448
      78.7398          1448
      78.7486          1448
      78.7662          1448
      78.7751          1448
      78.8015          1448
      78.8103          1448
      78.8367          1448
      78.8455          1448
       78.872          1448
      78.8808          1448
      78.9072          1448
       78.916          1448
      79.0634         11584
      79.1067          1448
      79.1151          1448
      79.1235          1448
      79.1668          1448
      79.1752          1448
      79.2185          1448
      79.2269          1448
      79.2702          1448
      79.2786          1448
       79.287          1448
      79.3291          1448
      79.3375          1448
       79.346          1448
      79.3544          1448
      79.4049          1448
      79.4133          1448
      79.4217          1448
       79.447          1448
      79.4807          1448
      79.4891          1448
      79.5144          1448
      79.5228          1448
      79.5396          1448
      79.5499          1448
      79.5583          1448
      79.5745          1448
      79.5829          1448
        79.61          1448
      79.6268          1448
      79.6437          1448
      79.6605          1448
      79.6774          1448
      79.6942          1448
       79.711          1448
      79.7279          1448
      79.7447          1448
      79.7616          1448
      79.7784          1448
      79.7952          1448
      79.8121          1448
      79.8289          1448
      79.8458          1448
      79.8542          1448
      79.8638          1448
      79.8722          1448
      79.8806          1448
      79.9059          1448
      79.9227          1448
      79.9311          1448
      79.9395          1448
       79.948          1448
      79.9564          1448
      79.9817          1448
      79.9901          1448
      79.9985          1448
      80.0069          1448
      80.0153          1448
      80.0324          1448
      80.0834          1448
      80.1004          1448
      80.1175          1448
      80.1685          1448
      80.3728          5792
      80.5429          4344
      80.7982          5792
      80.8833          1448
      80.9004          1448
      80.9344          1448
      80.9684          1448
      80.9855          1448
      81.0518          1448
      81.0918          1448
      81.1319          1448
       81.212          1448
       81.252          1448
      81.2921          1448
      81.3722          1448
      81.4122          1448
      81.4523          1448
      81.8929          5792
      82.1384          5792
      82.2429          1448
      82.2638          1448
      82.3056          1448
      82.3683          1448
      82.3892          1448
      82.4728          1448
      82.4937          1448
      82.5773          1448
      82.5982          1448
        82.64          1448
      82.6818          1448
      82.7027          1448
      82.7445          1448
      82.8071          1448
       82.828          1448
      82.8489          1448
      82.9116          1448
      82.9325          1448
      82.9534          1448
      83.0161          1448
      83.0962          1448
      83.1763          1448
      83.5769          5792
      83.8269          5792
       83.947          1448
      83.9871          1448
      84.0433          1448
      84.0514          1448
      84.0595          1448
      84.1027          1448
      84.1108          1448
      84.1541          1448
      84.1622          1448
      84.2054          1448
      84.2135          1448
      84.2216          1448
      84.2568          1448
      84.2649          1448
       84.273          1448
       84.281          1448
      84.3215          1448
      84.3296          1448
      84.3377          1448
      84.3457          1448
      84.3862          1448
      84.3943          1448
      84.4023          1448
      84.4104          1448
      84.4509          1448
      84.4589          1448
       84.467          1448
      84.4751          1448
      84.5155          1448
      84.5236          1448
      84.5317          1448
      84.5398          1448
      84.5802          1448
      84.5883          1448
      84.5964          1448
      84.6045          1448
      84.6449          1448
       84.653          1448
      84.6611          1448
      84.6692          1448
      84.7096          1448
      84.7177          1448
      84.7258          1448
      84.7339          1448
      84.7743          1448
      84.7824          1448
      84.7905          1448
      84.7986          1448
       84.839          1448
      84.8471          1448
      84.8552          1448
      84.8632          1448
      84.9037          1448
      84.9118          1448
      84.9199          1448
      84.9279          1448
      84.9684          1448
      84.9765          1448
      84.9845          1448
      84.9926          1448
      85.0353          1448
      85.0441          1448
       85.053          1448
      85.0618          1448
       85.106          1448
      85.1148          1448
      85.1237          1448
      85.1325          1448
      85.1767          1448
      85.1855          1448
      85.1943          1448
      85.2032          1448
      85.2474          1448
      85.2562          1448
       85.265          1448
      85.2739          1448
       85.318          1448
      85.3269          1448
      85.3357          1448
      85.3445          1448
      85.3887          1448
      85.3976          1448
      85.4064          1448
      85.4152          1448
      85.4594          1448
      85.4682          1448
      85.4771          1448
      85.4859          1448
      85.5301          1448
      85.5389          1448
      85.5478          1448
      85.5566          1448
      85.6008          1448
      85.6096          1448
      85.6184          1448
      85.6273          1448
      85.6714          1448
      85.6803          1448
      85.6891          1448
       85.698          1448
      85.7421          1448
       85.751          1448
      85.7598          1448
      85.7686          1448
      85.8113          1185
      85.8737          1448
      85.8826          1448
      85.8914          1448
      85.9003          1448
      85.9444          1448
      85.9533          1448
      85.9621          1448
      85.9709          1448
      86.0151          1448
      86.0264          1448
      86.0376          1448
      86.0489          1448
      86.0939          1448
      86.1052          1448
      86.1277          1448
      86.1503          1448
      86.1728          1448
      86.1953          1448
      86.2178          1448
      86.2403          1448
      86.2629          1448
      86.2854          1448
      86.3079          1448
      86.3304          1448
       86.353          1448
      86.3755          1448
       86.398          1448
      86.4205          1448
       86.443          1448
      86.4656          1448
      86.4881          1448
      86.5106          1448
      86.5331          1448
      86.5557          1448
      86.5782          1448
      86.6007          1448
      86.6232          1448
      86.6458          1448
      86.6683          1448
      86.6908          1448
      86.7133          1448
      86.7358          1448
      86.7584          1448
      86.7809          1448
      86.8034          1448
      86.8259          1448
      86.8485          1448
       86.871          1448
      86.8935          1448
       86.916          1448
      86.9386          1448
      86.9611          1448
      86.9836          1448
      87.0061          1448
      87.0272          1448
       87.047          1448
      87.0667          1448
      87.0864          1448
      87.1061          1448
      87.1258          1448
      87.1455          1448
      87.1652          1448
       87.185          1448
      87.2047          1448
      87.2244          1448
      87.2441          1448
      87.2638          1448
      87.2835          1448
      87.3032          1448
       87.323          1448
      87.3427          1448
      87.3624          1448
      87.3821          1448
      87.5398         11584
      87.5792          1448
      87.5929          1448
      87.6028          1448
      87.6461          1448
      87.6559          1448
      87.6658          1448
      87.7052          1448
      87.7151          1448
      87.7249          1448
      87.7348          1448
      87.7841          1448
      87.7939          1448
      87.8038          1448
      87.8136          1448
      87.8629          1448
      87.8728          1448
      87.8827          1448
      87.8925          1448
      87.9418          1448
      87.9517          1448
      87.9615          1448
      87.9714          1448
      88.0192          1448
      88.0276          1448
      88.0359          1448
      88.0443          1448
      88.0695          1448
      88.0946          1448
       88.103          1448
      88.1197          1448
      88.1365          1448
      88.1616          1448
        88.17          1448
      88.1868          1448
      88.2035          1448
      88.2287          1448
       88.237          1448
      88.2538          1448
      88.2706          1448
      88.2957          1448
      88.3041          1448
      88.3208          1448
      88.3376          1448
      88.3627          1448
      88.3711          1448
      88.3879          1448
      88.4046          1448
      88.4214          1448
      88.4381          1448
      88.4549          1448
      88.4717          1448
      88.4884          1448
      88.5052          1448
      88.5219          1448
      88.6392         11584
      88.6825          1448
      88.6909          1448
      88.6993          1448
      88.7425          1448
      88.7509          1448
      88.7942          1448
      88.8026          1448
      88.8458          1448
      88.8542          1448
      88.8626          1448
      88.9059          1448
      88.9142          1448
      88.9226          1448
       88.931          1448
      88.9729          1448
      88.9813          1448
      88.9896          1448
       88.998          1448
      89.0546          1448
      89.0678          1448
      89.0811          1448
      89.1209          1448
      89.1474          1448
      89.1739          1448
      89.2005          1448
       89.227          1448
      89.3994         10136
      89.4559          1448
      89.4692          1448
      89.4825          1448
      89.5257          1448
       89.539          1448
      89.5823          1448
      89.5955          1448
      89.6388          1448
       89.652          1448
      89.6953          1448
      89.7086          1448
      89.7616          1448
      89.7749          1448
      89.7882          1448
      89.8412          1448
      89.8545          1448
       89.881          1448
      89.9075          1448
       89.934          1448
      89.9606          1448
      89.9871          1448
      90.0136          1448
      90.0325          1448
      90.0515          1448
      90.0704          1448
      90.0798          1448
      90.1082          1448
      90.1177          1448
      90.1461          1448
      90.1555          1448
      90.1839          1448
      90.1934          1448
      90.2218          1448
      90.2312          1448
      90.2596          1448
      90.2691          1448
      90.2975          1448
      90.3069          1448
      90.3353          1448
      90.3448          1448
      90.3732          1448
      90.3826          1448
      90.4084          1042
      90.4732          1448
      90.4826          1448
       90.511          1448
      90.5205          1448
      90.5489          1448
      90.5583          1448
      90.5867          1448
      90.5962          1448
      90.6246          1448
       90.634          1448
      90.6489          1448
      90.6584          1448
      90.6868          1448
      90.6962          1448
      90.7246          1448
      90.7341          1448
      90.7625          1448
      90.7719          1448
      90.8003          1448
      90.8098          1448
      90.8381          1448
      90.8476          1448
       90.876          1448
      90.8854          1448
      90.9138          1448
      90.9233          1448
      90.9517          1448
      90.9611          1448
      90.9895          1448
       90.999          1448
      91.0306          1448
      91.0417          1448
       91.075          1448
       91.086          1448
      91.1082          1448
      91.1304          1448
      91.1526          1448
      91.1747          1448
      91.1969          1448
      91.2191          1448
      91.2412          1448
      91.2634          1448
      91.2856          1448
      91.3077          1448
      91.3299          1448
      91.3521          1448
      91.3742          1448
      91.3964          1448
      91.4186          1448
      91.4408          1448
      91.4629          1448
      91.4851          1448
      91.5073          1448
      91.5294          1448
      91.5516          1448
      91.5738          1448
      91.5959          1448
      91.6181          1448
      91.6403          1448
      91.6625          1448
      91.6846          1448
      91.7068          1448
       91.729          1448
      91.7511          1448
      91.7733          1448
      91.7955          1448
      91.8176          1448
      91.8398          1448
       91.862          1448
      91.8842          1448
      91.9063          1448
      91.9285          1448
      91.9507          1448
      91.9728          1448
       91.995          1448
      92.0172          1448
      92.0561          1448
      92.0949          1448
      92.1338          1448
      92.1727          1448
      92.2116          1448
      92.2505          1448
      92.2894          1448
      92.3283          1448
      92.3672          1448
       92.406          1448
      92.4449          1448
      92.4838          1448
      92.5227          1448
      92.5616          1448
      92.6005          1448
      92.8727         10136
      92.9116          1448
      92.9699          1448
      92.9893          1448
      93.0276          1448
      93.0371          1448
      93.0803          1448
      93.0897          1448
      93.1424          1448
      93.1519          1448
      93.1613          1448
      93.2084          1448
      93.2178          1448
      93.2273          1448
      93.2367          1448
      93.2838          1448
      93.2932          1448
      93.3026          1448
      93.3121          1448
      93.3592          1448
      93.3686          1448
       93.378          1448
      93.3875          1448
      93.4346          1448
       93.444          1448
      93.4534          1448
      93.4629          1448
        93.51          1448
      93.5194          1448
      93.5383          1448
      93.5571          1448
       93.576          1448
      93.5948          1448
      93.6137          1448
      93.6325          1448
      93.6513          1448
      93.6702          1448
       93.689          1448
      93.7079          1448
      93.7267          1448
      93.7456          1448
      93.7644          1448
      93.7833          1448
      93.8021          1448
       93.821          1448
      93.8398          1448
      93.8587          1448
      93.8775          1448
      93.8964          1448
      93.9152          1448
      93.9341          1448
      93.9529          1448
      93.9718          1448
      93.9906          1448
      94.0095          1448
      94.0425          1448
      94.0756          1448
      94.1086          1448
      94.1417          1448
      94.1748          1448
      94.4061         10136
      94.4392          1448
      94.4888          1448
      94.5053          1448
      94.5549          1448
      94.5714          1448
       94.621          1448
      94.6375          1448
      94.7037          1448
      94.7202          1448
      94.7532          1448
      94.7863          1448
      94.8194          1448
      94.8524          1448
      94.8855          1448
      94.9185          1448
      94.9516          1448
      94.9846          1448
      95.0177          1448
      95.0401          1448
      95.0624          1448
      95.0848          1448
      95.1072          1448
      95.1296          1448
      95.2862         10136
      95.3183          1448
      95.3407          1448
      95.3519          1448
      95.3951          1448
      95.4063          1448
      95.4175          1448
      95.4511          1448
      95.4623          1448
      95.4734          1448
      95.4846          1448
      95.5182          1448
      95.5294          1448
      95.5406          1448
      95.5518          1448
      95.5965          1448
      95.6077          1448
      95.6189          1448
      95.6525          1448
      95.6748          1448
      95.6972          1448
      95.7196          1448
       95.742          1448
      95.7643          1448
      95.7867          1448
      95.8091          1448
      95.8315          1448
      95.8538          1448
      95.8762          1448
      95.8928           670
       95.953          1448
      95.9642          1448
      95.9978          1448
      96.0206          1448
      96.0438          1448
      96.2063         10136
      96.2528          1448
       96.276          1448
      96.2876          1448
      96.3309          1448
      96.3425          1448
      96.3858          1448
      96.3974          1448
      96.4438          1448
      96.4554          1448
      96.5135          1448
      96.5251          1448
      96.5367          1448
      96.5831          1448
      96.5947          1448
       96.618          1448
      96.6412          1448
      96.6644          1448
      96.6876          1448
      96.7108          1448
      96.7341          1448
      96.7573          1448
      96.7805          1448
      96.8037          1448
      96.8269          1448
      96.8502          1448
      96.8734          1448
      96.8966          1448
      96.9198          1448
       96.943          1448
      96.9663          1448
      97.1393         10136
        97.19          1448
      97.2026          1448
      97.2153          1448
      97.2659          1448
      97.2786          1448
      97.3219          1448
      97.3345          1448
      97.3778          1448
      97.3904          1448
      97.4031          1448
      97.4411          1448
      97.4538          1448
      97.4664          1448
      97.4791          1448
      97.5297          1448
      97.5424          1448
       97.555          1448
       97.593          1448
      97.6184          1448
      97.6437          1448
       97.669          1448
      97.6943          1448
      97.7196          1448
       97.745          1448
      97.7703          1448
      97.7956          1448
      97.8209          1448
      97.8463          1448
      98.0227         10136
      98.0583          1448
      98.0779          1448
      98.0897          1448
      98.1372          1448
       98.149          1448
      98.1923          1448
      98.2042          1448
      98.2474          1448
      98.2593          1448
      98.3026          1448
      98.3144          1448
      98.3263          1448
      98.3737          1448
      98.3856          1448
      98.3974          1448
       98.433          1448
      98.4568          1448
      98.4805          1448
      98.5042          1448
      98.5279          1448
      98.5517          1448
      98.5754          1448
      98.5991          1448
      98.6228          1448
      98.6465          1448
      98.6703          1448
       98.694          1448
      98.7177          1448
      98.7414          1448
      98.7652          1448
      98.9312         10136
      98.9668          1448
      98.9864          1448
      98.9982          1448
      99.0475          1448
      99.0599          1448
      99.1032          1448
      99.1157          1448
      99.1589          1448
      99.1714          1448
      99.2147          1448
      99.2271          1448
      99.2396          1448
      99.2895          1448
      99.3019          1448
      99.3144          1448
      99.3518          1448
      99.3767          1448
      99.4016          1448
      99.4266          1448
      99.4515          1448
      99.4764          1448
      99.5014          1448
      99.5263          1448
      99.5512          1448
      99.5761          1448
      99.6011          1448
      99.6175           424
      99.6798          1448
      99.6923          1448
      99.7297          1448
      99.7546          1448
      99.7795          1448
      99.9541         10136
      99.9849          1448
       100.01          1448
       100.02          1448
      100.064          1448
      100.074          1448
      100.118          1448
      100.128          1448
      100.172          1448
      100.182          1448
      100.225          1448
      100.236          1448
      100.247          1448
      100.279          1448
       100.29          1448
      100.301          1448
      100.311          1448
      100.354          1448
      100.365          1448
      100.375          1448
      100.386          1448
      100.439          1448
       100.45          1448
      100.461          1448
      100.471          1448
      100.525          1448
      100.535          1448
      100.546          1448
      100.557          1448
       100.61          1448
      100.621          1448
      100.631          1448
      100.642          1448
      100.674          1448
      100.695          1448
      100.717          1448
      100.738          1448
      100.759          1448
      100.781          1448
      100.802          1448
      100.823          1448
      100.845          1448
      100.866          1448
      100.887          1448
      100.908          1448
       100.93          1448
      100.951          1448
      100.972          1448
      100.994          1448
      101.015          1448
      101.032          1448
      101.049          1448
      101.066          1448
      101.083          1448
      101.101          1448
      101.118          1448
      101.135          1448
      101.152          1448
      101.169          1448
      101.186          1448
      101.203          1448
       101.22          1448
      101.237          1448
      101.254          1448
      101.271          1448
      101.289          1448
      101.306          1448
      101.323          1448
       101.34          1448
      101.357          1448
      101.374          1448
      101.391          1448
      101.408          1448
      101.425          1448
      101.442          1448
       101.46          1448
      101.477          1448
      101.494          1448
      101.511          1448
      101.528          1448
      101.545          1448
      101.562          1448
      101.579          1448
      101.596          1448
      101.613          1448
       101.63          1448
      101.648          1448
      101.665          1448
      101.682          1448
      101.699          1448
      101.716          1448
      101.733          1448
       101.75          1448
      101.767          1448
      101.784          1448
      101.801          1448
      101.818          1448
      101.836          1448
      101.853          1448
       101.87          1448
      101.887          1448
      101.904          1448
      101.921          1448
      101.938          1448
      101.955          1448
      101.972          1448
      101.989          1448
      102.006          1448
      102.028          1448
      102.055          1448
      102.082          1448
      102.108          1448
      102.135          1448
      102.162          1448
      102.335         10136
      102.392          1448
      102.405          1448
      102.419          1448
      102.462          1448
      102.475          1448
      102.519          1448
      102.532          1448
      102.575          1448
      102.589          1448
      102.602          1448
      102.655          1448
      102.669          1448
      102.682          1448
      102.722          1448
      102.749          1448
      102.776          1448
      102.802          1448
      102.825           968
      102.899          1448
      102.912          1448
      102.952          1448
      102.979          1448
      103.006          1448
      103.033          1448
       103.06          1448
      103.088          1448
      103.253         10136
      103.307          1448
      103.321          1448
      103.335          1448
      103.378          1448
      103.392          1448
      103.435          1448
      103.449          1448
      103.504          1448
      103.518          1448
      103.531          1448
      103.586          1448
        103.6          1448
      103.627          1448
      103.655          1448
      103.682          1448
       103.71          1448
      103.737          1448
      103.765          1448
      103.792          1448
       103.82          1448
      103.847          1448
      103.875          1448
      103.902          1448
       103.93          1448
      103.957          1448
      103.984          1448
      104.372          7240
      104.622          5792
      104.783          1448
      104.823          1448
      104.903          1448
      104.983          1448
       105.04          1448
      105.251          8688
      105.303          1448
      105.338          1448
      105.356          1448
      105.426          1448
      105.443          1448
      105.478          1448
      105.513          1448
      105.531          1448
      105.548          1448
      105.566          1448
      105.601          1448
      105.618          1448
      105.636          1448
      105.654          1448
      105.689          1448
      105.706          1448
      105.724          1448
      105.741          1448
      105.776          1448
      105.794          1448
      105.811          1448
      105.829          1448
      105.881          1448
      105.916          1448
      105.934          1448
      105.986          1448
      106.004          1448
      106.021          1448
      106.055          1448
      106.078          1448
      106.089          1448
      106.123          1448
      106.146          1448
      106.169          1448
      106.191          1448
      106.214          1448
      106.237          1448
      106.259          1448
      106.282          1448
      106.305          1448
      106.327          1448
       106.35          1448
      106.373          1448
      106.395          1448
      106.418          1448
      106.441          1448
      106.463          1448
      106.486          1448
      106.509          1448
      106.531          1448
      106.554          1448
      106.577          1448
      106.599          1448
      106.622          1448
      106.645          1448
      106.667          1448
       106.69          1448
      106.702          1448
      106.724          1448
      106.736          1448
       106.77          1448
      106.781          1448
      106.792          1448
      106.804          1448
      106.849          1448
       106.86          1448
      106.872          1448
      106.906          1448
      106.928          1448
      106.951          1448
      106.974          1448
      106.996          1448
      107.019          1448
      107.041          1448
      107.064          1448
      107.086          1448
      107.109          1448
      107.131          1448
      107.154          1448
      107.176          1448
      107.199          1448
      107.222          1448
      107.244          1448
      107.267          1448
      107.289          1448
      107.312          1448
      107.326           424
      107.383          1448
      107.394          1448
      107.428          1448
       107.45          1448
      107.473          1448
      107.495          1448
      107.518          1448
       107.54          1448
      107.563          1448
      107.585          1448
      107.608          1448
      107.631          1448
      107.653          1448
      107.676          1448
      107.698          1448
      107.721          1448
      107.743          1448
      107.754          1448
      107.777          1448
      107.788          1448
      107.822          1448
      107.833          1448
      107.845          1448
      107.856          1448
       107.89          1448
      107.901          1448
      107.912          1448
      107.923          1448
      107.957          1448
      107.968          1448
       107.98          1448
      107.991          1448
      108.037          1448
      108.049          1448
      108.061          1448
      108.096          1448
       108.12          1448
      108.143          1448
      108.167          1448
       108.19          1448
      108.214          1448
      108.237          1448
      108.261          1448
      108.285          1448
      108.308          1448
      108.332          1448
      108.355          1448
      108.379          1448
      108.403          1448
      108.426          1448
       108.45          1448
      108.473          1448
      108.638         10136
       108.67          1448
      108.705          1448
      108.717          1448
       108.76          1448
      108.772          1448
      108.815          1448
      108.827          1448
       108.87          1448
      108.882          1448
      108.937          1448
      108.949          1448
      108.961          1448
      109.008          1448
      109.031          1448
      109.076          1448
      109.121          1448
      109.166          1448
      109.407          8688
      109.452          1448
      109.475          1448
      109.497          1448
      109.565          1448
       109.61          1448
      109.655          1448
        109.7          1448
      109.745          1448
       109.79          1448
      109.835          1448
       109.88          1448
      109.925          1448
       109.97          1448
      110.015          1448
      110.055          1448
      110.114          1448
      110.134          1448
      110.193          1448
      110.213          1448
      110.273          1448
      110.293          1448
      110.352          1448
      110.372          1448
      110.431          1448
      110.451          1448
      110.511          1448
      110.531          1448
       110.59          1448
       110.61          1448
      110.669          1448
      110.689          1448
      110.749          1448
      110.769          1448
      110.828          1448
      110.848          1448
      110.907          1448
      110.927          1448
      110.987          1448
      111.006          1448
      111.045          1448
      111.055          1448
      111.098          1448
      111.107          1448
      111.151          1448
       111.16          1448
      111.203          1448
      111.213          1448
      111.256          1448
      111.266          1448
      111.309          1448
      111.318          1448
      111.362          1448
      111.371          1448
      111.414          1448
      111.424          1448
      111.467          1448
      111.476          1448
       111.52          1448
      111.529          1448
      111.572          1448
      111.582          1448
      111.625          1448
      111.635          1448
      111.678          1448
      111.687          1448
      111.731          1448
       111.74          1448
       111.78           968
      111.836          1448
      111.846          1448
      111.855          1448
      111.898          1448
      111.908          1448
      111.951          1448
       111.96          1448
      112.004          1448
      112.013          1448
      112.058          1448
      112.069          1448
      112.112          1448
      112.124          1448
      112.135          1448
      112.179          1448
       112.19          1448
      112.201          1448
      112.234          1448
      112.257          1448
      112.279          1448
      112.301          1448
      112.323          1448
      112.345          1448
      112.367          1448
       112.39          1448
      112.412          1448
      112.434          1448
      112.456          1448
      112.478          1448
        112.5          1448
      112.523          1448
      112.545          1448
      112.567          1448
      112.589          1448
      112.744         10136
      112.778          1448
      112.799          1448
       112.81          1448
      112.854          1448
      112.865          1448
      112.908          1448
       112.92          1448
      112.963          1448
      112.974          1448
      113.017          1448
      113.028          1448
      113.039          1448
      113.082          1448
      113.092          1448
      113.103          1448
      113.114          1448
      113.168          1448
      113.178          1448
      113.189          1448
        113.2          1448
      113.254          1448
      113.264          1448
      113.275          1448
      113.286          1448
       113.34          1448
       113.35          1448
      113.361          1448
      113.372          1448
      113.404          1448
      113.426          1448
      113.447          1448
      113.469          1448
       113.49          1448
      113.512          1448
      113.533          1448
      113.555          1448
      113.576          1448
      113.598          1448
      113.619          1448
       113.64          1448
      113.662          1448
      113.683          1448
      113.705          1448
      113.726          1448
      113.748          1448
      113.769          1448
      113.791          1448
      113.812          1448
      113.834          1448
      113.855          1448
      113.877          1448
      113.898          1448
       113.92          1448
      113.941          1448
      113.963          1448
      113.984          1448
      114.006          1448
      114.032          1448
      114.063          1448
      114.094          1448
      114.125          1448
      114.342         10136
      114.373          1448
      114.404          1448
       114.42          1448
      114.463          1448
      114.479          1448
      114.494          1448
      114.541          1448
      114.572          1448
      114.587          1448
      114.634          1448
      114.649          1448
      114.665          1448
      114.711          1448
      114.742          1448
      114.773          1448
      114.804          1448
      114.835          1448
      114.866          1448
      114.897          1448
      114.928          1448
      114.959          1448
       114.99          1448
      115.021          1448
      115.035          1448
      115.049          1448
      115.063          1448
      115.077          1448
      115.098          1448
      115.105          1448
      115.126          1448
      115.133          1448
      115.153          1448
       115.16          1448
      115.181          1448
      115.188          1448
      115.209          1448
      115.216          1448
      115.237          1448
      115.239           424
      115.289          1448
      115.296          1448
       115.31          1448
      115.324          1448
      115.338          1448
      115.352          1448
      115.359          1448
       115.38          1448
      115.387          1448
      115.408          1448
      115.415          1448
      115.435          1448
      115.442          1448
      115.463          1448
       115.47          1448
      115.491          1448
      115.498          1448
      115.519          1448
      115.526          1448
      115.547          1448
      115.554          1448
      115.575          1448
      115.582          1448
      115.602          1448
      115.609          1448
       115.63          1448
      115.637          1448
      115.658          1448
      115.665          1448
      115.686          1448
      115.693          1448
      115.714          1448
      115.721          1448
      115.742          1448
      115.749          1448
      115.769          1448
      115.776          1448
      115.797          1448
      115.804          1448
      115.825          1448
      115.832          1448
      115.853          1448
       115.86          1448
      115.881          1448
      115.888          1448
      115.909          1448
      115.916          1448
      115.936          1448
      115.943          1448
      115.964          1448
      115.971          1448
      115.992          1448
      115.999          1448
      116.024          1448
      116.035          1448
      116.069          1448
      116.091          1448
      116.114          1448
      116.136          1448
      116.158          1448
      116.315         10136
       116.36          1448
      116.371          1448
      116.382          1448
      116.427          1448
      116.438          1448
      116.493          1448
      116.504          1448
       116.56          1448
      116.571          1448
      116.627          1448
      116.638          1448
      116.649          1448
      116.694          1448
      116.705          1448
      116.728          1448
       116.75          1448
      116.772          1448
      116.795          1448
      116.817          1448
      116.839          1448
      116.862          1448
      116.884          1448
      116.907          1448
      116.929          1448
      116.951          1448
      116.974          1448
      116.996          1448
      117.019          1448
      117.042          1448
      117.065          1448
      117.228         10136
      117.259          1448
      117.276           620
      120.349          1448
      120.361          1448
      120.399          1448
      120.436          1448
      120.449          1448
      120.473          1448
      120.492          1448
      120.504          1448
      120.517          1448
      120.554          1448
      120.579          1448
      120.604          1448
      120.629          1448
      120.654          1448
      120.828          8688
      120.996          5792
       121.06          1448
      121.069          1448
      121.077          1448
       121.12          1448
      121.129          1448
       121.18          1448
      121.189          1448
       121.24          1448
      121.249          1448
      121.257          1448
      121.301          1448
      121.309          1448
      121.317          1448
      121.326          1448
      121.368          1448
      121.376          1448
      121.385          1448
      121.393          1448
      121.435          1448
      121.444          1448
      121.452          1448
      121.461          1448
      121.469          1448
      121.511          1448
       121.52          1448
      121.536          1448
      121.545          1448
      121.578          1448
      121.587          1448
      121.604          1448
      121.612          1448
      121.646          1448
      121.654          1448
      121.671          1448
       121.68          1448
      121.713          1448
      121.722          1448
      121.738          1448
      121.747          1448
      121.781          1448
      121.789          1448
      121.806          1448
      121.814          1448
      121.839          1448
      121.856          1448
      121.873          1448
       121.89          1448
      121.907          1448
      121.924          1448
      121.941          1448
      122.076         11584
      122.111          1448
      122.128          1448
      122.137          1448
       122.18          1448
      122.188          1448
      122.232          1448
       122.24          1448
      122.284          1448
      122.292          1448
      122.301          1448
      122.335          1448
      122.344          1448
      122.352          1448
      122.361          1448
      122.404          1448
      122.412          1448
      122.421          1448
      122.429          1448
      122.472          1448
      122.481          1448
      122.489          1448
      122.498          1448
       122.54          1448
      122.549          1448
      122.558          1448
      122.566          1448
      122.575          1448
      122.617          1448
      122.626          1448
      122.643          1448
      122.652          1448
      122.686          1448
      122.694          1448
      122.711          1448
       122.72          1448
      122.738           200
      122.797          1448
      122.806          1448
      122.832          1448
       122.84          1448
      122.866          1448
      122.874          1448
        122.9          1448
      122.908          1448
      122.934          1448
      122.951          1448
      122.968          1448
      123.191          8688
      123.438          5792
      123.501          1448
      123.521          1448
      123.541          1448
      123.601          1448
      123.621          1448
      123.702          1448
      123.722          1448
      123.762          1448
      123.802          1448
      123.842          1448
      123.882          1448
      123.922          1448
      123.962          1448
      124.002          1448
      124.043          1448
      124.315         10136
      124.384          1448
      124.405          1448
      124.426          1448
       124.51          1448
      124.531          1448
      124.593          1448
      124.614          1448
      124.677          1448
      124.698          1448
      124.781          1448
      124.802          1448
      124.844          1448
      124.886          1448
      124.928          1448
       124.97          1448
      125.011          1448
      125.091          1448
      125.172          1448
      125.572          5792
      125.822          5792
      125.905          1448
      125.945          1448
      126.026          1448
      126.075          1448
      126.124          1448
      126.174          1448
      126.223          1448
      126.273          1448
      126.322          1448
      126.372          1448
      126.619          7240
      126.965          5792
       127.02          1448
      127.026          1448
      127.032          1448
      127.075          1448
      127.081          1448
      127.124          1448
       127.13          1448
      127.173          1448
      127.179          1448
      127.223          1448
      127.228          1448
      127.276          1448
      127.282          1448
      127.331          1448
      127.337          1448
      127.343          1448
      127.386          1448
      127.392          1448
      127.393           372
      127.443          1448
      127.448          1448
      127.454          1448
       127.46          1448
      127.497          1448
      127.503          1448
      127.509          1448
      127.515          1448
      127.552          1448
      127.558          1448
      127.564          1448
       127.57          1448
      127.607          1448
      127.613          1448
      127.619          1448
      127.625          1448
      127.662          1448
      127.668          1448
      127.674          1448
       127.68          1448
      127.717          1448
      127.723          1448
      127.729          1448
      127.735          1448
      127.772          1448
      127.778          1448
      127.784          1448
       127.79          1448
      127.827          1448
      127.833          1448
      127.839          1448
      127.845          1448
      127.882          1448
      127.888          1448
      127.894          1448
        127.9          1448
      127.937          1448
      127.943          1448
      127.949          1448
      127.954          1448
      127.992          1448
      127.998          1448
      128.004          1448
      128.009          1448
      128.047          1448
      128.053          1448
      128.058          1448
      128.064          1448
      128.102          1448
      128.107          1448
      128.113          1448
      128.119          1448
      128.157          1448
      128.162          1448
      128.168          1448
      128.174          1448
      128.211          1448
      128.217          1448
      128.223          1448
      128.229          1448
      128.266          1448
      128.272          1448
      128.278          1448
      128.284          1448
      128.321          1448
      128.327          1448
      128.333          1448
      128.339          1448
      128.376          1448
      128.382          1448
      128.388          1448
      128.394          1448
      128.431          1448
      128.437          1448
      128.443          1448
      128.449          1448
      128.486          1448
      128.492          1448
      128.498          1448
      128.503          1448
      128.541          1448
      128.547          1448
      128.552          1448
      128.558          1448
      128.596          1448
      128.602          1448
      128.607          1448
      128.613          1448
      128.651          1448
      128.656          1448
      128.662          1448
      128.668          1448
      128.706          1448
      128.711          1448
      128.717          1448
      128.723          1448
       128.76          1448
      128.766          1448
      128.772          1448
      128.778          1448
      128.815          1448
      128.821          1448
      128.827          1448
      128.833          1448
       128.87          1448
      128.876          1448
      128.882          1448
      128.888          1448
      128.893          1448
      128.925          1448
      128.931          1448
      128.937          1448
      128.943          1448
      128.978          1448
      128.984          1448
       128.99          1448
      128.996          1448
      130.283          1448
      130.367          5792
      130.434          1448
      130.436           284
      133.507          1448
      133.518          1448
       133.54          1448
      133.585          1448
      133.596          1448
      133.651          1448
      133.662          1448
      133.718          1448
      133.729          1448
      133.773          1448
      133.784          1448
      133.795          1448
      133.829          1448
       133.84          1448
      133.851          1448
      133.862          1448
      133.895          1448
      133.906          1448
      133.917          1448
      133.928          1448
      133.973          1448
      133.984          1448
      134.006          1448
      134.024          1448
      134.047          1448
      134.054          1448
      134.076          1448
      134.084          1448
      134.106          1448
      134.114          1448
      134.136          1448
      134.143          1448
      134.166          1448
      134.173          1448
      134.195          1448
      134.203          1448
      134.225          1448
      134.232          1448
      134.255          1448
      134.262          1448
      134.284          1448
      134.292          1448
      134.314          1448
      134.321          1448
      134.344          1448
      134.351          1448
      134.373          1448
      134.388          1448
      134.403          1448
      134.418          1448
      134.433          1448
      134.448          1448
      134.463          1448
      134.477          1448
      134.492          1448
      134.505          1000
      134.565          1448
      134.573          1448
      134.595          1448
       134.61          1448
      134.625          1448
       134.64          1448
      134.654          1448
      134.669          1448
      134.788         11584
      134.824          1448
      134.839          1448
      134.846          1448
      134.889          1448
      134.897          1448
      134.941          1448
      134.949          1448
          135          1448
      135.007          1448
      135.014          1448
      135.068          1448
      135.077          1448
      135.096          1448
      135.115          1448
      135.143          1448
      135.152          1448
      135.181          1448
       135.19          1448
      135.218          1448
      135.228          1448
      135.243          1448
      135.252          1448
      135.262          1448
      135.281          1448
       135.29          1448
      135.318          1448
      135.328          1448
      135.347          1448
      135.365          1448
      135.384          1448
      135.403          1448
      135.422          1448
      135.441          1448
       135.46          1448
      135.478          1448
      135.497          1448
      135.516          1448
      135.535          1448
      135.552          1168
      138.607          1448
      138.619          1448
      138.642          1448
      138.665          1448
      138.688          1448
      138.711          1448
      138.729          1448
      138.741          1448
      138.926         13032
      139.045          8688
      139.063          1448
      139.082          1448
        139.1          1448
      139.106          1448
      139.113          1448
      139.131          1448
      139.137          1448
      139.162          1448
      139.168          1448
      139.181          1448
      139.187          1448
      139.218          1448
      139.224          1448
       139.23          1448
      139.236          1448
      139.242          1448
      139.273          1448
      139.279          1448
      139.286          1448
      139.292          1448
      139.298          1448
      139.304          1448
      139.335          1448
      139.341          1448
      139.347          1448
      139.353          1448
       139.36          1448
      139.366          1448
      139.397          1448
      139.403          1448
      139.409          1448
      139.415          1448
      139.419          1000
      142.482          1448
       142.49          1448
      142.499          1448
      142.524          1448
      142.541          1448
      142.558          1448
      142.574          1448
      142.743         10136
      142.778          7240
      142.795          1448
      142.803          1448
       142.82          1448
      142.829          1448
      142.838          1448
      142.855          1448
      142.863          1448
      142.881          1448
       142.89          1448
      142.906          1448
      142.915          1448
      142.949          1448
      142.957          1448
      142.965          1448
      142.974          1448
      142.982          1448
      143.018          1448
      143.029          1448
      143.051          1448
      143.073          1448
      143.094          1448
      143.116          1448
      143.138          1448
      143.312          8688
      143.398          7240
       143.42          1448
      143.451          1168
      143.507          1448
      143.518          1448
      143.528          1448
      143.539          1448
      143.572          1448
      143.583          1448
      143.594          1448
      143.604          1448
      143.637          1448
      143.648          1448
      143.659          1448
       143.67          1448
      143.702          1448
      143.713          1448
      143.724          1448
      143.735          1448
      143.778          1448
      143.789          1448
        143.8          1448
      143.833          1448
      143.854          1448
      143.876          1448
      144.057         10136
      144.137          1448
      144.218          1448
      144.298          1448
      144.378          1448
      144.458          1448
      144.538          1448
      144.618          1448
      144.979          8688
      145.019          1448
       145.06          1448
      145.081          1448
      145.145          1448
      145.187          1448
       145.25          1448
      145.271          1448
      145.334          1448
      145.354          1448
      145.417          1448
      145.438          1448
      145.522          1448
      145.543          1448
       145.62          1000
      148.712          1448
       148.73          1448
      148.766          1448
       148.82          1448
      148.838          1448
      148.874          1448
       148.91          1448
      148.946          1448
      148.982          1448
      149.338          4344
